customer_id,gender,senior_citizen,tenure_months,contract,internet_service,online_security,tech_support,paperless_billing,payment_method,monthly_charges,total_charges,num_support_calls,churn
CUST-10000,Male,0,24,Two year,Fiber optic,Yes,No,No,Electronic check,95.65,2086.89,2,No
CUST-10001,Female,0,21,Month-to-month,Fiber optic,Yes,No,Yes,Credit card,89.48,1760.33,4,No
CUST-10002,Female,1,20,Month-to-month,DSL,No,No,No,Bank transfer,79.75,1623.45,2,No
CUST-10003,Male,0,8,Month-to-month,Fiber optic,No,No,Yes,Credit card,95.73,691.54,3,Yes
CUST-10004,Male,0,44,Month-to-month,DSL,No,Yes,No,Bank transfer,56.63,2436.1,4,No
CUST-10005,Female,0,62,One year,Fiber optic,No,Yes,Yes,Bank transfer,82.94,5098.89,2,No
CUST-10006,Male,1,17,Month-to-month,Fiber optic,No,Yes,Yes,Credit card,65.4,1137.42,3,No
CUST-10007,Female,1,54,Month-to-month,DSL,No,Yes,Yes,Electronic check,96.72,5332.46,5,Yes
CUST-10008,Male,0,72,Month-to-month,Fiber optic,Yes,Yes,Yes,Electronic check,69.54,4561.42,0,No
CUST-10009,Male,0,72,One year,No,No,Yes,Yes,Credit card,33.01,2381.66,0,No
CUST-10010,Female,0,60,Two year,DSL,Yes,No,Yes,Credit card,56.09,3427.67,3,No
CUST-10011,Female,0,9,Month-to-month,No,No,No,No,Bank transfer,32.91,271.24,5,Yes
CUST-10012,Female,0,9,Month-to-month,DSL,No,Yes,No,Mailed check,31.82,278.57,4,Yes
CUST-10013,Female,0,40,Month-to-month,DSL,No,No,Yes,Electronic check,78.34,3125.41,3,No
CUST-10014,Female,0,26,One year,Fiber optic,Yes,Yes,No,Bank transfer,84.47,2089.41,4,No
CUST-10015,Female,0,3,Month-to-month,DSL,No,No,Yes,Credit card,51.79,148.46,3,Yes
CUST-10016,Female,0,18,Month-to-month,No,No,Yes,No,Electronic check,18.0,296.6,3,Yes
CUST-10017,Male,0,39,One year,Fiber optic,No,Yes,Yes,Electronic check,94.65,3751.05,1,No
CUST-10018,Female,0,23,Month-to-month,Fiber optic,No,No,Yes,Electronic check,104.53,2249.27,3,Yes
CUST-10019,Male,0,26,One year,Fiber optic,No,No,No,Electronic check,86.24,2164.42,2,No
CUST-10020,Female,0,9,Month-to-month,Fiber optic,No,No,No,Bank transfer,40.61,357.22,6,Yes
CUST-10021,Male,0,18,Two year,Fiber optic,No,No,Yes,Electronic check,78.54,1290.8,2,No
CUST-10022,Male,0,40,Month-to-month,Fiber optic,No,Yes,Yes,Mailed check,108.48,4185.85,1,No
CUST-10023,Female,0,17,Month-to-month,No,No,No,No,Electronic check,18.33,287.58,3,No
CUST-10024,Female,1,57,Month-to-month,Fiber optic,No,Yes,Yes,Credit card,56.24,2996.76,1,Yes
CUST-10025,Female,0,26,Month-to-month,Fiber optic,Yes,Yes,Yes,Bank transfer,91.74,2274.19,2,No
CUST-10026,Male,1,35,One year,Fiber optic,No,Yes,Yes,Bank transfer,92.86,3163.87,3,No
CUST-10027,Female,1,39,Month-to-month,Fiber optic,No,Yes,Yes,Credit card,74.09,2788.83,2,No
CUST-10028,Female,0,38,Month-to-month,DSL,Yes,No,No,Electronic check,39.94,1382.32,1,No
CUST-10029,Male,0,11,One year,Fiber optic,Yes,No,No,Credit card,72.29,757.47,1,No
CUST-10030,Male,0,13,Month-to-month,Fiber optic,No,No,Yes,Electronic check,92.84,1093.31,2,Yes
CUST-10031,Male,0,3,One year,DSL,No,Yes,No,Mailed check,46.85,131.78,3,No
CUST-10032,Male,0,20,One year,No,No,Yes,Yes,Electronic check,28.89,527.36,1,No
CUST-10033,Female,0,12,Month-to-month,Fiber optic,No,No,Yes,Credit card,84.86,942.02,4,Yes
CUST-10034,Female,1,17,One year,DSL,Yes,Yes,Yes,Mailed check,60.34,1000.54,0,No
CUST-10035,Male,0,21,Two year,No,No,Yes,Yes,Electronic check,22.22,484.83,2,No
CUST-10036,Female,0,29,Two year,No,Yes,Yes,No,Mailed check,18.0,485.05,1,No
CUST-10037,Female,0,23,Month-to-month,No,No,No,No,Credit card,20.66,479.72,1,Yes
CUST-10038,Male,0,22,Month-to-month,DSL,No,No,Yes,Electronic check,52.9,1054.97,3,No
CUST-10039,Female,0,33,Two year,Fiber optic,Yes,Yes,No,Electronic check,100.21,3142.73,2,No
CUST-10040,Male,0,25,One year,Fiber optic,No,No,Yes,Electronic check,82.4,1977.93,0,No
CUST-10041,Female,0,47,Month-to-month,Fiber optic,No,No,Yes,Electronic check,96.38,4150.32,1,No
CUST-10042,Female,0,25,Month-to-month,Fiber optic,No,Yes,Yes,Credit card,107.16,2667.01,2,Yes
CUST-10043,Male,0,68,One year,Fiber optic,No,Yes,Yes,Mailed check,77.64,4866.73,0,No
CUST-10044,Male,0,11,One year,Fiber optic,No,No,No,Electronic check,109.69,1230.87,2,Yes
CUST-10045,Female,0,20,Two year,No,No,No,No,Credit card,18.0,355.94,1,No
CUST-10046,Male,1,15,Two year,Fiber optic,Yes,No,No,Credit card,88.73,1345.82,0,No
CUST-10047,Female,0,29,Month-to-month,No,No,Yes,No,Credit card,25.68,688.56,3,No
CUST-10048,Female,0,11,One year,No,No,Yes,No,Electronic check,19.17,199.84,1,No
CUST-10049,Female,0,7,Month-to-month,DSL,Yes,No,Yes,Mailed check,58.88,414.59,3,No
CUST-10050,Female,0,13,Month-to-month,No,Yes,No,No,Credit card,18.0,226.51,0,No
CUST-10051,Male,0,7,Month-to-month,DSL,No,Yes,Yes,Electronic check,70.83,493.22,2,Yes
CUST-10052,Male,0,22,Two year,DSL,No,Yes,Yes,Mailed check,61.87,1309.37,0,No
CUST-10053,Male,1,29,Month-to-month,No,No,Yes,No,Credit card,18.0,522.43,3,No
CUST-10054,Male,0,6,Month-to-month,Fiber optic,Yes,No,Yes,Electronic check,80.12,478.9,0,No
CUST-10055,Male,0,19,Month-to-month,Fiber optic,No,No,Yes,Bank transfer,64.52,1158.39,2,No
CUST-10056,Female,0,51,Month-to-month,No,No,Yes,Yes,Credit card,35.14,1849.94,0,No
CUST-10057,Male,0,61,Month-to-month,Fiber optic,No,No,Yes,Bank transfer,81.57,5025.13,0,Yes
CUST-10058,Female,0,42,Month-to-month,DSL,Yes,No,No,Credit card,39.73,1518.69,4,No
CUST-10059,Female,0,2,Month-to-month,DSL,Yes,No,No,Credit card,80.08,145.05,3,Yes
CUST-10060,Female,0,27,Month-to-month,Fiber optic,Yes,Yes,Yes,Credit card,78.9,2146.13,3,No
CUST-10061,Female,0,55,Two year,DSL,No,No,No,Bank transfer,72.86,3986.34,3,No
CUST-10062,Male,0,17,One year,DSL,Yes,Yes,Yes,Electronic check,60.1,1061.24,0,No
CUST-10063,Female,0,9,Two year,No,No,No,No,Mailed check,24.15,217.66,3,No
CUST-10064,Male,0,52,Month-to-month,DSL,No,Yes,No,Credit card,79.44,3846.64,3,No
CUST-10065,Male,0,57,Month-to-month,Fiber optic,No,No,No,Electronic check,86.01,4442.99,2,Yes
CUST-10066,Female,0,25,Month-to-month,DSL,Yes,No,Yes,Electronic check,26.7,654.06,5,Yes
CUST-10067,Male,0,9,Two year,Fiber optic,No,Yes,Yes,Mailed check,91.84,805.47,1,No
CUST-10068,Male,0,5,Month-to-month,Fiber optic,No,No,No,Mailed check,70.2,365.24,3,No
CUST-10069,Male,1,32,Month-to-month,Fiber optic,Yes,No,No,Credit card,68.93,2219.49,2,No
CUST-10070,Female,0,15,Two year,DSL,No,No,Yes,Credit card,50.09,777.64,1,No
CUST-10071,Male,0,23,Two year,DSL,No,Yes,No,Electronic check,23.24,541.66,0,No
CUST-10072,Male,0,22,Month-to-month,DSL,Yes,Yes,Yes,Electronic check,72.51,1593.73,3,No
CUST-10073,Male,0,12,One year,DSL,No,No,No,Bank transfer,60.98,720.38,2,No
CUST-10074,Female,0,5,Month-to-month,Fiber optic,Yes,Yes,No,Electronic check,98.8,487.56,2,No
CUST-10075,Male,0,18,Month-to-month,DSL,Yes,No,Yes,Electronic check,59.11,1038.61,2,No
CUST-10076,Male,0,27,Month-to-month,DSL,Yes,Yes,Yes,Electronic check,60.38,1672.47,1,Yes
CUST-10077,Male,1,28,Two year,DSL,No,No,No,Electronic check,51.1,1338.17,1,No
CUST-10078,Female,0,14,Month-to-month,No,Yes,No,No,Bank transfer,20.67,300.21,4,No
CUST-10079,Female,1,56,One year,Fiber optic,No,No,Yes,Electronic check,82.61,4551.73,0,No
CUST-10080,Female,0,9,Month-to-month,Fiber optic,No,No,No,Bank transfer,92.07,800.13,2,Yes
CUST-10081,Male,0,48,One year,Fiber optic,Yes,No,No,Bank transfer,74.91,3349.81,2,No
CUST-10082,Male,0,27,One year,Fiber optic,Yes,No,Yes,Electronic check,89.53,2275.62,0,No
CUST-10083,Female,0,18,One year,DSL,Yes,No,Yes,Mailed check,29.23,519.56,5,No
CUST-10084,Female,0,35,Two year,Fiber optic,Yes,No,No,Electronic check,99.46,3212.24,2,No
CUST-10085,Female,0,21,One year,Fiber optic,No,No,Yes,Bank transfer,86.23,1630.64,1,No
CUST-10086,Male,0,7,One year,Fiber optic,No,No,No,Electronic check,88.51,581.72,2,Yes
CUST-10087,Male,0,9,Month-to-month,DSL,No,No,Yes,Credit card,50.14,426.73,2,No
CUST-10088,Female,0,20,Two year,No,No,No,Yes,Credit card,38.53,802.43,3,No
CUST-10089,Female,0,16,Month-to-month,Fiber optic,No,No,No,Mailed check,61.94,978.46,3,No
CUST-10090,Male,0,47,Month-to-month,DSL,No,No,No,Credit card,50.61,2285.37,4,No
CUST-10091,Female,1,15,Month-to-month,No,No,No,Yes,Mailed check,36.65,575.88,2,No
CUST-10092,Female,0,14,Month-to-month,DSL,Yes,No,Yes,Electronic check,64.26,859.28,2,No
CUST-10093,Male,0,13,One year,DSL,Yes,Yes,No,Electronic check,70.39,955.1,2,Yes
CUST-10094,Female,0,12,Month-to-month,DSL,No,No,No,Bank transfer,45.21,564.93,4,No
CUST-10095,Male,1,12,Month-to-month,No,No,No,Yes,Mailed check,29.97,360.92,4,Yes
CUST-10096,Male,0,8,Two year,DSL,No,No,Yes,Credit card,58.29,456.43,2,No
CUST-10097,Female,0,28,Two year,Fiber optic,No,No,No,Credit card,84.56,2422.7,0,No
CUST-10098,Female,1,22,Month-to-month,Fiber optic,No,No,No,Mailed check,115.71,2414.77,2,Yes
CUST-10099,Male,1,21,Two year,Fiber optic,Yes,Yes,No,Mailed check,125.48,2516.99,0,No
CUST-10100,Female,0,5,Month-to-month,Fiber optic,No,No,No,Electronic check,77.8,362.16,1,Yes
CUST-10101,Male,0,33,Month-to-month,DSL,No,Yes,No,Electronic check,73.64,2280.31,0,No
CUST-10102,Female,0,35,Two year,Fiber optic,Yes,No,No,Electronic check,95.4,3073.44,1,No
CUST-10103,Male,0,66,One year,Fiber optic,No,Yes,Yes,Bank transfer,71.31,4836.05,1,No
CUST-10104,Female,0,34,One year,Fiber optic,No,Yes,Yes,Electronic check,97.74,2991.37,1,No
CUST-10105,Female,0,72,Month-to-month,DSL,Yes,No,No,Credit card,47.22,3276.11,6,No
CUST-10106,Female,0,14,Month-to-month,Fiber optic,No,No,Yes,Credit card,90.57,1210.52,1,Yes
CUST-10107,Female,0,68,Month-to-month,Fiber optic,No,Yes,Yes,Electronic check,76.37,4975.73,3,No
CUST-10108,Male,0,34,Two year,Fiber optic,No,No,Yes,Bank transfer,73.18,2554.37,1,No
CUST-10109,Female,0,31,Month-to-month,Fiber optic,No,Yes,No,Mailed check,55.22,1751.4,0,Yes
CUST-10110,Male,1,21,Month-to-month,DSL,No,Yes,No,Mailed check,52.57,1103.41,5,No
CUST-10111,Female,0,18,Month-to-month,DSL,Yes,Yes,Yes,Bank transfer,58.87,1063.22,3,No
CUST-10112,Female,0,15,One year,DSL,Yes,Yes,No,Bank transfer,36.82,563.59,2,No
CUST-10113,Male,0,70,Month-to-month,Fiber optic,Yes,No,No,Bank transfer,90.22,6048.94,2,Yes
CUST-10114,Female,0,20,One year,DSL,No,No,No,Electronic check,39.51,764.58,0,No
CUST-10115,Female,0,35,Month-to-month,DSL,Yes,No,No,Electronic check,46.79,1533.99,3,No
CUST-10116,Male,0,40,Month-to-month,DSL,No,No,No,Credit card,64.46,2412.76,3,Yes
CUST-10117,Male,1,40,Month-to-month,DSL,No,Yes,Yes,Credit card,54.11,2251.55,2,No
CUST-10118,Male,0,28,Month-to-month,Fiber optic,No,No,No,Bank transfer,59.6,1692.25,8,No
CUST-10119,Male,1,67,One year,Fiber optic,Yes,No,No,Electronic check,70.34,4561.7,1,No
CUST-10120,Male,1,33,Two year,Fiber optic,No,No,No,Mailed check,85.74,2562.94,3,No
CUST-10121,Female,1,14,Month-to-month,Fiber optic,No,No,No,Mailed check,85.74,1214.08,1,Yes
CUST-10122,Female,0,18,Month-to-month,Fiber optic,No,Yes,No,Bank transfer,98.61,1850.07,3,No
CUST-10123,Male,1,6,Month-to-month,Fiber optic,Yes,Yes,No,Electronic check,115.95,722.83,5,Yes
CUST-10124,Female,0,30,Two year,No,Yes,Yes,Yes,Credit card,18.0,543.85,4,No
CUST-10125,Female,0,37,Two year,No,Yes,No,Yes,Credit card,21.52,793.89,0,No
CUST-10126,Male,0,39,One year,No,No,Yes,Yes,Credit card,18.0,644.52,1,No
CUST-10127,Female,0,34,Month-to-month,No,Yes,No,Yes,Credit card,18.0,558.66,1,No
CUST-10128,Female,0,21,Month-to-month,No,Yes,No,Yes,Electronic check,18.0,355.24,4,Yes
CUST-10129,Female,0,24,Two year,Fiber optic,No,No,No,Electronic check,71.7,1694.21,1,Yes
CUST-10130,Female,0,24,Month-to-month,Fiber optic,No,No,No,Bank transfer,97.18,2418.64,3,Yes
CUST-10131,Female,0,47,One year,Fiber optic,Yes,Yes,No,Mailed check,87.53,4239.98,2,No
CUST-10132,Male,1,3,Two year,DSL,No,No,No,Credit card,45.78,129.92,2,No
CUST-10133,Female,0,17,One year,Fiber optic,No,Yes,Yes,Electronic check,74.09,1202.83,1,No
CUST-10134,Female,0,10,One year,No,Yes,No,No,Electronic check,18.0,170.38,0,No
CUST-10135,Male,0,72,Month-to-month,Fiber optic,No,Yes,No,Bank transfer,66.38,4681.32,1,No
CUST-10136,Female,0,54,Two year,DSL,No,No,No,Mailed check,55.06,3036.56,1,No
CUST-10137,Male,0,17,Month-to-month,Fiber optic,Yes,No,Yes,Mailed check,82.85,1433.03,1,No
CUST-10138,Male,0,7,Two year,DSL,Yes,Yes,No,Bank transfer,45.06,325.8,2,No
CUST-10139,Male,0,9,Month-to-month,Fiber optic,No,Yes,Yes,Credit card,71.65,630.83,2,No
CUST-10140,Female,0,47,One year,Fiber optic,No,No,Yes,Mailed check,92.37,4335.7,2,No
CUST-10141,Male,0,5,Two year,Fiber optic,No,No,Yes,Electronic check,88.41,461.08,2,No
CUST-10142,Male,0,24,One year,Fiber optic,Yes,No,No,Credit card,98.2,2359.83,2,No
CUST-10143,Male,1,42,Month-to-month,DSL,Yes,Yes,No,Bank transfer,46.5,1806.81,0,No
CUST-10144,Female,0,8,Month-to-month,Fiber optic,Yes,Yes,No,Mailed check,99.78,757.52,2,No
CUST-10145,Female,1,24,Two year,DSL,Yes,No,Yes,Bank transfer,53.93,1179.49,0,No
CUST-10146,Male,0,17,One year,Fiber optic,No,Yes,Yes,Mailed check,68.63,1069.39,0,No
CUST-10147,Male,0,16,Month-to-month,Fiber optic,Yes,No,No,Electronic check,95.99,1495.57,2,No
CUST-10148,Female,0,14,Two year,DSL,Yes,Yes,No,Credit card,52.28,739.83,2,No
CUST-10149,Male,1,44,Two year,No,No,No,No,Mailed check,18.0,735.25,1,No
CUST-10150,Female,1,62,Two year,Fiber optic,Yes,Yes,No,Credit card,95.41,5607.81,1,No
CUST-10151,Male,0,20,One year,DSL,Yes,No,Yes,Credit card,39.09,743.17,2,No
CUST-10152,Female,0,31,Two year,Fiber optic,No,No,Yes,Electronic check,77.75,2472.85,1,No
CUST-10153,Male,0,25,Two year,DSL,Yes,Yes,Yes,Electronic check,34.69,804.37,3,No
CUST-10154,Male,0,4,Month-to-month,DSL,No,No,Yes,Bank transfer,49.25,178.3,2,Yes
CUST-10155,Female,1,19,Two year,No,Yes,Yes,Yes,Bank transfer,18.51,349.36,0,No
CUST-10156,Male,0,3,Month-to-month,Fiber optic,Yes,No,Yes,Electronic check,81.37,238.98,2,Yes
CUST-10157,Female,0,16,Two year,Fiber optic,No,Yes,No,Mailed check,96.88,1395.71,1,Yes
CUST-10158,Female,0,24,One year,Fiber optic,No,No,No,Electronic check,76.4,1860.59,0,Yes
CUST-10159,Female,0,40,One year,No,Yes,No,Yes,Electronic check,40.62,1565.77,1,No
CUST-10160,Female,1,29,Month-to-month,No,No,Yes,No,Mailed check,23.37,665.66,3,Yes
CUST-10161,Female,0,45,Month-to-month,DSL,No,No,Yes,Electronic check,65.69,2957.87,4,No
CUST-10162,Male,0,12,Month-to-month,DSL,No,No,No,Electronic check,69.52,757.25,1,No
CUST-10163,Male,0,57,One year,Fiber optic,Yes,No,Yes,Bank transfer,99.72,5262.95,2,No
CUST-10164,Male,0,62,Two year,DSL,Yes,No,Yes,Electronic check,74.44,4474.42,2,No
CUST-10165,Female,0,3,Month-to-month,Fiber optic,No,No,No,Mailed check,83.07,230.7,0,No
CUST-10166,Male,1,5,Month-to-month,DSL,Yes,Yes,Yes,Bank transfer,45.97,210.88,2,No
CUST-10167,Male,0,23,One year,Fiber optic,Yes,No,No,Credit card,76.58,1670.99,2,No
CUST-10168,Male,0,15,Month-to-month,DSL,Yes,Yes,No,Mailed check,61.74,892.83,4,Yes
CUST-10169,Male,0,17,Month-to-month,Fiber optic,Yes,No,Yes,Bank transfer,83.3,1455.02,2,Yes
CUST-10170,Male,0,29,Month-to-month,Fiber optic,Yes,No,No,Electronic check,100.78,2891.03,1,Yes
CUST-10171,Male,0,46,One year,DSL,Yes,No,Yes,Credit card,69.07,3302.35,0,No
CUST-10172,Female,0,11,One year,No,No,No,Yes,Electronic check,29.89,318.41,2,No
CUST-10173,Female,0,52,Two year,Fiber optic,Yes,No,No,Electronic check,87.59,4422.04,0,No
CUST-10174,Female,0,13,Month-to-month,Fiber optic,No,No,No,Electronic check,106.06,1305.27,4,Yes
CUST-10175,Male,0,72,Month-to-month,No,No,No,Yes,Electronic check,18.0,1182.26,2,No
CUST-10176,Female,0,57,One year,DSL,Yes,Yes,Yes,Bank transfer,49.5,2611.95,1,No
CUST-10177,Male,0,15,Two year,DSL,No,No,Yes,Credit card,67.3,918.82,2,No
CUST-10178,Female,0,7,Month-to-month,DSL,No,No,No,Bank transfer,61.34,431.72,0,Yes
CUST-10179,Female,0,14,Two year,DSL,No,No,No,Electronic check,65.73,876.35,4,No
CUST-10180,Female,0,13,One year,No,Yes,Yes,No,Credit card,25.31,297.7,1,Yes
CUST-10181,Male,1,36,Two year,No,No,No,No,Mailed check,24.35,887.88,0,No
CUST-10182,Male,0,3,Month-to-month,Fiber optic,No,No,Yes,Bank transfer,107.98,303.92,2,Yes
CUST-10183,Female,0,5,Month-to-month,Fiber optic,No,No,No,Mailed check,77.62,401.29,4,Yes
CUST-10184,Male,0,36,Month-to-month,No,No,Yes,Yes,Mailed check,24.55,904.39,2,No
CUST-10185,Male,0,12,One year,DSL,No,No,Yes,Electronic check,54.73,621.03,1,No
CUST-10186,Male,0,16,Two year,DSL,No,Yes,Yes,Credit card,58.43,874.46,4,No
CUST-10187,Male,0,42,Month-to-month,No,Yes,No,Yes,Electronic check,20.48,902.06,0,Yes
CUST-10188,Male,0,48,Month-to-month,Fiber optic,No,No,No,Bank transfer,81.24,3989.12,1,No
CUST-10189,Male,0,55,Month-to-month,DSL,No,Yes,No,Electronic check,44.72,2555.76,5,No
CUST-10190,Female,1,39,One year,Fiber optic,Yes,No,Yes,Mailed check,85.09,2995.29,1,No
CUST-10191,Female,0,20,Two year,DSL,Yes,No,Yes,Bank transfer,39.1,774.05,1,No
CUST-10192,Female,1,19,Month-to-month,Fiber optic,Yes,No,No,Bank transfer,87.87,1569.27,3,No
CUST-10193,Male,1,17,One year,Fiber optic,Yes,No,Yes,Electronic check,63.84,1037.76,1,No
CUST-10194,Female,1,8,Month-to-month,DSL,No,Yes,Yes,Bank transfer,55.51,405.77,4,No
CUST-10195,Male,0,11,Two year,Fiber optic,No,No,No,Credit card,103.94,1157.35,1,No
CUST-10196,Male,0,50,Two year,Fiber optic,No,No,No,Electronic check,99.16,4853.16,1,No
CUST-10197,Male,0,13,Month-to-month,Fiber optic,No,No,No,Electronic check,85.35,1130.35,2,Yes
CUST-10198,Male,0,8,One year,Fiber optic,Yes,No,No,Mailed check,123.44,906.0,0,No
CUST-10199,Female,1,53,Two year,Fiber optic,No,No,No,Mailed check,76.34,4246.65,1,No
CUST-10200,Male,0,28,Two year,DSL,Yes,No,Yes,Electronic check,37.69,1005.0,1,No
CUST-10201,Female,0,71,One year,DSL,No,No,Yes,Bank transfer,56.94,4215.54,0,No
CUST-10202,Male,0,66,Month-to-month,Fiber optic,No,No,Yes,Bank transfer,78.95,5218.05,2,No
CUST-10203,Female,0,9,One year,Fiber optic,No,Yes,Yes,Electronic check,111.82,922.15,2,No
CUST-10204,Male,0,22,One year,DSL,No,No,No,Electronic check,69.74,1560.88,0,Yes
CUST-10205,Male,0,10,Month-to-month,No,Yes,No,Yes,Electronic check,30.1,296.22,4,Yes
CUST-10206,Female,1,10,Two year,No,No,No,Yes,Electronic check,43.03,399.44,0,No
CUST-10207,Female,0,17,Month-to-month,DSL,Yes,Yes,Yes,Credit card,71.59,1129.5,0,No
CUST-10208,Male,0,37,Two year,DSL,No,Yes,No,Electronic check,43.93,1695.44,1,No
CUST-10209,Female,0,37,Month-to-month,Fiber optic,Yes,No,Yes,Electronic check,80.54,3128.5,1,Yes
CUST-10210,Male,1,34,Month-to-month,DSL,No,Yes,Yes,Credit card,54.56,1829.73,0,No
CUST-10211,Female,0,20,Month-to-month,No,No,No,No,Mailed check,32.66,606.17,4,No
CUST-10212,Female,0,39,One year,Fiber optic,Yes,No,Yes,Credit card,93.32,3461.39,0,No
CUST-10213,Male,0,8,Two year,DSL,Yes,Yes,Yes,Mailed check,54.13,403.54,0,No
CUST-10214,Female,1,28,Month-to-month,Fiber optic,Yes,No,Yes,Credit card,90.82,2520.37,2,Yes
CUST-10215,Male,0,24,Month-to-month,DSL,Yes,Yes,No,Electronic check,41.79,962.82,2,Yes
CUST-10216,Male,0,19,Two year,Fiber optic,Yes,Yes,Yes,Bank transfer,91.38,1660.99,0,No
CUST-10217,Male,1,29,One year,DSL,No,No,Yes,Electronic check,58.34,1726.14,1,No
CUST-10218,Male,0,10,Month-to-month,No,No,No,Yes,Mailed check,22.65,236.63,2,No
CUST-10219,Female,0,35,Two year,Fiber optic,No,No,No,Electronic check,87.1,2833.72,1,No
CUST-10220,Male,0,24,Month-to-month,No,Yes,No,Yes,Mailed check,44.78,1033.97,1,Yes
CUST-10221,Male,0,6,Month-to-month,DSL,No,No,Yes,Mailed check,34.8,204.73,0,No
CUST-10222,Female,0,23,Month-to-month,Fiber optic,No,Yes,Yes,Electronic check,98.1,2113.83,1,No
CUST-10223,Male,0,15,One year,No,No,Yes,No,Electronic check,21.77,313.51,1,No
CUST-10224,Female,0,51,Month-to-month,Fiber optic,No,Yes,Yes,Bank transfer,60.48,2801.62,5,No
CUST-10225,Male,0,9,Two year,Fiber optic,No,Yes,Yes,Bank transfer,70.53,575.21,2,No
CUST-10226,Female,0,9,Month-to-month,No,Yes,No,Yes,Bank transfer,19.89,182.25,0,No
CUST-10227,Female,0,32,Two year,Fiber optic,Yes,No,No,Bank transfer,73.06,2222.9,2,No
CUST-10228,Female,0,21,Month-to-month,No,No,No,Yes,Mailed check,21.78,460.2,2,No
CUST-10229,Male,1,20,Month-to-month,Fiber optic,Yes,No,Yes,Electronic check,98.88,1804.41,1,No
CUST-10230,Male,0,72,Month-to-month,Fiber optic,No,Yes,Yes,Bank transfer,95.48,6878.67,4,Yes
CUST-10231,Female,0,38,Month-to-month,Fiber optic,No,No,No,Electronic check,78.64,2982.44,0,No
CUST-10232,Male,0,18,Month-to-month,Fiber optic,Yes,No,No,Bank transfer,93.88,1729.02,2,No
CUST-10233,Female,0,5,Two year,DSL,No,Yes,No,Electronic check,55.97,260.45,0,No
CUST-10234,Male,0,17,Two year,No,Yes,No,Yes,Mailed check,34.28,572.58,3,No
CUST-10235,Female,0,8,One year,Fiber optic,Yes,Yes,Yes,Bank transfer,102.22,846.55,0,Yes
CUST-10236,Female,0,11,Month-to-month,Fiber optic,No,No,No,Electronic check,75.08,770.54,2,Yes
CUST-10237,Male,0,11,Two year,No,No,No,Yes,Credit card,24.76,250.24,3,No
CUST-10238,Male,0,48,Month-to-month,Fiber optic,No,No,Yes,Electronic check,69.24,3162.91,2,No
CUST-10239,Female,0,6,One year,DSL,No,No,Yes,Electronic check,48.55,304.37,1,Yes
CUST-10240,Male,0,45,One year,Fiber optic,No,Yes,No,Bank transfer,64.59,2684.45,1,No
CUST-10241,Female,1,33,Month-to-month,Fiber optic,Yes,Yes,No,Credit card,70.21,2126.78,2,No
CUST-10242,Male,0,33,Month-to-month,DSL,Yes,No,Yes,Electronic check,49.36,1709.88,6,No
CUST-10243,Female,0,10,Two year,DSL,Yes,No,No,Electronic check,48.96,469.54,1,No
CUST-10244,Female,0,41,Month-to-month,Fiber optic,Yes,No,No,Mailed check,80.95,3061.43,4,No
CUST-10245,Male,0,9,One year,Fiber optic,Yes,No,Yes,Electronic check,80.51,712.87,0,No
CUST-10246,Female,0,62,Two year,No,No,No,Yes,Mailed check,24.45,1367.19,1,No
CUST-10247,Male,0,49,Month-to-month,Fiber optic,No,No,No,Credit card,67.94,3208.78,3,No
CUST-10248,Female,0,70,Month-to-month,Fiber optic,Yes,No,Yes,Electronic check,66.34,4204.56,0,No
CUST-10249,Male,0,24,Month-to-month,DSL,No,No,Yes,Electronic check,75.42,1782.6,2,No
CUST-10250,Male,0,21,Two year,No,No,Yes,Yes,Bank transfer,19.26,401.87,1,No
CUST-10251,Male,0,17,Month-to-month,No,Yes,Yes,Yes,Bank transfer,18.0,275.56,3,No
CUST-10252,Male,0,72,Month-to-month,No,Yes,No,No,Mailed check,18.0,1266.07,3,No
CUST-10253,Male,0,37,Month-to-month,Fiber optic,No,No,Yes,Credit card,99.17,3822.44,4,Yes
CUST-10254,Female,1,8,Two year,DSL,Yes,No,No,Credit card,71.0,545.11,1,No
CUST-10255,Male,0,58,Two year,Fiber optic,Yes,Yes,Yes,Electronic check,79.06,4783.17,3,No
CUST-10256,Female,1,20,One year,Fiber optic,No,No,Yes,Credit card,109.5,2287.54,1,No
CUST-10257,Male,0,1,Two year,DSL,No,No,Yes,Mailed check,38.95,36.46,1,No
CUST-10258,Male,0,13,One year,DSL,No,No,Yes,Credit card,62.58,802.71,2,No
CUST-10259,Female,0,49,Two year,DSL,Yes,Yes,Yes,Bank transfer,51.54,2587.67,4,No
CUST-10260,Female,0,33,Month-to-month,Fiber optic,No,Yes,Yes,Credit card,113.11,3756.26,4,No
CUST-10261,Male,1,38,Month-to-month,No,Yes,Yes,Yes,Credit card,26.54,1022.49,3,No
CUST-10262,Male,0,57,Two year,Fiber optic,Yes,Yes,Yes,Electronic check,78.7,4212.77,1,No
CUST-10263,Female,0,4,Month-to-month,Fiber optic,Yes,No,No,Bank transfer,64.64,268.3,2,Yes
CUST-10264,Female,0,13,Month-to-month,DSL,Yes,No,No,Bank transfer,51.51,626.31,0,Yes
CUST-10265,Female,1,25,One year,Fiber optic,No,No,Yes,Mailed check,81.93,2041.59,1,No
CUST-10266,Male,0,50,One year,Fiber optic,Yes,No,Yes,Electronic check,97.5,5034.26,3,No
CUST-10267,Male,0,9,Month-to-month,DSL,Yes,Yes,No,Electronic check,51.4,441.28,5,No
CUST-10268,Female,1,18,Month-to-month,Fiber optic,No,No,Yes,Electronic check,77.02,1362.58,1,No
CUST-10269,Female,1,24,Month-to-month,DSL,Yes,No,Yes,Mailed check,64.07,1543.17,2,No
CUST-10270,Male,0,12,Month-to-month,No,No,No,Yes,Bank transfer,21.24,264.84,1,Yes
CUST-10271,Male,0,23,Month-to-month,No,No,Yes,Yes,Mailed check,28.72,638.82,1,No
CUST-10272,Male,1,21,Month-to-month,DSL,Yes,No,No,Electronic check,59.67,1241.1,6,Yes
CUST-10273,Female,0,15,One year,Fiber optic,Yes,No,Yes,Credit card,82.09,1134.36,0,Yes
CUST-10274,Male,0,41,Month-to-month,Fiber optic,No,No,Yes,Bank transfer,101.15,3773.18,2,Yes
CUST-10275,Male,0,36,Month-to-month,DSL,No,No,Yes,Credit card,60.04,1952.15,1,Yes
CUST-10276,Male,0,42,One year,Fiber optic,No,No,Yes,Credit card,94.85,3870.02,2,Yes
CUST-10277,Female,0,45,Month-to-month,Fiber optic,No,No,No,Credit card,100.51,4440.68,2,No
CUST-10278,Male,0,5,Month-to-month,Fiber optic,No,No,Yes,Bank transfer,98.95,451.7,2,Yes
CUST-10279,Male,0,6,Month-to-month,DSL,No,No,Yes,Mailed check,67.19,373.79,1,Yes
CUST-10280,Male,0,39,One year,Fiber optic,No,No,No,Bank transfer,81.91,3002.75,1,No
CUST-10281,Male,0,16,Month-to-month,DSL,No,Yes,No,Electronic check,65.03,1075.46,3,No
CUST-10282,Female,0,15,Month-to-month,DSL,Yes,Yes,No,Credit card,56.9,780.87,2,Yes
CUST-10283,Male,0,13,One year,DSL,No,Yes,Yes,Bank transfer,67.53,854.52,2,Yes
CUST-10284,Male,0,43,Two year,DSL,No,Yes,No,Bank transfer,55.19,2416.91,0,No
CUST-10285,Female,0,72,One year,DSL,No,No,Yes,Bank transfer,58.37,4331.01,1,No
CUST-10286,Male,0,45,Two year,Fiber optic,No,Yes,Yes,Bank transfer,81.4,3677.37,2,No
CUST-10287,Female,0,16,One year,Fiber optic,No,No,No,Bank transfer,59.68,897.48,0,Yes
CUST-10288,Female,1,42,Month-to-month,DSL,No,No,Yes,Electronic check,62.2,2398.87,0,Yes
CUST-10289,Male,0,6,Month-to-month,DSL,Yes,Yes,Yes,Mailed check,39.2,217.24,2,No
CUST-10290,Female,0,20,Month-to-month,No,No,No,Yes,Credit card,41.92,851.47,3,Yes
CUST-10291,Male,0,4,Month-to-month,No,No,Yes,Yes,Bank transfer,36.93,139.5,2,No
CUST-10292,Female,0,16,Month-to-month,DSL,No,No,No,Electronic check,70.12,1066.54,2,No
CUST-10293,Male,1,27,Month-to-month,Fiber optic,No,No,Yes,Mailed check,88.82,2221.55,3,No
CUST-10294,Female,1,72,One year,DSL,Yes,Yes,Yes,Mailed check,81.88,5690.08,1,No
CUST-10295,Female,0,53,One year,No,Yes,No,No,Credit card,20.19,1017.0,1,No
CUST-10296,Female,0,4,Month-to-month,Fiber optic,Yes,Yes,Yes,Credit card,89.14,340.01,3,No
CUST-10297,Male,0,5,Month-to-month,DSL,Yes,Yes,Yes,Electronic check,39.95,180.79,1,No
CUST-10298,Male,0,12,Month-to-month,Fiber optic,No,Yes,Yes,Electronic check,87.95,1023.13,1,No
CUST-10299,Male,0,72,Month-to-month,Fiber optic,No,Yes,Yes,Electronic check,86.52,5710.73,1,No
CUST-10300,Male,1,4,Month-to-month,DSL,Yes,Yes,No,Electronic check,46.05,180.58,3,No
CUST-10301,Female,0,13,Month-to-month,DSL,No,No,No,Mailed check,51.19,665.77,4,Yes
CUST-10302,Male,0,13,Month-to-month,Fiber optic,No,Yes,Yes,Bank transfer,73.52,938.44,0,No
CUST-10303,Female,0,32,Two year,DSL,Yes,No,Yes,Credit card,60.59,1787.56,2,No
CUST-10304,Female,0,43,Month-to-month,DSL,No,Yes,No,Electronic check,44.33,1891.89,2,No
CUST-10305,Male,0,36,One year,No,No,Yes,No,Electronic check,24.53,849.61,0,No
CUST-10306,Male,0,29,Month-to-month,Fiber optic,Yes,No,Yes,Bank transfer,65.82,1820.67,3,Yes
CUST-10307,Female,0,6,Month-to-month,Fiber optic,No,No,No,Mailed check,82.66,457.43,7,Yes
CUST-10308,Male,0,25,Month-to-month,Fiber optic,No,No,Yes,Electronic check,76.31,2001.57,0,No
CUST-10309,Male,0,58,Two year,Fiber optic,No,No,No,Electronic check,81.75,4546.78,0,No
CUST-10310,Female,0,72,Month-to-month,Fiber optic,Yes,No,Yes,Bank transfer,95.98,6692.73,3,No
CUST-10311,Female,1,31,Month-to-month,Fiber optic,No,No,Yes,Electronic check,74.88,2122.08,3,Yes
CUST-10312,Male,0,4,Two year,DSL,Yes,Yes,Yes,Bank transfer,44.77,179.32,1,No
CUST-10313,Male,0,32,Month-to-month,DSL,No,No,Yes,Credit card,50.67,1528.13,1,No
CUST-10314,Male,0,21,Month-to-month,DSL,Yes,Yes,Yes,Electronic check,73.47,1559.92,2,No
CUST-10315,Female,0,5,One year,Fiber optic,Yes,Yes,No,Bank transfer,124.14,564.87,0,Yes
CUST-10316,Female,0,9,Month-to-month,Fiber optic,No,Yes,Yes,Credit card,88.73,754.3,1,Yes
CUST-10317,Female,0,10,Two year,Fiber optic,Yes,No,Yes,Bank transfer,66.37,671.58,2,No
CUST-10318,Female,0,39,Month-to-month,Fiber optic,Yes,No,Yes,Electronic check,72.41,2709.36,3,No
CUST-10319,Female,1,70,One year,No,Yes,Yes,Yes,Electronic check,24.5,1552.36,0,No
CUST-10320,Male,0,35,Month-to-month,DSL,No,Yes,No,Credit card,73.69,2626.65,2,No
CUST-10321,Male,0,40,Two year,Fiber optic,No,No,No,Electronic check,93.05,3889.09,0,No
CUST-10322,Female,0,22,Two year,Fiber optic,No,No,Yes,Credit card,68.4,1439.36,2,No
CUST-10323,Female,1,14,Two year,Fiber optic,Yes,No,Yes,Credit card,80.03,1112.87,0,No
CUST-10324,Female,1,35,Two year,Fiber optic,No,No,Yes,Credit card,102.14,3417.28,2,No
CUST-10325,Male,0,29,One year,DSL,No,No,Yes,Credit card,54.36,1550.12,2,No
CUST-10326,Male,0,11,Month-to-month,No,Yes,No,No,Credit card,25.04,278.4,1,No
CUST-10327,Male,0,27,Month-to-month,Fiber optic,Yes,No,Yes,Credit card,59.76,1605.23,1,No
CUST-10328,Male,0,23,Month-to-month,No,No,No,No,Mailed check,18.0,392.14,2,Yes
CUST-10329,Female,0,18,Month-to-month,Fiber optic,Yes,No,No,Electronic check,71.71,1199.51,3,Yes
CUST-10330,Female,0,14,Month-to-month,No,No,No,Yes,Electronic check,28.6,393.01,4,Yes
CUST-10331,Male,0,31,One year,DSL,Yes,No,Yes,Mailed check,56.38,1745.99,0,No
CUST-10332,Male,0,15,One year,Fiber optic,Yes,No,Yes,Electronic check,116.04,1716.61,0,No
CUST-10333,Female,0,72,Two year,DSL,Yes,No,No,Credit card,63.62,4210.84,2,No
CUST-10334,Male,0,34,Month-to-month,DSL,No,Yes,Yes,Credit card,81.67,2647.05,1,No
CUST-10335,Female,0,32,One year,DSL,Yes,No,No,Mailed check,48.79,1579.46,2,No
CUST-10336,Female,0,20,One year,Fiber optic,Yes,Yes,Yes,Credit card,89.65,1653.13,2,No
CUST-10337,Male,0,17,Two year,Fiber optic,Yes,Yes,Yes,Bank transfer,85.82,1506.3,0,No
CUST-10338,Male,0,3,One year,Fiber optic,Yes,No,Yes,Bank transfer,112.82,328.31,1,No
CUST-10339,Female,0,12,Month-to-month,DSL,Yes,No,Yes,Credit card,39.82,486.78,1,Yes
CUST-10340,Female,0,4,Month-to-month,DSL,No,No,Yes,Credit card,40.8,155.22,1,No
CUST-10341,Male,0,4,Two year,Fiber optic,No,No,No,Credit card,87.37,333.35,3,Yes
CUST-10342,Female,0,7,One year,Fiber optic,Yes,No,Yes,Mailed check,76.71,561.19,3,No
CUST-10343,Female,0,54,Two year,DSL,Yes,Yes,Yes,Electronic check,50.99,2712.42,0,No
CUST-10344,Female,0,54,One year,Fiber optic,No,Yes,No,Mailed check,91.95,4544.51,0,No
CUST-10345,Male,0,12,One year,DSL,No,No,No,Bank transfer,51.42,644.03,0,No
CUST-10346,Female,0,6,One year,Fiber optic,No,Yes,Yes,Credit card,60.85,349.1,2,Yes
CUST-10347,Female,0,16,Two year,Fiber optic,Yes,Yes,No,Bank transfer,91.84,1479.04,3,No
CUST-10348,Male,0,38,Two year,Fiber optic,No,No,Yes,Credit card,89.25,3117.65,1,No
CUST-10349,Male,0,47,Month-to-month,Fiber optic,Yes,Yes,Yes,Electronic check,75.98,3672.18,3,No
CUST-10350,Female,0,27,Month-to-month,No,No,No,No,Mailed check,20.66,582.38,2,No
CUST-10351,Male,0,31,Month-to-month,DSL,No,No,No,Bank transfer,60.59,1798.22,1,No
CUST-10352,Male,0,29,Month-to-month,DSL,No,No,No,Credit card,51.71,1382.19,1,No
CUST-10353,Male,0,4,Two year,No,Yes,No,No,Mailed check,38.12,149.97,0,No
CUST-10354,Female,0,6,Two year,No,No,Yes,No,Electronic check,24.84,137.73,3,No
CUST-10355,Female,1,72,Month-to-month,Fiber optic,No,Yes,Yes,Credit card,72.52,5045.38,3,Yes
CUST-10356,Male,0,27,Month-to-month,DSL,No,Yes,Yes,Electronic check,59.57,1597.89,5,Yes
CUST-10357,Female,0,2,Month-to-month,DSL,No,Yes,No,Mailed check,18.0,33.15,1,No
CUST-10358,Male,0,32,Two year,No,No,Yes,Yes,Mailed check,33.42,1114.73,6,No
CUST-10359,Female,0,10,One year,Fiber optic,Yes,No,No,Credit card,88.11,886.22,2,No
CUST-10360,Female,0,49,Month-to-month,DSL,No,Yes,Yes,Electronic check,74.22,3470.06,2,No
CUST-10361,Female,0,46,Month-to-month,DSL,Yes,No,Yes,Bank transfer,81.18,3593.91,2,Yes
CUST-10362,Male,0,37,One year,Fiber optic,No,Yes,Yes,Electronic check,89.79,3412.68,0,No
CUST-10363,Female,0,27,Month-to-month,Fiber optic,Yes,No,No,Mailed check,85.87,2252.11,6,Yes
CUST-10364,Male,0,58,Two year,No,No,No,No,Mailed check,26.06,1584.3,1,No
CUST-10365,Female,0,62,Two year,Fiber optic,Yes,Yes,Yes,Electronic check,67.33,3795.86,2,No
CUST-10366,Male,0,10,Month-to-month,DSL,Yes,No,Yes,Credit card,32.17,302.6,6,Yes
CUST-10367,Male,0,37,Month-to-month,DSL,No,No,Yes,Bank transfer,77.23,2793.96,3,Yes
CUST-10368,Male,1,14,Month-to-month,Fiber optic,No,No,Yes,Credit card,100.37,1293.24,4,Yes
CUST-10369,Female,0,9,Month-to-month,DSL,No,No,Yes,Credit card,32.49,278.8,2,Yes
CUST-10370,Male,0,62,Month-to-month,DSL,No,No,Yes,Mailed check,38.74,2348.77,5,No
CUST-10371,Female,0,41,Month-to-month,DSL,Yes,No,No,Electronic check,61.62,2372.51,2,No
CUST-10372,Male,0,29,Month-to-month,DSL,Yes,No,Yes,Electronic check,44.56,1194.93,4,No
CUST-10373,Male,0,11,Two year,No,No,No,Yes,Electronic check,18.0,186.17,6,No
CUST-10374,Female,0,63,Month-to-month,DSL,Yes,No,Yes,Electronic check,78.6,4517.78,1,No
CUST-10375,Male,0,10,Two year,Fiber optic,No,No,No,Electronic check,118.94,1105.44,3,No
CUST-10376,Female,0,8,Month-to-month,Fiber optic,Yes,No,Yes,Electronic check,72.55,527.69,2,No
CUST-10377,Female,0,23,Month-to-month,DSL,No,Yes,Yes,Mailed check,53.19,1275.93,4,No
CUST-10378,Male,0,38,Month-to-month,Fiber optic,Yes,No,Yes,Electronic check,93.14,3270.7,2,No
CUST-10379,Male,0,17,Month-to-month,No,No,Yes,Yes,Electronic check,18.0,275.46,3,No
CUST-10380,Male,0,26,Month-to-month,Fiber optic,No,Yes,No,Mailed check,69.61,1888.78,4,No
CUST-10381,Female,0,14,Two year,Fiber optic,No,Yes,No,Electronic check,89.13,1265.03,3,No
CUST-10382,Female,0,16,Two year,No,No,No,No,Electronic check,30.82,463.56,4,No
CUST-10383,Male,0,72,Month-to-month,No,No,No,Yes,Bank transfer,18.33,1362.03,3,No
CUST-10384,Male,0,22,Month-to-month,No,No,No,Yes,Credit card,31.72,719.29,3,No
CUST-10385,Male,0,60,Month-to-month,Fiber optic,Yes,No,Yes,Electronic check,82.64,5013.74,2,Yes
CUST-10386,Male,0,4,One year,Fiber optic,Yes,No,No,Mailed check,67.9,268.56,1,No
CUST-10387,Female,1,50,Month-to-month,Fiber optic,No,No,No,Electronic check,85.28,4211.47,3,No
CUST-10388,Female,0,12,Month-to-month,DSL,No,No,No,Mailed check,57.24,717.96,0,No
CUST-10389,Male,0,42,Two year,Fiber optic,No,No,No,Electronic check,74.61,3038.94,1,No
CUST-10390,Female,0,12,Two year,No,Yes,No,No,Mailed check,29.79,365.12,0,No
CUST-10391,Male,1,16,One year,DSL,No,Yes,Yes,Mailed check,51.9,761.36,0,No
CUST-10392,Male,0,9,Month-to-month,No,No,No,No,Electronic check,18.0,162.83,1,Yes
CUST-10393,Female,0,42,Month-to-month,No,No,Yes,Yes,Credit card,31.68,1395.05,2,No
CUST-10394,Female,1,47,Month-to-month,DSL,No,No,Yes,Mailed check,50.39,2135.25,3,No
CUST-10395,Female,0,12,One year,DSL,No,No,No,Electronic check,49.71,559.92,4,Yes
CUST-10396,Male,1,5,One year,No,Yes,Yes,Yes,Bank transfer,19.64,99.93,1,No
CUST-10397,Male,0,60,Month-to-month,DSL,No,Yes,Yes,Electronic check,38.92,2358.44,0,No
CUST-10398,Male,0,13,Two year,Fiber optic,Yes,No,Yes,Electronic check,99.29,1303.8,3,No
CUST-10399,Male,0,21,Month-to-month,DSL,Yes,No,No,Mailed check,61.2,1346.02,2,Yes
CUST-10400,Female,0,10,One year,DSL,No,No,Yes,Credit card,46.54,425.52,0,No
CUST-10401,Female,1,39,Month-to-month,DSL,Yes,Yes,Yes,Credit card,67.45,2633.92,4,Yes
CUST-10402,Male,0,40,Month-to-month,DSL,No,Yes,Yes,Bank transfer,50.58,2015.43,2,No
CUST-10403,Female,1,67,Month-to-month,No,No,Yes,Yes,Credit card,19.96,1244.69,4,No
CUST-10404,Male,0,51,One year,DSL,Yes,No,Yes,Bank transfer,71.48,3397.57,1,No
CUST-10405,Female,0,49,Month-to-month,DSL,Yes,No,No,Electronic check,57.38,2804.76,5,Yes
CUST-10406,Male,1,22,Month-to-month,Fiber optic,No,No,Yes,Bank transfer,78.05,1713.92,4,No
CUST-10407,Male,0,20,One year,No,No,No,Yes,Bank transfer,23.01,455.61,1,Yes
CUST-10408,Female,1,39,One year,Fiber optic,Yes,Yes,No,Electronic check,82.29,3110.87,1,No
CUST-10409,Male,0,21,One year,Fiber optic,Yes,Yes,Yes,Mailed check,76.18,1604.71,0,No
CUST-10410,Male,0,52,One year,DSL,No,No,No,Electronic check,67.41,3324.11,2,No
CUST-10411,Male,0,10,One year,No,No,No,Yes,Mailed check,18.0,168.37,3,Yes
CUST-10412,Male,0,4,One year,Fiber optic,No,No,Yes,Bank transfer,77.92,308.33,2,No
CUST-10413,Male,0,36,Month-to-month,No,Yes,No,No,Bank transfer,24.92,890.32,1,Yes
CUST-10414,Male,0,15,Month-to-month,Fiber optic,No,Yes,No,Mailed check,82.12,1258.64,4,No
CUST-10415,Female,0,8,Month-to-month,No,No,No,No,Electronic check,27.28,210.06,1,No
CUST-10416,Female,0,72,Month-to-month,Fiber optic,Yes,Yes,No,Mailed check,85.78,6266.72,3,No
CUST-10417,Male,1,24,Month-to-month,Fiber optic,No,Yes,Yes,Electronic check,107.82,2685.07,4,Yes
CUST-10418,Male,0,6,Month-to-month,Fiber optic,Yes,No,Yes,Electronic check,77.27,446.89,2,No
CUST-10419,Female,0,13,Month-to-month,DSL,No,No,No,Bank transfer,43.65,556.95,3,No
CUST-10420,Female,1,19,One year,No,No,No,No,Bank transfer,18.0,354.5,0,No
CUST-10421,Female,0,35,One year,Fiber optic,Yes,No,Yes,Mailed check,77.33,2557.9,3,No
CUST-10422,Female,0,13,One year,No,No,No,Yes,Electronic check,45.48,596.18,1,No
CUST-10423,Female,0,21,Two year,Fiber optic,No,No,Yes,Credit card,99.4,2059.42,3,No
CUST-10424,Male,0,29,Month-to-month,No,No,No,No,Credit card,25.38,708.2,4,No
CUST-10425,Male,0,34,Month-to-month,DSL,Yes,No,No,Credit card,45.09,1578.51,5,No
CUST-10426,Female,0,22,Month-to-month,No,No,Yes,Yes,Electronic check,32.35,657.23,2,No
CUST-10427,Female,0,72,Month-to-month,DSL,No,No,Yes,Electronic check,62.5,4073.92,1,No
CUST-10428,Male,0,40,Month-to-month,Fiber optic,Yes,No,No,Mailed check,79.79,2971.59,4,Yes
CUST-10429,Female,0,38,Two year,DSL,No,Yes,Yes,Electronic check,37.65,1475.7,1,No
CUST-10430,Male,0,37,Month-to-month,Fiber optic,Yes,Yes,No,Electronic check,87.84,3092.52,3,Yes
CUST-10431,Female,0,53,Month-to-month,Fiber optic,No,No,No,Bank transfer,92.82,4932.37,1,Yes
CUST-10432,Female,0,28,Month-to-month,No,No,No,No,Credit card,36.73,961.23,1,Yes
CUST-10433,Male,1,9,Month-to-month,No,No,No,Yes,Bank transfer,18.0,157.73,2,Yes
CUST-10434,Male,0,32,One year,Fiber optic,No,No,No,Electronic check,91.16,2854.05,1,No
CUST-10435,Male,0,35,One year,No,No,Yes,Yes,Electronic check,25.13,824.02,0,No
CUST-10436,Female,0,58,One year,Fiber optic,Yes,Yes,Yes,Electronic check,83.98,4666.59,2,No
CUST-10437,Female,0,8,One year,Fiber optic,No,No,Yes,Electronic check,92.79,697.24,3,Yes
CUST-10438,Male,0,11,Month-to-month,DSL,No,No,Yes,Electronic check,66.28,667.14,1,Yes
CUST-10439,Male,0,25,Month-to-month,DSL,No,No,Yes,Electronic check,55.95,1349.41,5,No
CUST-10440,Female,1,38,One year,DSL,No,No,Yes,Electronic check,48.64,1819.87,1,No
CUST-10441,Male,0,7,Month-to-month,Fiber optic,No,No,Yes,Electronic check,59.76,382.12,2,Yes
CUST-10442,Male,0,9,Month-to-month,Fiber optic,No,Yes,No,Credit card,94.82,813.89,3,Yes
CUST-10443,Male,0,44,Month-to-month,Fiber optic,No,Yes,No,Mailed check,69.7,2972.88,0,Yes
CUST-10444,Female,0,7,One year,No,Yes,No,No,Credit card,28.8,209.63,0,No
CUST-10445,Female,0,11,Month-to-month,DSL,No,No,No,Bank transfer,59.61,650.11,5,No
CUST-10446,Male,0,46,Two year,No,No,No,Yes,Mailed check,18.3,876.47,3,No
CUST-10447,Female,0,37,Month-to-month,No,No,No,Yes,Mailed check,22.03,797.85,0,No
CUST-10448,Female,1,14,Month-to-month,Fiber optic,No,No,Yes,Bank transfer,39.32,561.73,1,No
CUST-10449,Male,1,34,Month-to-month,Fiber optic,No,No,Yes,Electronic check,93.0,2891.41,3,No
CUST-10450,Female,0,30,Month-to-month,DSL,Yes,No,No,Mailed check,48.23,1424.76,2,No
CUST-10451,Female,0,21,Month-to-month,No,No,No,No,Electronic check,40.12,802.93,1,Yes
CUST-10452,Male,0,17,One year,Fiber optic,No,No,Yes,Credit card,92.06,1579.57,3,Yes
CUST-10453,Male,1,33,Month-to-month,No,No,Yes,Yes,Electronic check,18.0,612.79,3,Yes
CUST-10454,Female,0,8,Month-to-month,DSL,Yes,No,Yes,Electronic check,40.89,329.33,2,Yes
CUST-10455,Female,0,33,Month-to-month,Fiber optic,No,No,No,Bank transfer,68.41,2061.6,1,Yes
CUST-10456,Male,0,28,Month-to-month,Fiber optic,Yes,Yes,Yes,Electronic check,74.54,2072.81,3,No
CUST-10457,Female,0,29,Two year,Fiber optic,No,No,Yes,Credit card,89.82,2635.1,0,No
CUST-10458,Female,0,10,Month-to-month,Fiber optic,No,Yes,Yes,Bank transfer,90.07,814.65,2,Yes
CUST-10459,Male,1,59,One year,DSL,No,Yes,Yes,Bank transfer,52.96,2891.55,2,No
CUST-10460,Female,0,14,Month-to-month,DSL,Yes,Yes,No,Electronic check,59.82,839.23,4,Yes
CUST-10461,Male,1,16,Month-to-month,DSL,No,No,No,Bank transfer,56.48,856.07,3,No
CUST-10462,Female,0,21,Two year,DSL,No,Yes,No,Electronic check,55.59,1061.58,3,No
CUST-10463,Male,0,37,Month-to-month,DSL,Yes,No,No,Electronic check,60.51,2313.6,4,No
CUST-10464,Male,0,28,Two year,DSL,Yes,Yes,Yes,Bank transfer,55.56,1622.22,2,No
CUST-10465,Female,0,5,Month-to-month,Fiber optic,No,Yes,No,Electronic check,65.35,312.39,0,No
CUST-10466,Male,0,24,Month-to-month,Fiber optic,No,Yes,Yes,Bank transfer,102.7,2585.49,3,Yes
CUST-10467,Female,0,25,Two year,Fiber optic,No,No,Yes,Bank transfer,72.67,1868.48,1,No
CUST-10468,Male,0,60,Month-to-month,DSL,No,Yes,No,Credit card,46.91,2767.68,3,No
CUST-10469,Female,0,18,Two year,DSL,No,No,No,Mailed check,50.62,922.22,1,No
CUST-10470,Female,0,35,Two year,Fiber optic,No,No,Yes,Electronic check,69.17,2518.9,1,No
CUST-10471,Female,0,72,Month-to-month,Fiber optic,No,No,No,Credit card,116.42,8458.59,4,Yes
CUST-10472,Male,0,53,Month-to-month,DSL,No,No,No,Mailed check,62.83,3165.54,2,No
CUST-10473,Male,1,10,Two year,Fiber optic,No,No,Yes,Electronic check,87.49,812.76,0,No
CUST-10474,Female,0,41,Month-to-month,No,No,No,No,Mailed check,21.38,845.64,4,No
CUST-10475,Female,0,33,One year,Fiber optic,Yes,No,Yes,Mailed check,92.0,2817.36,0,No
CUST-10476,Female,0,18,Month-to-month,No,Yes,Yes,Yes,Electronic check,21.44,348.51,4,No
CUST-10477,Male,0,41,Month-to-month,DSL,Yes,No,Yes,Credit card,55.02,2184.57,1,No
CUST-10478,Female,0,10,Month-to-month,DSL,Yes,No,No,Credit card,54.03,512.92,3,No
CUST-10479,Male,1,14,One year,DSL,No,No,No,Mailed check,56.12,718.4,2,No
CUST-10480,Male,0,21,One year,Fiber optic,Yes,No,Yes,Electronic check,93.74,2029.04,3,No
CUST-10481,Female,0,17,One year,Fiber optic,Yes,No,Yes,Electronic check,94.0,1467.6,2,No
CUST-10482,Male,0,38,Month-to-month,Fiber optic,Yes,Yes,Yes,Mailed check,87.47,3305.71,1,No
CUST-10483,Female,0,23,Month-to-month,No,No,Yes,Yes,Electronic check,27.28,618.21,5,No
CUST-10484,Male,0,16,Month-to-month,Fiber optic,No,Yes,Yes,Electronic check,75.98,1272.57,1,No
CUST-10485,Male,0,53,Month-to-month,DSL,No,No,No,Mailed check,50.29,2500.29,2,No
CUST-10486,Male,0,37,Month-to-month,Fiber optic,No,No,Yes,Bank transfer,93.89,3249.22,1,No
CUST-10487,Female,0,6,One year,DSL,No,Yes,No,Electronic check,63.08,376.27,3,No
CUST-10488,Female,0,6,Month-to-month,Fiber optic,No,Yes,No,Bank transfer,82.12,484.73,2,Yes
CUST-10489,Female,0,16,Month-to-month,No,No,No,Yes,Electronic check,21.5,351.55,5,Yes
CUST-10490,Female,0,7,One year,Fiber optic,No,No,No,Bank transfer,85.06,551.33,2,No
CUST-10491,Female,0,47,Month-to-month,DSL,No,No,No,Bank transfer,33.88,1504.83,4,Yes
CUST-10492,Female,0,14,Two year,Fiber optic,No,Yes,Yes,Electronic check,71.43,900.71,1,No
CUST-10493,Female,0,35,Month-to-month,DSL,No,No,Yes,Credit card,61.06,2154.86,3,No
CUST-10494,Male,0,41,Month-to-month,DSL,No,No,No,Credit card,37.99,1477.84,3,Yes
CUST-10495,Male,0,3,Two year,Fiber optic,No,Yes,No,Credit card,83.7,234.89,2,No
CUST-10496,Male,0,15,One year,DSL,Yes,Yes,No,Electronic check,60.71,902.26,1,Yes
CUST-10497,Male,0,20,Two year,DSL,No,No,Yes,Credit card,47.77,895.93,4,No
CUST-10498,Female,1,29,Month-to-month,Fiber optic,No,No,No,Mailed check,76.44,2013.9,3,Yes
CUST-10499,Male,0,45,Month-to-month,Fiber optic,No,No,Yes,Electronic check,82.77,3484.02,5,No
CUST-10500,Male,0,72,One year,Fiber optic,Yes,Yes,Yes,Bank transfer,108.99,8062.87,1,No
CUST-10501,Female,0,71,Month-to-month,No,No,No,Yes,Credit card,37.79,2654.24,1,No
CUST-10502,Female,0,23,One year,DSL,No,No,No,Credit card,61.12,1364.43,1,No
CUST-10503,Female,0,23,Month-to-month,DSL,No,No,Yes,Electronic check,48.59,1088.13,3,Yes
CUST-10504,Male,0,66,Month-to-month,No,No,No,Yes,Electronic check,18.0,1246.86,2,No
CUST-10505,Male,0,24,Month-to-month,DSL,Yes,Yes,No,Mailed check,74.14,1609.8,5,No
CUST-10506,Female,0,15,One year,No,No,No,Yes,Credit card,32.24,446.92,0,No
CUST-10507,Male,0,48,Month-to-month,Fiber optic,Yes,No,Yes,Credit card,84.85,4194.2,2,No
CUST-10508,Male,0,30,Two year,Fiber optic,No,No,Yes,Electronic check,94.87,2789.83,0,No
CUST-10509,Male,0,6,Month-to-month,DSL,No,No,No,Electronic check,58.8,370.19,2,No
CUST-10510,Female,0,19,Month-to-month,Fiber optic,No,No,Yes,Bank transfer,63.02,1200.47,4,Yes
CUST-10511,Female,1,7,Month-to-month,No,No,No,No,Electronic check,29.16,205.85,4,Yes
CUST-10512,Female,0,1,One year,DSL,No,Yes,No,Electronic check,50.28,49.63,0,No
CUST-10513,Female,0,72,Two year,Fiber optic,No,No,No,Bank transfer,98.87,6425.46,2,No
CUST-10514,Female,0,26,Month-to-month,No,No,No,Yes,Electronic check,22.63,609.69,5,No
CUST-10515,Male,0,19,Month-to-month,Fiber optic,Yes,Yes,No,Credit card,60.84,1131.0,4,No
CUST-10516,Female,1,16,One year,DSL,No,No,No,Credit card,56.36,812.76,3,No
CUST-10517,Male,0,24,Month-to-month,Fiber optic,No,No,No,Electronic check,80.04,1789.25,2,Yes
CUST-10518,Male,0,16,One year,Fiber optic,No,No,No,Mailed check,92.86,1415.29,3,No
CUST-10519,Female,0,10,One year,DSL,Yes,Yes,No,Bank transfer,54.94,518.05,1,No
CUST-10520,Male,0,16,Month-to-month,No,Yes,No,Yes,Mailed check,25.78,372.95,3,No
CUST-10521,Male,0,62,One year,DSL,Yes,No,Yes,Credit card,46.2,2698.6,1,No
CUST-10522,Male,0,47,One year,No,No,Yes,Yes,Electronic check,18.0,875.14,0,No
CUST-10523,Female,0,16,Month-to-month,DSL,No,No,Yes,Credit card,50.29,795.3,2,Yes
CUST-10524,Male,0,72,Month-to-month,DSL,No,No,No,Bank transfer,77.12,5269.73,1,No
CUST-10525,Male,0,23,Month-to-month,Fiber optic,No,No,Yes,Electronic check,84.88,1782.81,3,Yes
CUST-10526,Female,0,12,One year,DSL,Yes,No,Yes,Bank transfer,45.15,548.7,0,No
CUST-10527,Male,1,31,One year,DSL,No,No,Yes,Bank transfer,68.92,2153.0,2,No
CUST-10528,Female,0,69,Month-to-month,DSL,Yes,No,No,Electronic check,46.4,2882.61,3,No
CUST-10529,Female,0,60,Month-to-month,No,Yes,Yes,Yes,Credit card,37.68,2371.42,1,No
CUST-10530,Female,0,13,Month-to-month,DSL,Yes,No,No,Electronic check,57.71,705.16,2,No
CUST-10531,Male,0,8,Month-to-month,Fiber optic,No,Yes,No,Electronic check,107.23,805.85,2,No
CUST-10532,Male,0,18,Month-to-month,Fiber optic,No,No,Yes,Bank transfer,105.36,1792.45,1,Yes
CUST-10533,Male,0,35,Month-to-month,Fiber optic,Yes,No,Yes,Bank transfer,83.24,3042.47,5,Yes
CUST-10534,Female,1,43,Month-to-month,Fiber optic,Yes,Yes,Yes,Bank transfer,75.35,3324.72,3,Yes
CUST-10535,Male,0,54,One year,DSL,No,Yes,Yes,Bank transfer,43.89,2359.63,1,No
CUST-10536,Male,0,27,One year,No,No,No,Yes,Mailed check,24.21,636.7,1,No
CUST-10537,Male,0,28,Month-to-month,Fiber optic,Yes,Yes,Yes,Mailed check,98.28,2611.58,2,No
CUST-10538,Female,0,27,One year,No,Yes,Yes,Yes,Mailed check,18.0,461.83,0,No
CUST-10539,Male,0,50,Month-to-month,Fiber optic,No,Yes,Yes,Electronic check,125.05,5932.7,4,No
CUST-10540,Female,0,43,Month-to-month,No,No,No,No,Mailed check,32.07,1419.6,1,No
CUST-10541,Male,1,12,Two year,No,No,No,No,Credit card,19.81,238.24,5,Yes
CUST-10542,Male,0,39,Month-to-month,Fiber optic,No,Yes,No,Mailed check,77.22,2894.12,2,No
CUST-10543,Male,0,47,Month-to-month,No,No,No,No,Bank transfer,26.05,1284.24,3,Yes
CUST-10544,Female,0,50,Month-to-month,DSL,No,No,No,Bank transfer,66.26,3070.12,3,Yes
CUST-10545,Male,1,31,One year,DSL,No,No,No,Electronic check,68.68,1940.68,0,No
CUST-10546,Male,0,29,Month-to-month,Fiber optic,No,Yes,Yes,Electronic check,67.11,1859.16,3,Yes
CUST-10547,Female,0,23,Two year,Fiber optic,No,No,Yes,Electronic check,109.62,2640.4,1,No
CUST-10548,Female,1,25,Month-to-month,Fiber optic,Yes,Yes,Yes,Mailed check,102.37,2312.52,2,No
CUST-10549,Female,0,72,Month-to-month,Fiber optic,No,No,Yes,Electronic check,80.93,5314.9,2,Yes
CUST-10550,Female,1,26,Month-to-month,Fiber optic,Yes,Yes,No,Electronic check,80.08,1980.39,4,Yes
CUST-10551,Male,0,13,One year,No,No,No,Yes,Credit card,37.81,515.12,2,No
CUST-10552,Female,0,31,Month-to-month,DSL,No,No,No,Mailed check,74.2,2188.54,2,No
CUST-10553,Male,0,42,Two year,DSL,No,Yes,No,Electronic check,51.98,2186.98,4,No
CUST-10554,Female,0,49,Two year,Fiber optic,No,Yes,Yes,Electronic check,69.08,3485.24,2,No
CUST-10555,Female,0,10,Month-to-month,Fiber optic,Yes,Yes,Yes,Mailed check,80.48,805.31,2,No
CUST-10556,Female,0,65,Month-to-month,No,Yes,Yes,Yes,Electronic check,37.27,2212.82,3,No
CUST-10557,Female,0,41,Month-to-month,DSL,Yes,No,No,Electronic check,59.8,2261.42,6,Yes
CUST-10558,Female,0,62,One year,DSL,Yes,Yes,No,Credit card,76.51,4453.53,2,No
CUST-10559,Female,0,7,One year,No,Yes,Yes,No,Bank transfer,18.0,128.44,1,No
CUST-10560,Female,0,51,Month-to-month,DSL,No,No,Yes,Credit card,44.09,2294.27,3,No
CUST-10561,Male,0,9,Two year,Fiber optic,No,Yes,No,Bank transfer,78.31,652.35,1,No
CUST-10562,Male,0,19,Month-to-month,DSL,Yes,No,Yes,Electronic check,39.14,711.58,4,Yes
CUST-10563,Male,1,42,Two year,Fiber optic,No,Yes,Yes,Bank transfer,72.45,2802.47,2,No
CUST-10564,Female,0,9,Two year,No,Yes,Yes,No,Electronic check,18.0,157.3,1,No
CUST-10565,Male,0,16,Month-to-month,Fiber optic,No,Yes,No,Electronic check,74.09,1131.7,1,Yes
CUST-10566,Male,0,6,Month-to-month,DSL,No,Yes,No,Electronic check,53.72,338.04,1,No
CUST-10567,Male,0,41,Month-to-month,Fiber optic,No,Yes,Yes,Credit card,87.26,3428.67,1,No
CUST-10568,Female,0,12,Two year,DSL,Yes,Yes,Yes,Bank transfer,48.44,527.47,0,No
CUST-10569,Female,0,25,Month-to-month,DSL,Yes,Yes,Yes,Bank transfer,46.42,1134.94,4,No
CUST-10570,Female,0,33,Two year,Fiber optic,Yes,No,Yes,Bank transfer,81.78,2796.13,1,No
CUST-10571,Male,1,31,Month-to-month,Fiber optic,No,No,No,Electronic check,79.74,2361.74,4,No
CUST-10572,Male,0,29,Month-to-month,Fiber optic,Yes,No,Yes,Bank transfer,81.27,2410.51,2,No
CUST-10573,Male,0,29,Two year,Fiber optic,No,No,Yes,Electronic check,91.29,2548.02,2,No
CUST-10574,Male,1,7,Month-to-month,Fiber optic,Yes,No,Yes,Electronic check,56.15,387.24,4,Yes
CUST-10575,Male,1,20,One year,DSL,No,Yes,Yes,Electronic check,89.12,1738.45,3,No
CUST-10576,Female,0,28,Month-to-month,No,No,No,Yes,Electronic check,27.22,786.0,2,No
CUST-10577,Female,0,26,Month-to-month,DSL,Yes,No,Yes,Bank transfer,61.5,1575.25,4,No
CUST-10578,Female,0,22,Month-to-month,No,Yes,No,Yes,Bank transfer,32.42,682.45,1,Yes
CUST-10579,Male,0,14,Month-to-month,Fiber optic,Yes,Yes,Yes,Bank transfer,79.62,1131.45,1,No
CUST-10580,Male,0,30,One year,Fiber optic,Yes,No,Yes,Credit card,89.17,2427.74,1,No
CUST-10581,Female,0,34,Month-to-month,Fiber optic,No,Yes,Yes,Mailed check,91.86,2938.47,4,No
CUST-10582,Male,0,17,Month-to-month,Fiber optic,No,Yes,Yes,Bank transfer,67.21,1077.32,3,No
CUST-10583,Male,0,49,Month-to-month,Fiber optic,Yes,No,Yes,Mailed check,91.13,4400.03,3,No
CUST-10584,Male,0,66,One year,No,Yes,No,No,Electronic check,30.96,2094.67,1,No
CUST-10585,Female,0,25,Two year,No,Yes,No,Yes,Credit card,39.37,967.67,2,No
CUST-10586,Female,0,13,One year,Fiber optic,No,No,No,Bank transfer,85.01,1070.64,2,No
CUST-10587,Male,0,8,Two year,Fiber optic,Yes,Yes,No,Bank transfer,53.97,392.83,1,No
CUST-10588,Female,0,19,Month-to-month,Fiber optic,No,No,No,Electronic check,71.54,1421.21,2,No
CUST-10589,Female,1,24,Month-to-month,Fiber optic,Yes,Yes,No,Credit card,89.06,2018.4,2,Yes
CUST-10590,Female,1,8,Month-to-month,DSL,Yes,No,No,Mailed check,63.72,468.69,4,Yes
CUST-10591,Female,1,19,Month-to-month,DSL,Yes,No,Yes,Electronic check,45.73,890.59,2,No
CUST-10592,Male,1,47,One year,Fiber optic,No,Yes,Yes,Electronic check,125.04,6074.1,2,No
CUST-10593,Female,1,2,One year,DSL,No,Yes,No,Mailed check,76.34,144.25,1,Yes
CUST-10594,Male,0,26,Month-to-month,Fiber optic,No,No,Yes,Electronic check,65.9,1683.04,2,No
CUST-10595,Female,0,15,Two year,DSL,No,Yes,No,Electronic check,57.72,881.03,0,No
CUST-10596,Female,0,24,Month-to-month,DSL,No,Yes,Yes,Electronic check,59.27,1284.83,4,Yes
CUST-10597,Female,0,68,One year,Fiber optic,No,No,Yes,Electronic check,89.93,6408.75,2,No
CUST-10598,Female,0,23,Month-to-month,Fiber optic,No,Yes,No,Electronic check,71.06,1550.39,1,Yes
CUST-10599,Female,0,21,One year,No,No,No,No,Bank transfer,22.92,467.8,0,No
CUST-10600,Female,1,39,Month-to-month,DSL,No,Yes,Yes,Mailed check,62.41,2208.94,2,Yes
CUST-10601,Female,0,31,Two year,DSL,No,Yes,Yes,Mailed check,43.95,1235.89,1,No
CUST-10602,Female,1,26,Two year,DSL,No,Yes,No,Credit card,53.71,1280.18,1,No
CUST-10603,Male,0,31,Month-to-month,Fiber optic,No,Yes,No,Electronic check,69.73,2049.62,2,Yes
CUST-10604,Female,0,56,Month-to-month,DSL,No,No,Yes,Bank transfer,46.38,2696.35,0,No
CUST-10605,Female,0,45,One year,Fiber optic,No,No,No,Bank transfer,77.81,3421.8,5,No
CUST-10606,Male,0,20,One year,DSL,Yes,No,Yes,Mailed check,66.09,1254.14,0,No
CUST-10607,Female,0,66,Month-to-month,No,No,No,Yes,Electronic check,18.37,1173.3,3,No
CUST-10608,Female,0,16,One year,Fiber optic,Yes,Yes,Yes,Mailed check,93.31,1403.0,2,No
CUST-10609,Female,1,26,Two year,Fiber optic,Yes,No,Yes,Mailed check,93.8,2423.3,2,No
CUST-10610,Female,0,29,One year,DSL,Yes,Yes,Yes,Electronic check,37.89,1072.66,2,No
CUST-10611,Male,0,19,Month-to-month,DSL,No,Yes,Yes,Electronic check,55.68,1012.14,2,No
CUST-10612,Female,0,61,Two year,Fiber optic,Yes,No,No,Mailed check,91.87,5620.5,2,No
CUST-10613,Male,0,18,Month-to-month,Fiber optic,No,No,Yes,Mailed check,90.46,1561.2,2,Yes
CUST-10614,Female,0,22,Month-to-month,Fiber optic,No,Yes,Yes,Electronic check,99.77,2241.06,1,Yes
CUST-10615,Female,0,50,Two year,DSL,No,Yes,Yes,Electronic check,65.04,3218.86,0,No
CUST-10616,Male,0,17,Month-to-month,DSL,Yes,No,No,Bank transfer,57.9,915.65,5,Yes
CUST-10617,Male,0,8,Month-to-month,No,No,No,No,Bank transfer,21.21,156.87,8,No
CUST-10618,Male,0,27,One year,DSL,No,No,No,Bank transfer,48.59,1231.06,2,No
CUST-10619,Male,0,10,Two year,DSL,Yes,No,Yes,Mailed check,37.5,389.2,2,No
CUST-10620,Male,0,9,Month-to-month,Fiber optic,No,Yes,Yes,Electronic check,83.99,773.68,4,Yes
CUST-10621,Male,0,2,Month-to-month,DSL,No,No,Yes,Electronic check,66.94,140.01,4,No
CUST-10622,Male,0,3,Month-to-month,Fiber optic,No,Yes,No,Bank transfer,61.38,186.3,2,Yes
CUST-10623,Male,0,3,Month-to-month,Fiber optic,No,No,No,Electronic check,77.37,240.72,3,Yes
CUST-10624,Female,0,72,Month-to-month,Fiber optic,No,No,No,Bank transfer,93.13,6392.5,1,No
CUST-10625,Male,0,3,Month-to-month,Fiber optic,Yes,No,No,Bank transfer,62.75,186.93,0,Yes
CUST-10626,Male,0,10,Two year,DSL,No,Yes,Yes,Mailed check,43.28,414.92,0,No
CUST-10627,Male,0,22,One year,DSL,No,No,Yes,Electronic check,58.12,1316.61,0,No
CUST-10628,Female,0,38,Two year,Fiber optic,No,Yes,Yes,Electronic check,90.19,3597.03,1,No
CUST-10629,Male,1,41,Two year,DSL,Yes,No,Yes,Bank transfer,32.01,1327.75,0,No
CUST-10630,Female,0,13,Two year,DSL,Yes,Yes,No,Electronic check,75.63,1000.08,1,No
CUST-10631,Male,1,26,One year,Fiber optic,No,Yes,Yes,Electronic check,75.25,2019.51,3,No
CUST-10632,Male,0,22,Month-to-month,Fiber optic,Yes,Yes,No,Electronic check,90.43,1818.92,1,No
CUST-10633,Male,0,25,Two year,DSL,Yes,No,Yes,Bank transfer,56.54,1374.22,0,No
CUST-10634,Male,0,28,Month-to-month,No,Yes,Yes,Yes,Credit card,18.0,508.98,3,No
CUST-10635,Female,0,33,Month-to-month,DSL,No,No,Yes,Mailed check,60.06,1963.72,2,Yes
CUST-10636,Male,1,15,Month-to-month,No,No,Yes,Yes,Mailed check,19.11,281.18,6,Yes
CUST-10637,Male,0,18,Month-to-month,DSL,No,No,Yes,Mailed check,58.77,1013.31,1,No
CUST-10638,Female,0,72,Month-to-month,Fiber optic,No,No,Yes,Mailed check,60.58,4070.13,2,No
CUST-10639,Female,0,16,One year,Fiber optic,No,Yes,No,Electronic check,86.01,1428.94,4,Yes
CUST-10640,Female,0,26,Month-to-month,No,Yes,No,Yes,Credit card,33.16,870.78,1,No
CUST-10641,Female,0,22,Month-to-month,Fiber optic,Yes,Yes,No,Credit card,57.08,1245.85,3,No
CUST-10642,Female,1,26,Month-to-month,No,Yes,No,No,Bank transfer,33.3,790.33,4,No
CUST-10643,Male,0,50,Two year,Fiber optic,Yes,Yes,Yes,Electronic check,126.95,5819.25,1,No
CUST-10644,Female,0,21,Month-to-month,Fiber optic,Yes,Yes,No,Mailed check,96.63,1957.92,3,No
CUST-10645,Male,0,9,Month-to-month,DSL,No,No,No,Electronic check,50.1,414.34,5,Yes
CUST-10646,Male,0,15,One year,DSL,Yes,Yes,No,Bank transfer,49.08,679.09,1,Yes
CUST-10647,Female,0,21,Two year,No,No,Yes,Yes,Mailed check,25.92,496.62,1,No
CUST-10648,Female,1,28,Month-to-month,No,Yes,Yes,Yes,Mailed check,29.96,792.05,2,No
CUST-10649,Female,0,13,One year,DSL,No,No,Yes,Credit card,67.75,794.12,2,No
CUST-10650,Male,0,14,Month-to-month,DSL,Yes,No,Yes,Credit card,52.88,747.63,3,Yes
CUST-10651,Female,0,29,Two year,DSL,Yes,No,Yes,Electronic check,66.39,1905.97,1,No
CUST-10652,Male,0,30,One year,DSL,No,No,Yes,Bank transfer,49.11,1438.07,0,No
CUST-10653,Female,0,46,One year,DSL,No,No,No,Credit card,48.4,2333.27,3,No
CUST-10654,Female,0,15,Month-to-month,No,Yes,No,No,Credit card,35.76,521.53,4,Yes
CUST-10655,Female,0,35,One year,DSL,No,No,Yes,Bank transfer,60.13,2168.58,1,Yes
CUST-10656,Female,0,22,Month-to-month,No,No,No,Yes,Electronic check,31.49,643.16,2,No
CUST-10657,Female,0,17,Month-to-month,No,No,No,Yes,Bank transfer,18.0,287.55,4,Yes
CUST-10658,Male,1,23,One year,DSL,No,Yes,No,Mailed check,39.56,863.65,1,No
CUST-10659,Male,0,25,One year,Fiber optic,Yes,No,Yes,Electronic check,79.24,2077.2,0,No
CUST-10660,Male,1,8,Month-to-month,Fiber optic,Yes,No,Yes,Credit card,67.31,557.97,3,Yes
CUST-10661,Female,1,8,Two year,DSL,Yes,Yes,Yes,Bank transfer,66.55,514.95,2,No
CUST-10662,Male,0,39,Month-to-month,Fiber optic,Yes,No,Yes,Credit card,70.61,2827.21,2,No
CUST-10663,Male,0,18,One year,Fiber optic,No,No,No,Electronic check,83.67,1408.12,1,Yes
CUST-10664,Female,0,28,Month-to-month,DSL,Yes,No,Yes,Credit card,50.53,1399.11,2,No
CUST-10665,Female,0,38,Month-to-month,No,Yes,No,Yes,Bank transfer,21.75,763.9,1,No
CUST-10666,Female,0,23,Two year,DSL,Yes,Yes,Yes,Electronic check,51.89,1177.2,0,No
CUST-10667,Female,0,36,Month-to-month,DSL,No,No,No,Credit card,62.63,2104.45,5,No
CUST-10668,Female,0,25,Two year,No,No,Yes,Yes,Credit card,24.89,614.71,1,No
CUST-10669,Male,0,26,Month-to-month,DSL,No,Yes,Yes,Bank transfer,48.68,1220.62,2,No
CUST-10670,Female,1,53,One year,DSL,No,No,No,Credit card,43.38,2262.13,2,No
CUST-10671,Female,0,21,Month-to-month,DSL,No,No,No,Credit card,44.58,865.16,0,No
CUST-10672,Female,0,39,One year,DSL,Yes,No,Yes,Mailed check,48.48,1845.14,0,No
CUST-10673,Male,1,6,Two year,Fiber optic,Yes,No,Yes,Electronic check,64.87,368.78,1,No
CUST-10674,Female,0,28,One year,Fiber optic,No,No,No,Bank transfer,106.2,2740.38,1,No
CUST-10675,Female,0,62,Month-to-month,Fiber optic,Yes,No,No,Mailed check,90.81,5490.01,1,Yes
CUST-10676,Female,1,72,One year,Fiber optic,Yes,No,Yes,Bank transfer,86.81,5755.14,0,No
CUST-10677,Male,0,7,One year,DSL,No,Yes,Yes,Electronic check,51.04,344.43,1,No
CUST-10678,Female,0,18,Month-to-month,Fiber optic,No,No,No,Credit card,99.31,1695.44,2,No
CUST-10679,Female,0,10,One year,No,No,No,Yes,Credit card,40.4,396.5,2,No
CUST-10680,Female,1,22,One year,Fiber optic,No,No,Yes,Bank transfer,61.85,1323.31,0,Yes
CUST-10681,Male,0,44,One year,Fiber optic,No,Yes,Yes,Credit card,96.0,3886.78,1,No
CUST-10682,Female,0,55,Month-to-month,DSL,No,No,No,Electronic check,54.99,2848.53,3,Yes
CUST-10683,Female,0,56,Month-to-month,Fiber optic,No,Yes,Yes,Mailed check,102.57,5649.39,2,No
CUST-10684,Male,0,6,Two year,No,Yes,Yes,Yes,Bank transfer,27.95,171.93,2,No
CUST-10685,Female,0,25,One year,No,No,Yes,No,Bank transfer,27.43,623.34,3,No
CUST-10686,Male,0,15,Month-to-month,Fiber optic,Yes,No,Yes,Mailed check,90.88,1245.48,4,Yes
CUST-10687,Female,1,21,Two year,Fiber optic,No,No,Yes,Mailed check,70.83,1516.54,3,Yes
CUST-10688,Male,0,16,Month-to-month,DSL,Yes,No,Yes,Bank transfer,73.75,1122.13,2,Yes
CUST-10689,Female,0,6,Month-to-month,DSL,No,No,Yes,Electronic check,66.97,377.12,6,No
CUST-10690,Female,0,55,One year,DSL,No,No,No,Electronic check,33.94,1744.52,2,No
CUST-10691,Female,0,13,One year,Fiber optic,No,Yes,Yes,Mailed check,83.07,1129.11,3,No
CUST-10692,Female,0,15,Two year,DSL,Yes,No,No,Mailed check,53.37,781.75,0,No
CUST-10693,Female,0,63,One year,Fiber optic,Yes,Yes,No,Electronic check,91.05,5301.0,3,Yes
CUST-10694,Male,0,5,Month-to-month,Fiber optic,No,No,No,Bank transfer,85.16,409.14,5,Yes
CUST-10695,Male,0,33,Month-to-month,Fiber optic,No,Yes,Yes,Credit card,87.04,2697.37,0,No
CUST-10696,Female,0,48,Month-to-month,Fiber optic,No,Yes,Yes,Electronic check,105.24,4674.06,0,Yes
CUST-10697,Female,0,59,Two year,DSL,Yes,No,No,Mailed check,56.52,3490.77,0,No
CUST-10698,Male,0,31,Month-to-month,Fiber optic,No,No,Yes,Credit card,96.6,2894.94,2,No
CUST-10699,Male,1,40,Month-to-month,No,Yes,No,No,Credit card,25.54,1025.44,1,No
CUST-10700,Female,0,48,Month-to-month,Fiber optic,No,No,No,Mailed check,73.08,3629.77,5,Yes
CUST-10701,Female,1,22,Month-to-month,No,No,Yes,No,Bank transfer,18.99,388.84,3,No
CUST-10702,Male,1,11,Month-to-month,Fiber optic,No,No,No,Electronic check,66.85,675.96,5,Yes
CUST-10703,Male,0,66,One year,Fiber optic,Yes,Yes,No,Credit card,81.38,5043.41,4,No
CUST-10704,Male,1,37,Month-to-month,Fiber optic,No,No,Yes,Credit card,120.42,4486.22,4,Yes
CUST-10705,Female,0,25,Two year,Fiber optic,No,Yes,No,Electronic check,100.38,2402.42,2,No
CUST-10706,Male,0,7,Two year,No,No,Yes,Yes,Electronic check,27.4,186.69,4,No
CUST-10707,Female,0,2,Month-to-month,Fiber optic,No,No,No,Electronic check,76.51,138.19,2,Yes
CUST-10708,Male,0,32,Two year,Fiber optic,No,No,No,Mailed check,82.45,2376.19,3,No
CUST-10709,Male,0,2,Month-to-month,No,No,Yes,Yes,Electronic check,18.0,34.6,4,Yes
CUST-10710,Female,0,24,Month-to-month,Fiber optic,No,No,Yes,Mailed check,69.98,1549.34,3,No
CUST-10711,Female,0,13,Month-to-month,DSL,No,No,No,Mailed check,52.84,699.75,1,Yes
CUST-10712,Female,0,16,Two year,DSL,Yes,Yes,Yes,Credit card,45.17,753.57,1,No
CUST-10713,Female,0,56,One year,No,Yes,No,No,Credit card,18.0,1047.17,2,No
CUST-10714,Female,0,13,Month-to-month,Fiber optic,No,No,Yes,Mailed check,71.33,899.36,2,Yes
CUST-10715,Female,0,25,One year,No,No,No,Yes,Bank transfer,22.78,536.95,2,No
CUST-10716,Female,0,13,One year,DSL,Yes,Yes,No,Bank transfer,54.01,682.83,2,No
CUST-10717,Male,0,30,One year,Fiber optic,No,No,Yes,Bank transfer,64.53,1772.54,1,No
CUST-10718,Male,0,27,Month-to-month,No,Yes,No,No,Bank transfer,21.08,592.84,3,Yes
CUST-10719,Female,0,24,Two year,No,No,No,Yes,Credit card,32.08,770.48,0,No
CUST-10720,Male,0,48,One year,Fiber optic,No,No,No,Electronic check,75.06,3397.57,0,No
CUST-10721,Female,0,5,Month-to-month,DSL,Yes,Yes,No,Credit card,42.35,214.67,2,No
CUST-10722,Female,0,4,Two year,Fiber optic,Yes,No,No,Electronic check,90.09,337.58,4,Yes
CUST-10723,Male,0,8,Month-to-month,Fiber optic,No,No,Yes,Bank transfer,69.93,566.53,3,No
CUST-10724,Female,0,27,One year,DSL,No,Yes,Yes,Credit card,47.72,1237.13,1,No
CUST-10725,Male,0,34,One year,DSL,No,No,Yes,Bank transfer,67.7,2370.02,1,No
CUST-10726,Female,0,0,Month-to-month,No,No,Yes,No,Credit card,27.13,0.0,1,No
CUST-10727,Male,0,34,Month-to-month,DSL,No,No,Yes,Credit card,61.39,1978.83,4,No
CUST-10728,Male,0,18,One year,Fiber optic,Yes,Yes,Yes,Bank transfer,94.36,1669.1,2,No
CUST-10729,Female,0,67,Two year,Fiber optic,No,No,Yes,Electronic check,77.78,4875.94,1,No
CUST-10730,Female,0,32,Two year,No,No,Yes,Yes,Electronic check,25.89,845.11,0,No
CUST-10731,Male,0,62,One year,Fiber optic,Yes,No,No,Credit card,82.6,4987.01,2,No
CUST-10732,Female,0,54,Month-to-month,DSL,No,No,Yes,Bank transfer,46.66,2639.6,1,Yes
CUST-10733,Female,0,18,Month-to-month,DSL,No,No,Yes,Mailed check,36.43,677.48,1,No
CUST-10734,Male,0,44,One year,DSL,Yes,Yes,Yes,Electronic check,35.48,1469.04,2,No
CUST-10735,Female,0,18,Month-to-month,DSL,No,No,Yes,Electronic check,53.97,891.81,5,No
CUST-10736,Female,1,72,One year,No,Yes,Yes,Yes,Bank transfer,23.87,1706.31,4,No
CUST-10737,Male,0,20,Month-to-month,Fiber optic,Yes,No,No,Electronic check,83.13,1575.67,1,Yes
CUST-10738,Female,0,35,Month-to-month,DSL,Yes,No,No,Mailed check,52.18,1713.12,3,No
CUST-10739,Female,0,72,One year,No,Yes,No,No,Credit card,18.0,1272.37,1,No
CUST-10740,Female,1,36,One year,DSL,No,Yes,Yes,Electronic check,50.38,1778.55,1,No
CUST-10741,Female,0,17,One year,DSL,No,Yes,Yes,Mailed check,67.32,1122.25,5,No
CUST-10742,Female,1,7,Month-to-month,Fiber optic,No,No,Yes,Electronic check,77.37,511.32,4,Yes
CUST-10743,Male,0,5,Two year,DSL,No,No,No,Mailed check,36.96,170.63,0,No
CUST-10744,Female,0,34,Month-to-month,DSL,No,No,No,Bank transfer,45.12,1422.93,4,No
CUST-10745,Male,0,23,One year,No,Yes,No,No,Electronic check,18.0,417.32,0,No
CUST-10746,Female,0,8,One year,No,No,No,No,Bank transfer,18.0,139.71,3,No
CUST-10747,Male,0,41,Month-to-month,Fiber optic,No,No,Yes,Bank transfer,88.62,3525.91,5,No
CUST-10748,Male,1,40,One year,Fiber optic,No,No,No,Credit card,91.6,3834.29,2,Yes
CUST-10749,Male,0,22,One year,DSL,No,No,Yes,Mailed check,56.7,1294.45,3,No
CUST-10750,Female,1,64,Month-to-month,No,No,Yes,Yes,Credit card,18.0,1048.02,2,No
CUST-10751,Male,0,4,One year,Fiber optic,No,Yes,Yes,Mailed check,109.57,446.91,2,No
CUST-10752,Male,0,17,Month-to-month,DSL,No,Yes,Yes,Electronic check,61.84,985.23,1,Yes
CUST-10753,Female,0,36,Two year,DSL,No,Yes,No,Electronic check,40.54,1471.53,1,No
CUST-10754,Female,0,9,Month-to-month,Fiber optic,No,No,No,Credit card,78.04,650.37,1,No
CUST-10755,Male,0,43,Month-to-month,DSL,No,No,No,Electronic check,32.29,1280.08,2,Yes
CUST-10756,Female,0,53,One year,DSL,Yes,No,No,Credit card,62.85,3467.5,1,No
CUST-10757,Male,0,1,Month-to-month,DSL,No,No,No,Credit card,34.73,34.17,3,No
CUST-10758,Male,0,65,Two year,Fiber optic,No,Yes,Yes,Credit card,77.77,4814.41,0,No
CUST-10759,Female,0,35,Month-to-month,DSL,Yes,Yes,Yes,Mailed check,41.47,1500.28,0,No
CUST-10760,Male,0,16,Month-to-month,Fiber optic,No,Yes,Yes,Electronic check,76.0,1147.21,4,Yes
CUST-10761,Female,0,6,Month-to-month,DSL,Yes,No,Yes,Electronic check,53.09,289.73,2,Yes
CUST-10762,Female,0,48,Month-to-month,Fiber optic,No,No,No,Mailed check,105.74,4868.32,0,No
CUST-10763,Female,0,8,Month-to-month,DSL,No,Yes,No,Mailed check,53.75,432.58,2,Yes
CUST-10764,Male,0,35,Month-to-month,Fiber optic,Yes,Yes,No,Mailed check,81.71,2858.03,2,Yes
CUST-10765,Female,0,8,Month-to-month,Fiber optic,No,No,Yes,Bank transfer,68.89,535.18,3,Yes
CUST-10766,Female,0,24,Month-to-month,Fiber optic,Yes,Yes,No,Credit card,103.13,2417.08,1,No
CUST-10767,Male,0,46,Month-to-month,DSL,No,Yes,No,Electronic check,46.99,2117.22,0,Yes
CUST-10768,Male,1,16,Month-to-month,Fiber optic,No,No,Yes,Electronic check,82.2,1257.56,4,Yes
CUST-10769,Male,0,65,Month-to-month,No,No,No,Yes,Bank transfer,22.4,1328.24,2,No
CUST-10770,Female,1,37,Month-to-month,DSL,No,No,No,Credit card,64.89,2217.64,3,No
CUST-10771,Female,0,9,Month-to-month,Fiber optic,Yes,No,Yes,Credit card,78.98,716.99,1,No
CUST-10772,Male,0,6,Month-to-month,Fiber optic,No,No,Yes,Credit card,57.61,353.09,0,Yes
CUST-10773,Female,0,12,Month-to-month,No,No,No,No,Credit card,38.88,447.55,3,Yes
CUST-10774,Female,0,23,Month-to-month,Fiber optic,Yes,Yes,Yes,Credit card,76.97,1680.75,5,Yes
CUST-10775,Female,0,69,Two year,No,Yes,No,Yes,Credit card,25.48,1742.29,2,No
CUST-10776,Male,0,72,Month-to-month,Fiber optic,No,No,Yes,Bank transfer,106.22,6907.81,4,No
CUST-10777,Male,0,15,Month-to-month,Fiber optic,Yes,No,Yes,Bank transfer,74.2,1096.8,4,Yes
CUST-10778,Male,0,15,One year,DSL,No,No,No,Electronic check,34.5,502.17,0,No
CUST-10779,Female,0,41,Month-to-month,Fiber optic,No,Yes,Yes,Credit card,109.16,4324.61,3,No
CUST-10780,Female,0,41,Month-to-month,DSL,No,No,Yes,Bank transfer,76.78,2833.94,1,No
CUST-10781,Female,0,58,One year,Fiber optic,Yes,No,Yes,Credit card,69.51,4198.61,3,No
CUST-10782,Male,0,59,One year,DSL,Yes,No,No,Electronic check,52.45,2865.45,1,No
CUST-10783,Male,0,11,Two year,Fiber optic,Yes,Yes,Yes,Mailed check,90.71,914.91,3,No
CUST-10784,Male,0,5,Two year,Fiber optic,No,No,Yes,Electronic check,70.4,337.17,0,No
CUST-10785,Female,0,37,One year,No,Yes,No,Yes,Credit card,28.05,1055.28,1,No
CUST-10786,Male,0,28,One year,DSL,No,No,Yes,Credit card,37.5,1065.55,3,No
CUST-10787,Female,0,2,Month-to-month,No,Yes,No,Yes,Bank transfer,28.8,56.26,5,Yes
CUST-10788,Female,0,5,Two year,No,Yes,No,Yes,Mailed check,21.56,105.91,1,No
CUST-10789,Male,0,36,One year,No,No,No,No,Electronic check,20.24,705.56,1,No
CUST-10790,Male,0,22,Month-to-month,Fiber optic,Yes,Yes,No,Credit card,76.57,1522.49,0,No
CUST-10791,Male,0,36,Month-to-month,DSL,No,Yes,No,Mailed check,58.54,1984.42,3,No
CUST-10792,Female,0,9,One year,No,Yes,No,No,Electronic check,26.12,225.26,2,No
CUST-10793,Female,0,38,Month-to-month,Fiber optic,No,No,Yes,Credit card,86.56,3234.06,5,No
CUST-10794,Male,0,31,Two year,Fiber optic,Yes,No,No,Electronic check,68.93,2134.45,1,Yes
CUST-10795,Male,1,40,Month-to-month,DSL,Yes,No,No,Electronic check,56.95,2387.48,3,Yes
CUST-10796,Female,0,16,Two year,DSL,No,Yes,No,Mailed check,56.22,878.06,3,No
CUST-10797,Male,0,13,Month-to-month,DSL,Yes,No,Yes,Mailed check,57.89,753.17,3,No
CUST-10798,Male,0,6,One year,Fiber optic,No,Yes,No,Credit card,88.62,555.14,2,Yes
CUST-10799,Male,0,19,Month-to-month,Fiber optic,No,Yes,No,Credit card,86.04,1539.56,2,Yes
CUST-10800,Male,1,51,Month-to-month,No,No,No,Yes,Electronic check,20.73,1023.7,3,No
CUST-10801,Male,0,61,Month-to-month,DSL,Yes,No,Yes,Electronic check,86.04,5291.43,2,No
CUST-10802,Female,0,8,Month-to-month,DSL,No,Yes,Yes,Mailed check,62.82,494.89,4,No
CUST-10803,Female,1,23,Month-to-month,DSL,Yes,No,No,Mailed check,55.62,1322.78,3,Yes
CUST-10804,Female,0,70,Two year,DSL,Yes,No,No,Credit card,77.1,5315.74,2,No
CUST-10805,Female,0,72,Month-to-month,Fiber optic,Yes,No,Yes,Electronic check,74.1,5539.62,2,No
CUST-10806,Female,0,18,One year,Fiber optic,No,Yes,Yes,Electronic check,94.2,1563.86,1,No
CUST-10807,Male,0,54,One year,No,No,No,Yes,Electronic check,26.67,1469.82,1,No
CUST-10808,Male,0,48,Month-to-month,DSL,No,Yes,No,Electronic check,59.83,2676.44,2,No
CUST-10809,Female,0,45,Two year,DSL,No,Yes,Yes,Electronic check,60.09,2453.71,1,No
CUST-10810,Male,1,4,One year,Fiber optic,Yes,Yes,No,Mailed check,78.81,288.98,3,Yes
CUST-10811,Female,1,15,One year,DSL,Yes,Yes,Yes,Credit card,37.82,559.99,1,Yes
CUST-10812,Female,0,21,Two year,Fiber optic,No,Yes,Yes,Credit card,75.94,1504.92,1,No
CUST-10813,Male,0,21,One year,Fiber optic,No,Yes,Yes,Electronic check,72.4,1401.16,1,No
CUST-10814,Female,0,23,Two year,No,Yes,No,Yes,Electronic check,20.12,460.14,2,No
CUST-10815,Female,0,72,Month-to-month,DSL,No,Yes,No,Bank transfer,70.72,4955.45,2,No
CUST-10816,Male,0,19,Month-to-month,No,No,Yes,Yes,Electronic check,24.31,442.04,2,No
CUST-10817,Male,0,32,One year,No,Yes,No,No,Mailed check,29.55,927.11,0,No
CUST-10818,Female,0,31,Month-to-month,DSL,No,No,No,Bank transfer,74.78,2385.93,2,No
CUST-10819,Female,0,23,One year,Fiber optic,No,No,No,Credit card,80.9,1876.84,2,No
CUST-10820,Male,0,8,Month-to-month,Fiber optic,No,Yes,No,Electronic check,86.03,670.56,2,Yes
CUST-10821,Female,0,26,Month-to-month,DSL,Yes,No,Yes,Electronic check,73.46,1954.58,1,No
CUST-10822,Male,0,2,Two year,No,Yes,No,No,Electronic check,28.57,58.81,0,No
CUST-10823,Female,0,35,Month-to-month,DSL,No,Yes,Yes,Bank transfer,69.43,2324.22,4,Yes
CUST-10824,Female,0,2,Month-to-month,DSL,No,No,No,Electronic check,56.21,103.71,4,No
CUST-10825,Male,1,32,One year,DSL,Yes,No,No,Electronic check,46.93,1377.53,1,No
CUST-10826,Female,0,14,One year,Fiber optic,No,No,No,Electronic check,95.68,1333.95,2,No
CUST-10827,Female,1,10,Two year,No,No,Yes,Yes,Electronic check,18.0,187.28,1,Yes
CUST-10828,Female,0,42,Month-to-month,Fiber optic,Yes,Yes,No,Credit card,71.32,2713.06,2,Yes
CUST-10829,Male,0,17,Two year,Fiber optic,Yes,No,No,Credit card,67.92,1125.27,0,No
CUST-10830,Male,1,25,One year,DSL,No,No,Yes,Bank transfer,41.26,958.47,0,No
CUST-10831,Male,0,4,Two year,Fiber optic,No,No,Yes,Credit card,77.78,304.8,0,No
CUST-10832,Male,0,64,Month-to-month,Fiber optic,Yes,Yes,Yes,Electronic check,107.48,7074.72,3,No
CUST-10833,Male,0,27,Month-to-month,Fiber optic,No,Yes,No,Credit card,75.35,2071.16,2,No
CUST-10834,Female,0,27,Month-to-month,Fiber optic,No,Yes,Yes,Bank transfer,51.86,1464.27,0,No
CUST-10835,Female,0,35,One year,No,No,No,Yes,Electronic check,36.01,1225.94,1,No
CUST-10836,Female,0,1,Month-to-month,Fiber optic,Yes,No,No,Bank transfer,68.29,68.25,4,No
CUST-10837,Male,1,68,Month-to-month,Fiber optic,No,Yes,Yes,Mailed check,97.22,6841.02,3,No
CUST-10838,Male,0,18,One year,Fiber optic,No,No,No,Mailed check,78.68,1422.88,3,Yes
CUST-10839,Female,0,66,Month-to-month,DSL,No,No,No,Credit card,37.43,2580.89,1,No
CUST-10840,Male,0,17,Month-to-month,Fiber optic,Yes,No,Yes,Mailed check,102.96,1639.75,2,No
CUST-10841,Female,0,14,Month-to-month,Fiber optic,No,No,Yes,Credit card,94.27,1214.47,2,Yes
CUST-10842,Female,0,33,Two year,Fiber optic,Yes,No,Yes,Credit card,66.3,2018.18,2,No
CUST-10843,Male,0,72,One year,Fiber optic,No,No,Yes,Mailed check,68.51,5070.24,3,No
CUST-10844,Male,0,54,One year,DSL,Yes,No,Yes,Credit card,51.25,2512.61,1,No
CUST-10845,Male,0,36,Two year,DSL,No,Yes,Yes,Electronic check,44.58,1639.27,2,No
CUST-10846,Male,0,33,One year,DSL,No,No,Yes,Mailed check,72.17,2309.2,1,No
CUST-10847,Male,0,25,Month-to-month,Fiber optic,No,Yes,No,Electronic check,102.55,2573.13,6,Yes
CUST-10848,Female,0,64,One year,No,No,Yes,Yes,Electronic check,29.83,1931.84,1,No
CUST-10849,Female,0,42,Two year,Fiber optic,No,Yes,Yes,Mailed check,68.8,2784.68,3,No
CUST-10850,Female,0,6,Month-to-month,Fiber optic,No,No,No,Electronic check,85.32,471.96,4,Yes
CUST-10851,Female,0,10,One year,Fiber optic,No,No,Yes,Credit card,80.1,795.03,3,No
CUST-10852,Female,0,37,Month-to-month,DSL,No,No,Yes,Credit card,65.91,2544.7,4,No
CUST-10853,Male,0,8,Two year,DSL,No,Yes,Yes,Electronic check,67.56,488.49,3,No
CUST-10854,Male,0,26,One year,DSL,No,Yes,Yes,Electronic check,53.56,1300.63,4,No
CUST-10855,Female,0,45,Two year,No,No,Yes,Yes,Credit card,19.26,893.85,3,No
CUST-10856,Male,0,34,One year,DSL,Yes,Yes,Yes,Electronic check,67.33,2084.14,2,No
CUST-10857,Male,0,7,Month-to-month,Fiber optic,Yes,Yes,Yes,Credit card,50.76,320.35,2,No
CUST-10858,Female,0,10,Month-to-month,Fiber optic,No,Yes,No,Bank transfer,80.88,834.45,2,No
CUST-10859,Female,0,34,Two year,Fiber optic,Yes,No,Yes,Bank transfer,84.82,2927.87,4,No
CUST-10860,Female,0,72,Month-to-month,DSL,Yes,No,Yes,Electronic check,60.11,4060.2,4,No
CUST-10861,Female,0,22,Month-to-month,No,No,Yes,Yes,Mailed check,34.64,796.45,4,No
CUST-10862,Male,0,46,One year,DSL,No,Yes,No,Credit card,50.12,2321.42,2,No
CUST-10863,Female,0,34,Month-to-month,No,Yes,No,No,Electronic check,19.12,596.67,3,No
CUST-10864,Female,0,14,Month-to-month,Fiber optic,No,No,Yes,Credit card,81.81,1109.87,2,Yes
CUST-10865,Female,0,46,Month-to-month,Fiber optic,Yes,No,Yes,Mailed check,79.49,3765.43,3,No
CUST-10866,Female,0,4,Month-to-month,Fiber optic,Yes,No,No,Credit card,88.73,354.98,1,Yes
CUST-10867,Female,0,44,One year,Fiber optic,Yes,Yes,Yes,Credit card,76.52,3326.08,1,No
CUST-10868,Male,0,35,Month-to-month,DSL,No,Yes,Yes,Mailed check,41.97,1413.97,1,No
CUST-10869,Male,0,15,Month-to-month,Fiber optic,No,Yes,No,Credit card,56.77,798.12,3,No
CUST-10870,Male,1,9,Two year,Fiber optic,No,No,Yes,Credit card,84.25,752.17,1,No
CUST-10871,Male,0,16,Month-to-month,Fiber optic,No,No,Yes,Credit card,86.33,1275.03,4,Yes
CUST-10872,Male,1,13,One year,Fiber optic,No,Yes,No,Electronic check,82.33,1093.35,1,Yes
CUST-10873,Male,0,19,Month-to-month,Fiber optic,Yes,No,Yes,Credit card,113.68,2011.78,4,No
CUST-10874,Female,0,18,Month-to-month,Fiber optic,No,No,Yes,Bank transfer,87.44,1445.02,2,Yes
CUST-10875,Female,0,15,One year,DSL,No,No,No,Bank transfer,68.47,935.49,1,No
CUST-10876,Female,0,4,One year,DSL,No,No,Yes,Credit card,44.02,179.99,0,No
CUST-10877,Female,1,8,Two year,Fiber optic,No,No,Yes,Electronic check,116.69,905.7,0,No
CUST-10878,Female,0,52,Month-to-month,DSL,No,No,Yes,Bank transfer,61.18,3053.24,3,No
CUST-10879,Female,1,15,Month-to-month,DSL,Yes,No,No,Mailed check,54.54,800.24,2,No
CUST-10880,Male,0,20,Month-to-month,Fiber optic,No,No,No,Bank transfer,91.48,1807.84,3,Yes
CUST-10881,Female,1,17,Month-to-month,DSL,Yes,Yes,Yes,Electronic check,72.1,1265.07,3,No
CUST-10882,Male,1,65,Month-to-month,DSL,Yes,No,Yes,Electronic check,58.59,3623.63,2,No
CUST-10883,Male,0,12,Two year,No,No,No,Yes,Bank transfer,29.04,323.38,1,No
CUST-10884,Female,0,12,One year,Fiber optic,Yes,No,No,Mailed check,107.22,1325.72,1,No
CUST-10885,Female,0,36,Month-to-month,Fiber optic,No,Yes,No,Electronic check,71.42,2499.43,2,Yes
CUST-10886,Male,0,28,Month-to-month,Fiber optic,No,Yes,No,Electronic check,71.52,1976.39,0,Yes
CUST-10887,Male,1,37,Month-to-month,Fiber optic,No,Yes,No,Electronic check,87.4,2987.22,3,No
CUST-10888,Male,0,35,Month-to-month,No,No,No,Yes,Bank transfer,24.78,892.59,1,No
CUST-10889,Male,0,47,One year,DSL,No,No,Yes,Mailed check,57.02,2789.35,1,No
CUST-10890,Male,0,7,Two year,DSL,No,Yes,No,Electronic check,61.69,417.67,2,Yes
CUST-10891,Female,0,33,Month-to-month,DSL,No,No,No,Mailed check,78.94,2352.54,5,No
CUST-10892,Female,1,12,Month-to-month,No,Yes,No,Yes,Mailed check,21.46,232.79,5,No
CUST-10893,Female,0,2,Month-to-month,DSL,Yes,No,Yes,Electronic check,57.43,108.58,1,No
CUST-10894,Female,0,35,Month-to-month,Fiber optic,Yes,No,Yes,Electronic check,103.06,3512.39,1,No
CUST-10895,Female,1,33,Two year,Fiber optic,No,No,No,Electronic check,83.5,2658.74,0,Yes
CUST-10896,Female,0,24,One year,No,No,Yes,No,Bank transfer,18.0,425.66,1,No
CUST-10897,Male,0,48,Two year,DSL,No,Yes,Yes,Bank transfer,43.05,1939.54,0,No
CUST-10898,Male,0,12,Two year,Fiber optic,No,No,No,Electronic check,85.03,950.41,1,No
CUST-10899,Female,0,39,Month-to-month,No,Yes,Yes,Yes,Electronic check,21.4,873.25,3,Yes
CUST-10900,Male,0,21,One year,DSL,No,Yes,No,Credit card,43.92,868.99,1,No
CUST-10901,Male,0,23,One year,Fiber optic,No,Yes,Yes,Credit card,97.91,2346.56,2,No
CUST-10902,Male,0,3,Month-to-month,DSL,Yes,No,Yes,Bank transfer,73.42,217.11,6,Yes
CUST-10903,Female,1,48,Month-to-month,DSL,No,No,No,Mailed check,48.21,2107.18,2,No
CUST-10904,Male,1,32,One year,DSL,Yes,No,No,Credit card,50.54,1599.85,0,No
CUST-10905,Female,0,38,Two year,DSL,Yes,Yes,No,Electronic check,72.51,2887.16,2,No
CUST-10906,Male,0,10,Month-to-month,DSL,No,Yes,No,Electronic check,70.54,723.67,5,Yes
CUST-10907,Male,0,30,Two year,Fiber optic,No,No,Yes,Mailed check,91.67,2600.33,4,No
CUST-10908,Male,0,21,Two year,Fiber optic,No,Yes,Yes,Electronic check,77.93,1496.36,1,No
CUST-10909,Male,0,34,Two year,Fiber optic,No,No,Yes,Credit card,80.35,2647.25,1,No
CUST-10910,Female,0,29,Month-to-month,Fiber optic,No,Yes,Yes,Mailed check,68.01,1804.33,3,No
CUST-10911,Male,0,72,Month-to-month,No,No,No,No,Credit card,29.06,1976.68,1,No
CUST-10912,Male,0,58,One year,DSL,No,No,Yes,Electronic check,45.67,2748.6,0,No
CUST-10913,Female,0,19,Month-to-month,DSL,No,No,Yes,Electronic check,50.87,964.54,1,Yes
CUST-10914,Female,0,35,Month-to-month,DSL,No,No,No,Credit card,68.33,2433.5,4,Yes
CUST-10915,Male,0,18,One year,No,Yes,Yes,No,Mailed check,33.4,589.75,1,No
CUST-10916,Female,0,47,Month-to-month,No,Yes,Yes,Yes,Credit card,18.0,782.74,3,No
CUST-10917,Female,0,22,Month-to-month,Fiber optic,No,No,No,Electronic check,62.44,1267.36,1,No
CUST-10918,Male,0,16,Two year,DSL,Yes,No,Yes,Electronic check,51.69,839.4,1,No
CUST-10919,Female,1,29,Month-to-month,Fiber optic,No,No,No,Bank transfer,67.0,1873.92,4,Yes
CUST-10920,Female,1,55,Two year,Fiber optic,Yes,No,Yes,Electronic check,104.39,5598.09,1,No
CUST-10921,Female,0,50,Month-to-month,DSL,Yes,No,No,Credit card,57.33,2656.83,5,No
CUST-10922,Male,0,17,Month-to-month,DSL,Yes,Yes,Yes,Electronic check,48.65,789.15,3,No
CUST-10923,Male,0,69,Month-to-month,DSL,Yes,Yes,No,Electronic check,67.99,4315.43,1,Yes
CUST-10924,Male,0,11,Month-to-month,Fiber optic,Yes,Yes,Yes,Bank transfer,71.65,733.51,3,No
CUST-10925,Female,0,14,Month-to-month,No,Yes,No,Yes,Mailed check,18.0,260.4,1,No
CUST-10926,Female,0,46,Two year,DSL,No,Yes,Yes,Electronic check,52.21,2419.72,0,No
CUST-10927,Male,1,2,Two year,No,No,Yes,No,Electronic check,27.29,56.1,2,No
CUST-10928,Male,1,25,Month-to-month,Fiber optic,Yes,Yes,Yes,Bank transfer,78.84,2032.38,5,No
CUST-10929,Female,0,19,Month-to-month,Fiber optic,Yes,Yes,Yes,Electronic check,89.5,1680.82,3,No
CUST-10930,Female,0,72,One year,No,Yes,No,No,Bank transfer,32.44,2208.96,2,No
CUST-10931,Female,0,9,Month-to-month,Fiber optic,No,Yes,No,Credit card,121.15,1061.86,1,Yes
CUST-10932,Male,1,10,Month-to-month,DSL,No,No,No,Electronic check,41.48,374.47,4,Yes
CUST-10933,Female,0,72,Month-to-month,DSL,Yes,No,No,Electronic check,56.09,4129.72,2,No
CUST-10934,Male,0,19,Month-to-month,No,Yes,Yes,No,Electronic check,18.0,348.98,3,No
CUST-10935,Female,0,54,Month-to-month,Fiber optic,Yes,Yes,No,Bank transfer,75.7,3990.94,6,No
CUST-10936,Male,0,17,Month-to-month,DSL,No,Yes,Yes,Bank transfer,45.65,742.33,0,No
CUST-10937,Male,0,14,One year,Fiber optic,Yes,No,Yes,Credit card,77.49,1004.43,1,No
CUST-10938,Male,0,56,Month-to-month,DSL,No,No,Yes,Credit card,43.35,2212.31,3,No
CUST-10939,Female,0,72,Month-to-month,DSL,Yes,Yes,No,Electronic check,65.21,4454.3,2,No
CUST-10940,Female,0,59,Month-to-month,No,No,Yes,No,Electronic check,33.66,2066.32,6,No
CUST-10941,Male,0,16,Month-to-month,Fiber optic,No,Yes,Yes,Electronic check,67.67,985.56,1,No
CUST-10942,Female,0,24,Two year,DSL,Yes,No,No,Bank transfer,50.51,1263.59,1,Yes
CUST-10943,Male,0,11,One year,Fiber optic,Yes,No,Yes,Electronic check,93.8,1010.4,0,No
CUST-10944,Male,1,12,Two year,No,No,No,No,Credit card,20.48,237.46,2,No
CUST-10945,Male,0,12,Month-to-month,DSL,No,No,Yes,Mailed check,53.43,588.88,2,Yes
CUST-10946,Female,0,17,Month-to-month,DSL,No,Yes,No,Electronic check,46.97,727.15,3,Yes
CUST-10947,Male,0,27,Month-to-month,Fiber optic,Yes,No,Yes,Credit card,96.43,2555.92,2,Yes
CUST-10948,Female,0,25,Month-to-month,DSL,No,No,Yes,Mailed check,59.07,1461.65,0,No
CUST-10949,Male,0,41,One year,DSL,Yes,No,No,Credit card,64.92,2568.83,0,No
CUST-10950,Male,0,28,Month-to-month,DSL,No,No,Yes,Bank transfer,70.25,1855.05,2,Yes
CUST-10951,Male,0,38,Month-to-month,DSL,No,No,Yes,Bank transfer,52.99,1816.19,6,No
CUST-10952,Female,0,43,Month-to-month,Fiber optic,Yes,No,Yes,Electronic check,96.81,3912.98,1,No
CUST-10953,Male,0,16,Month-to-month,DSL,No,Yes,Yes,Mailed check,56.57,911.68,2,No
CUST-10954,Female,1,22,Month-to-month,Fiber optic,No,Yes,Yes,Bank transfer,97.7,2129.76,2,No
CUST-10955,Female,0,72,One year,Fiber optic,No,Yes,Yes,Credit card,61.72,4104.67,0,No
CUST-10956,Male,1,15,Two year,DSL,Yes,Yes,Yes,Credit card,72.55,1108.93,1,No
CUST-10957,Female,1,40,Month-to-month,DSL,No,Yes,Yes,Credit card,55.27,2038.84,3,No
CUST-10958,Female,0,7,Month-to-month,No,Yes,Yes,No,Bank transfer,18.0,128.43,2,No
CUST-10959,Male,0,44,Month-to-month,Fiber optic,Yes,No,Yes,Mailed check,60.11,2583.93,1,No
CUST-10960,Male,0,13,Month-to-month,Fiber optic,No,No,No,Mailed check,65.7,860.55,2,Yes
CUST-10961,Male,0,25,One year,Fiber optic,Yes,No,No,Mailed check,107.5,2452.14,2,No
CUST-10962,Female,0,6,Month-to-month,No,Yes,Yes,No,Electronic check,31.27,189.72,1,No
CUST-10963,Male,0,23,Two year,DSL,No,Yes,No,Electronic check,82.37,1910.06,2,No
CUST-10964,Female,0,24,Two year,DSL,Yes,No,Yes,Electronic check,74.05,1646.11,1,No
CUST-10965,Female,0,21,Month-to-month,No,No,Yes,Yes,Bank transfer,28.46,550.14,3,Yes
CUST-10966,Female,0,34,Two year,DSL,No,Yes,No,Electronic check,50.6,1741.49,1,No
CUST-10967,Male,0,53,One year,Fiber optic,Yes,No,No,Mailed check,96.84,4939.51,1,No
CUST-10968,Female,0,10,Two year,DSL,No,Yes,Yes,Electronic check,49.03,488.92,2,No
CUST-10969,Male,1,21,Month-to-month,DSL,No,Yes,No,Bank transfer,54.06,1023.26,2,No
CUST-10970,Male,0,3,Two year,Fiber optic,Yes,No,Yes,Electronic check,85.77,238.67,0,No
CUST-10971,Male,0,28,Month-to-month,Fiber optic,No,No,No,Mailed check,65.84,1865.35,1,No
CUST-10972,Male,0,9,Month-to-month,Fiber optic,Yes,No,No,Credit card,92.14,771.06,2,No
CUST-10973,Male,0,24,Two year,DSL,No,No,No,Mailed check,43.0,941.13,2,No
CUST-10974,Male,0,29,Month-to-month,DSL,Yes,Yes,Yes,Electronic check,58.27,1565.28,1,No
CUST-10975,Male,0,4,Month-to-month,Fiber optic,No,No,No,Bank transfer,92.7,380.0,1,Yes
CUST-10976,Male,0,32,Month-to-month,DSL,No,No,No,Credit card,44.41,1352.95,4,No
CUST-10977,Female,1,51,Month-to-month,Fiber optic,No,No,No,Bank transfer,79.73,3983.16,5,Yes
CUST-10978,Male,1,37,Month-to-month,Fiber optic,No,No,Yes,Electronic check,102.51,3742.3,2,No
CUST-10979,Female,0,10,Month-to-month,DSL,Yes,Yes,Yes,Bank transfer,45.56,435.54,5,No
CUST-10980,Female,0,23,Month-to-month,DSL,No,No,No,Bank transfer,61.21,1286.77,5,No
CUST-10981,Female,0,25,Two year,Fiber optic,No,Yes,No,Credit card,99.24,2328.54,0,No
CUST-10982,Female,0,22,Month-to-month,Fiber optic,No,Yes,No,Electronic check,102.5,2082.95,1,Yes
CUST-10983,Female,0,7,Two year,DSL,No,Yes,Yes,Credit card,70.93,514.6,4,No
CUST-10984,Female,0,12,One year,No,Yes,Yes,Yes,Bank transfer,35.78,434.06,0,No
CUST-10985,Female,0,20,One year,DSL,Yes,No,No,Bank transfer,58.25,1192.42,0,No
CUST-10986,Female,0,28,One year,Fiber optic,Yes,No,No,Bank transfer,97.26,2782.7,0,No
CUST-10987,Male,0,15,Two year,DSL,Yes,No,Yes,Electronic check,62.34,841.83,0,No
CUST-10988,Male,0,3,Month-to-month,Fiber optic,Yes,No,Yes,Electronic check,73.14,222.13,0,No
CUST-10989,Female,0,16,One year,Fiber optic,Yes,No,No,Electronic check,92.27,1435.47,2,No
CUST-10990,Male,0,72,Two year,DSL,No,Yes,Yes,Mailed check,34.73,2541.24,1,No
CUST-10991,Female,0,32,One year,Fiber optic,No,No,Yes,Mailed check,86.57,2892.06,0,No
CUST-10992,Male,1,28,Month-to-month,DSL,No,No,No,Credit card,53.84,1437.57,1,Yes
CUST-10993,Male,0,12,One year,Fiber optic,No,Yes,No,Mailed check,108.65,1291.71,2,No
CUST-10994,Female,0,16,One year,Fiber optic,No,Yes,Yes,Bank transfer,122.56,1854.4,0,No
CUST-10995,Female,0,3,Month-to-month,Fiber optic,No,No,No,Mailed check,88.69,275.12,1,Yes
CUST-10996,Female,0,11,One year,Fiber optic,Yes,No,No,Credit card,103.8,1071.08,2,No
CUST-10997,Male,0,31,Two year,DSL,No,Yes,No,Electronic check,54.18,1600.2,1,No
CUST-10998,Female,0,28,Month-to-month,DSL,No,No,Yes,Electronic check,49.27,1425.25,2,No
CUST-10999,Female,1,14,Month-to-month,No,Yes,No,No,Electronic check,32.85,420.82,1,No
CUST-11000,Female,0,22,Month-to-month,Fiber optic,Yes,No,Yes,Credit card,56.72,1215.52,7,Yes
CUST-11001,Female,0,25,One year,Fiber optic,Yes,No,Yes,Mailed check,60.95,1504.35,2,No
CUST-11002,Female,0,14,Month-to-month,Fiber optic,No,Yes,No,Bank transfer,91.45,1263.47,5,Yes
CUST-11003,Female,0,33,One year,Fiber optic,Yes,No,Yes,Electronic check,91.75,2779.37,3,Yes
CUST-11004,Male,0,27,Month-to-month,DSL,No,No,Yes,Mailed check,70.79,1731.45,4,No
CUST-11005,Female,0,17,Two year,DSL,Yes,Yes,Yes,Credit card,50.51,826.5,1,No
CUST-11006,Female,0,7,One year,Fiber optic,No,No,Yes,Bank transfer,68.35,463.18,0,No
CUST-11007,Female,0,16,Two year,DSL,Yes,No,No,Electronic check,71.22,1186.77,2,No
CUST-11008,Female,0,15,Month-to-month,DSL,Yes,No,No,Credit card,53.11,807.22,2,No
CUST-11009,Female,0,14,Month-to-month,Fiber optic,No,No,Yes,Electronic check,86.6,1200.09,1,Yes
CUST-11010,Male,1,5,One year,Fiber optic,Yes,No,No,Bank transfer,98.48,458.67,0,No
CUST-11011,Female,0,60,Month-to-month,Fiber optic,No,Yes,No,Electronic check,96.36,5985.22,5,No
CUST-11012,Male,1,58,Month-to-month,Fiber optic,Yes,No,Yes,Credit card,95.62,5152.23,5,No
CUST-11013,Male,1,21,Month-to-month,Fiber optic,No,No,No,Credit card,93.7,2050.6,1,Yes
CUST-11014,Female,1,28,Month-to-month,DSL,No,No,Yes,Electronic check,52.25,1524.19,3,No
CUST-11015,Female,0,33,One year,Fiber optic,Yes,Yes,No,Credit card,102.02,3523.76,0,No
CUST-11016,Male,0,21,Month-to-month,Fiber optic,Yes,No,Yes,Credit card,69.1,1367.51,1,No
CUST-11017,Male,0,30,Month-to-month,Fiber optic,Yes,Yes,No,Bank transfer,83.41,2303.66,0,No
CUST-11018,Male,0,36,Month-to-month,No,Yes,No,Yes,Credit card,20.29,726.34,2,No
CUST-11019,Male,0,27,Month-to-month,DSL,No,No,No,Bank transfer,56.4,1467.14,4,No
CUST-11020,Male,0,41,Month-to-month,Fiber optic,No,No,Yes,Electronic check,77.73,3053.93,3,No
CUST-11021,Male,1,13,Two year,DSL,Yes,No,Yes,Mailed check,46.64,596.32,2,No
CUST-11022,Female,0,23,Two year,DSL,No,Yes,No,Electronic check,36.1,833.07,0,No
CUST-11023,Female,0,72,Two year,Fiber optic,No,No,Yes,Electronic check,65.57,4484.21,0,No
CUST-11024,Female,0,48,Month-to-month,DSL,No,Yes,Yes,Mailed check,47.4,2161.89,4,No
CUST-11025,Male,0,27,Month-to-month,DSL,No,Yes,No,Electronic check,67.98,1820.07,1,No
CUST-11026,Male,0,10,Month-to-month,Fiber optic,No,Yes,Yes,Mailed check,95.12,866.21,1,Yes
CUST-11027,Male,0,24,One year,DSL,Yes,No,Yes,Mailed check,41.03,989.74,2,No
CUST-11028,Female,0,46,One year,Fiber optic,Yes,No,Yes,Electronic check,85.58,4014.74,0,No
CUST-11029,Male,0,39,One year,DSL,No,No,Yes,Electronic check,65.19,2623.74,1,No
CUST-11030,Male,0,3,Month-to-month,Fiber optic,Yes,No,No,Bank transfer,104.37,317.21,4,Yes
CUST-11031,Male,0,5,One year,Fiber optic,Yes,No,No,Credit card,86.09,420.13,2,No
CUST-11032,Female,0,5,Two year,Fiber optic,No,No,Yes,Bank transfer,87.07,448.86,3,Yes
CUST-11033,Male,0,33,Month-to-month,Fiber optic,No,No,Yes,Credit card,97.44,3130.65,1,Yes
CUST-11034,Male,0,5,Two year,No,No,Yes,No,Credit card,22.13,112.64,1,No
CUST-11035,Female,0,10,One year,DSL,No,No,No,Bank transfer,46.0,418.39,2,No
CUST-11036,Female,0,21,Month-to-month,Fiber optic,Yes,No,Yes,Bank transfer,87.55,1850.25,2,No
CUST-11037,Male,0,51,Two year,No,Yes,No,Yes,Bank transfer,27.1,1261.25,1,No
CUST-11038,Male,0,35,Two year,Fiber optic,No,No,No,Electronic check,60.18,1904.44,2,No
CUST-11039,Female,0,19,One year,No,Yes,No,Yes,Electronic check,22.71,420.89,1,No
CUST-11040,Female,1,42,Month-to-month,Fiber optic,No,No,No,Electronic check,67.89,2617.14,3,No
CUST-11041,Female,0,72,Month-to-month,Fiber optic,Yes,Yes,Yes,Electronic check,79.84,5454.11,3,No
CUST-11042,Male,1,24,One year,DSL,Yes,No,Yes,Electronic check,50.96,1242.88,2,No
CUST-11043,Male,0,7,Month-to-month,DSL,Yes,No,Yes,Electronic check,43.52,299.31,1,No
CUST-11044,Female,0,10,Month-to-month,Fiber optic,Yes,No,No,Bank transfer,112.14,1132.63,7,Yes
CUST-11045,Male,0,10,Month-to-month,Fiber optic,No,No,Yes,Mailed check,84.66,861.45,3,Yes
CUST-11046,Male,0,12,Month-to-month,Fiber optic,Yes,Yes,No,Bank transfer,87.32,1018.49,2,Yes
CUST-11047,Female,1,18,One year,No,No,Yes,No,Mailed check,24.25,457.37,1,No
CUST-11048,Female,0,29,Month-to-month,DSL,No,Yes,Yes,Mailed check,46.88,1264.8,2,No
CUST-11049,Male,1,6,Month-to-month,Fiber optic,Yes,No,Yes,Mailed check,90.98,498.22,2,No
CUST-11050,Female,1,7,Month-to-month,No,Yes,No,No,Bank transfer,29.86,198.09,4,No
CUST-11051,Male,0,36,Month-to-month,No,Yes,No,Yes,Electronic check,18.0,657.32,2,No
CUST-11052,Female,0,15,Month-to-month,No,Yes,Yes,No,Credit card,29.04,398.32,3,No
CUST-11053,Female,0,11,Month-to-month,Fiber optic,Yes,Yes,No,Bank transfer,107.65,1148.67,6,No
CUST-11054,Male,0,19,Month-to-month,No,Yes,No,No,Bank transfer,18.0,337.11,4,No
CUST-11055,Female,0,57,Month-to-month,Fiber optic,No,No,Yes,Electronic check,75.83,4413.71,1,Yes
CUST-11056,Male,0,40,One year,DSL,Yes,Yes,No,Credit card,55.85,2293.87,4,No
CUST-11057,Female,1,38,Month-to-month,DSL,Yes,Yes,No,Mailed check,54.63,1942.62,2,No
CUST-11058,Male,0,71,One year,Fiber optic,No,Yes,No,Credit card,68.75,4593.51,0,No
CUST-11059,Male,0,30,Month-to-month,No,Yes,No,No,Electronic check,30.83,927.24,5,No
CUST-11060,Female,0,72,One year,Fiber optic,No,No,Yes,Credit card,67.9,5030.59,1,No
CUST-11061,Female,0,72,One year,Fiber optic,No,No,No,Credit card,90.16,6006.26,2,No
CUST-11062,Male,1,6,Month-to-month,Fiber optic,No,No,Yes,Electronic check,90.31,546.39,3,Yes
CUST-11063,Female,0,4,One year,Fiber optic,Yes,No,Yes,Electronic check,58.47,218.82,1,Yes
CUST-11064,Female,1,9,One year,DSL,No,No,No,Credit card,56.65,472.65,2,No
CUST-11065,Male,0,54,Month-to-month,Fiber optic,No,Yes,No,Bank transfer,112.38,5768.83,6,Yes
CUST-11066,Female,1,20,One year,DSL,No,Yes,No,Electronic check,65.75,1340.31,0,No
CUST-11067,Female,0,18,One year,Fiber optic,No,Yes,No,Mailed check,91.82,1671.48,1,No
CUST-11068,Male,0,43,Month-to-month,Fiber optic,No,Yes,Yes,Credit card,75.04,3135.58,4,No
CUST-11069,Male,0,14,Two year,Fiber optic,No,Yes,No,Credit card,89.31,1259.24,1,Yes
CUST-11070,Female,0,27,Month-to-month,Fiber optic,Yes,Yes,Yes,Electronic check,84.78,2199.57,4,Yes
CUST-11071,Male,0,36,One year,No,No,Yes,No,Bank transfer,18.0,603.66,4,Yes
CUST-11072,Female,0,10,Two year,No,Yes,No,Yes,Mailed check,23.77,243.97,2,No
CUST-11073,Female,0,8,Two year,DSL,No,No,Yes,Electronic check,37.64,273.46,2,No
CUST-11074,Male,0,24,One year,DSL,Yes,Yes,Yes,Electronic check,40.96,1017.6,0,No
CUST-11075,Male,0,27,One year,DSL,No,Yes,No,Electronic check,64.09,1762.04,0,No
CUST-11076,Female,0,40,Month-to-month,DSL,Yes,No,No,Electronic check,39.48,1592.54,3,Yes
CUST-11077,Male,0,9,Month-to-month,DSL,No,No,No,Bank transfer,41.5,368.03,2,Yes
CUST-11078,Male,0,13,Two year,No,No,Yes,No,Electronic check,34.22,454.46,2,No
CUST-11079,Female,0,72,Month-to-month,No,Yes,No,Yes,Bank transfer,25.36,1651.11,3,Yes
CUST-11080,Female,0,47,Two year,DSL,Yes,No,Yes,Bank transfer,51.43,2389.61,3,No
CUST-11081,Female,0,21,Month-to-month,Fiber optic,No,No,Yes,Electronic check,116.21,2291.87,1,Yes
CUST-11082,Female,0,53,Month-to-month,No,No,No,No,Mailed check,22.09,1165.85,4,No
CUST-11083,Female,0,9,Month-to-month,Fiber optic,Yes,Yes,Yes,Electronic check,101.96,918.73,3,No
CUST-11084,Male,1,19,Month-to-month,No,No,Yes,No,Bank transfer,22.15,392.4,3,No
CUST-11085,Female,0,27,Month-to-month,No,No,No,No,Electronic check,28.91,720.71,2,Yes
CUST-11086,Female,0,17,Month-to-month,No,Yes,No,Yes,Bank transfer,32.03,538.07,1,No
CUST-11087,Female,0,18,Two year,Fiber optic,No,No,Yes,Bank transfer,71.28,1335.8,2,No
CUST-11088,Female,0,39,One year,Fiber optic,Yes,Yes,Yes,Bank transfer,95.35,3716.89,4,No
CUST-11089,Male,0,48,One year,DSL,Yes,Yes,No,Electronic check,46.55,2173.46,2,No
CUST-11090,Female,0,16,Month-to-month,No,No,Yes,Yes,Credit card,32.09,534.14,1,No
CUST-11091,Male,0,6,Month-to-month,DSL,No,No,Yes,Mailed check,64.98,398.76,0,Yes
CUST-11092,Female,0,5,One year,Fiber optic,Yes,Yes,Yes,Mailed check,74.59,376.65,1,No
CUST-11093,Male,0,2,Month-to-month,DSL,Yes,Yes,No,Bank transfer,67.73,130.8,2,Yes
CUST-11094,Male,0,70,Month-to-month,Fiber optic,No,No,No,Credit card,96.63,6586.03,0,No
CUST-11095,Male,1,39,Two year,DSL,No,Yes,No,Bank transfer,42.42,1554.56,3,No
CUST-11096,Female,1,33,Month-to-month,No,Yes,Yes,Yes,Bank transfer,30.02,1012.83,3,No
CUST-11097,Female,1,14,Two year,Fiber optic,Yes,Yes,Yes,Bank transfer,79.79,1052.99,2,No
CUST-11098,Male,1,14,Month-to-month,Fiber optic,No,No,Yes,Bank transfer,87.62,1233.53,3,Yes
CUST-11099,Male,0,49,Month-to-month,Fiber optic,Yes,Yes,No,Mailed check,57.47,2903.96,2,No
CUST-11100,Male,0,4,Month-to-month,Fiber optic,Yes,Yes,Yes,Mailed check,73.63,289.48,3,No
CUST-11101,Male,0,17,Two year,Fiber optic,No,No,Yes,Mailed check,66.02,1036.51,0,No
CUST-11102,Female,0,54,One year,No,No,No,No,Bank transfer,28.35,1383.45,1,No
CUST-11103,Male,0,17,One year,No,Yes,No,No,Mailed check,22.86,388.98,0,No
CUST-11104,Male,1,38,Month-to-month,Fiber optic,Yes,No,Yes,Electronic check,92.16,3269.78,0,Yes
CUST-11105,Male,0,22,Two year,No,No,No,No,Mailed check,21.68,432.06,2,Yes
CUST-11106,Male,0,0,One year,Fiber optic,No,No,No,Bank transfer,74.4,0.0,2,Yes
CUST-11107,Female,0,21,One year,Fiber optic,Yes,Yes,Yes,Bank transfer,73.69,1527.91,0,No
CUST-11108,Female,0,25,One year,Fiber optic,No,Yes,No,Bank transfer,114.99,2825.21,5,No
CUST-11109,Male,0,20,One year,Fiber optic,Yes,No,Yes,Mailed check,86.02,1591.58,1,No
CUST-11110,Female,0,8,One year,Fiber optic,Yes,Yes,No,Electronic check,88.0,697.35,3,No
CUST-11111,Male,0,20,Month-to-month,Fiber optic,No,Yes,Yes,Bank transfer,53.33,1025.72,2,Yes
CUST-11112,Male,0,2,Two year,DSL,No,Yes,Yes,Electronic check,51.46,99.99,1,No
CUST-11113,Male,1,16,Month-to-month,Fiber optic,No,No,Yes,Electronic check,84.34,1391.45,2,No
CUST-11114,Male,0,40,Two year,Fiber optic,Yes,No,Yes,Credit card,77.53,2827.52,1,No
CUST-11115,Male,0,68,Month-to-month,Fiber optic,No,Yes,Yes,Mailed check,87.0,5792.56,1,No
CUST-11116,Female,0,60,Month-to-month,No,Yes,Yes,Yes,Electronic check,18.0,1000.13,2,No
CUST-11117,Female,0,9,Month-to-month,DSL,Yes,Yes,No,Electronic check,42.08,351.25,1,No
CUST-11118,Female,0,5,One year,DSL,No,Yes,Yes,Electronic check,39.75,197.09,3,No
CUST-11119,Male,1,27,Month-to-month,Fiber optic,No,Yes,No,Electronic check,68.42,1848.23,6,Yes
CUST-11120,Male,0,23,Two year,DSL,No,Yes,Yes,Electronic check,62.26,1419.0,1,No
CUST-11121,Male,0,36,One year,DSL,No,No,No,Electronic check,56.56,2114.55,0,No
CUST-11122,Male,0,13,Month-to-month,Fiber optic,No,No,Yes,Credit card,80.35,1064.55,3,Yes
CUST-11123,Male,0,24,Month-to-month,DSL,No,Yes,Yes,Bank transfer,60.49,1349.92,2,No
CUST-11124,Female,0,23,One year,Fiber optic,Yes,Yes,Yes,Electronic check,73.83,1690.15,3,No
CUST-11125,Female,0,17,Two year,DSL,No,No,No,Credit card,56.33,950.89,2,Yes
CUST-11126,Female,1,4,Month-to-month,DSL,Yes,Yes,Yes,Credit card,51.36,204.81,3,No
CUST-11127,Female,0,39,Two year,Fiber optic,No,Yes,No,Electronic check,85.98,3233.57,4,No
CUST-11128,Female,0,27,Month-to-month,No,Yes,Yes,Yes,Electronic check,46.65,1312.58,2,Yes
CUST-11129,Female,0,42,One year,Fiber optic,No,No,No,Electronic check,52.41,2134.05,4,No
CUST-11130,Male,0,49,One year,DSL,No,Yes,Yes,Bank transfer,74.08,3696.82,1,No
CUST-11131,Female,1,21,Month-to-month,Fiber optic,Yes,Yes,Yes,Bank transfer,98.38,2008.64,2,Yes
CUST-11132,Female,0,40,Month-to-month,Fiber optic,No,No,No,Bank transfer,72.03,2933.58,5,No
CUST-11133,Female,0,69,One year,Fiber optic,No,Yes,Yes,Mailed check,70.0,4633.58,2,No
CUST-11134,Female,0,72,Month-to-month,DSL,No,No,Yes,Electronic check,67.89,4399.82,4,No
CUST-11135,Male,0,29,Month-to-month,DSL,Yes,No,No,Electronic check,55.0,1555.03,3,No
CUST-11136,Female,0,31,Month-to-month,Fiber optic,No,Yes,No,Bank transfer,76.98,2343.89,6,Yes
CUST-11137,Male,0,29,One year,Fiber optic,Yes,Yes,Yes,Mailed check,112.65,2996.91,3,No
CUST-11138,Female,0,35,Month-to-month,No,Yes,No,Yes,Mailed check,29.35,1027.06,0,No
CUST-11139,Female,0,47,Month-to-month,Fiber optic,Yes,Yes,Yes,Electronic check,71.46,3452.71,5,No
CUST-11140,Female,0,28,Two year,Fiber optic,No,Yes,Yes,Credit card,63.41,1829.11,1,No
CUST-11141,Male,0,72,One year,Fiber optic,Yes,Yes,No,Bank transfer,91.08,6272.97,1,No
CUST-11142,Female,0,72,Month-to-month,Fiber optic,Yes,No,Yes,Electronic check,71.1,4922.21,1,No
CUST-11143,Female,0,25,Month-to-month,Fiber optic,No,No,No,Mailed check,117.29,3016.56,0,No
CUST-11144,Male,0,24,Month-to-month,DSL,No,No,No,Bank transfer,44.3,1115.97,2,Yes
CUST-11145,Male,0,16,Month-to-month,No,No,Yes,No,Bank transfer,18.0,261.47,6,No
CUST-11146,Female,0,36,Month-to-month,DSL,No,Yes,Yes,Mailed check,36.8,1204.71,1,No
CUST-11147,Female,0,18,Month-to-month,Fiber optic,Yes,Yes,Yes,Bank transfer,101.82,1664.46,0,Yes
CUST-11148,Female,0,15,Month-to-month,Fiber optic,No,Yes,Yes,Bank transfer,49.07,713.5,10,Yes
CUST-11149,Female,1,36,One year,No,No,No,Yes,Electronic check,35.86,1313.74,2,No
CUST-11150,Male,0,8,Month-to-month,DSL,Yes,No,Yes,Bank transfer,44.3,323.94,2,No
CUST-11151,Female,0,48,Month-to-month,No,Yes,Yes,No,Electronic check,19.06,917.79,2,No
CUST-11152,Male,0,37,Two year,DSL,Yes,No,No,Credit card,52.13,1785.51,2,No
CUST-11153,Female,0,71,Month-to-month,DSL,No,Yes,Yes,Credit card,36.25,2329.24,1,No
CUST-11154,Male,0,30,One year,No,No,No,Yes,Electronic check,31.1,923.01,1,Yes
CUST-11155,Female,0,41,Month-to-month,DSL,No,Yes,No,Electronic check,52.8,2141.34,0,No
CUST-11156,Male,0,45,One year,Fiber optic,Yes,No,Yes,Credit card,87.21,3698.8,1,Yes
CUST-11157,Female,0,57,Month-to-month,Fiber optic,No,Yes,Yes,Bank transfer,84.11,4546.34,2,No
CUST-11158,Male,1,27,Month-to-month,No,No,Yes,No,Mailed check,18.24,469.31,4,No
CUST-11159,Male,0,16,Two year,Fiber optic,No,No,No,Electronic check,79.37,1320.02,2,No
CUST-11160,Female,0,30,Month-to-month,DSL,No,No,Yes,Electronic check,67.61,2088.96,3,Yes
CUST-11161,Male,1,48,Month-to-month,No,No,No,No,Electronic check,24.24,1139.22,1,No
CUST-11162,Female,1,52,Month-to-month,DSL,Yes,No,No,Credit card,60.55,3288.58,2,No
CUST-11163,Female,0,4,Month-to-month,Fiber optic,No,Yes,No,Bank transfer,93.77,370.3,3,Yes
CUST-11164,Female,0,72,Month-to-month,Fiber optic,No,Yes,No,Mailed check,97.99,6456.97,2,No
CUST-11165,Male,0,15,Month-to-month,Fiber optic,No,Yes,Yes,Credit card,73.08,1066.69,4,Yes
CUST-11166,Male,0,41,Month-to-month,Fiber optic,Yes,Yes,Yes,Mailed check,82.21,3485.83,3,No
CUST-11167,Male,0,62,One year,No,No,No,No,Credit card,19.18,1188.44,3,No
CUST-11168,Female,0,23,Two year,Fiber optic,Yes,No,Yes,Credit card,77.69,1863.58,1,No
CUST-11169,Female,0,54,Month-to-month,No,No,No,Yes,Electronic check,18.0,952.2,3,Yes
CUST-11170,Female,0,4,Two year,DSL,No,No,Yes,Credit card,81.26,336.99,1,No
CUST-11171,Female,0,55,Month-to-month,Fiber optic,Yes,No,No,Bank transfer,101.12,5645.05,0,No
CUST-11172,Male,0,51,Month-to-month,Fiber optic,Yes,No,No,Electronic check,100.81,5261.6,5,No
CUST-11173,Male,0,33,One year,DSL,No,No,No,Mailed check,45.37,1570.18,0,No
CUST-11174,Male,0,48,One year,Fiber optic,Yes,Yes,No,Electronic check,127.63,5791.43,0,No
CUST-11175,Male,1,72,Month-to-month,Fiber optic,No,No,No,Credit card,108.25,7748.81,0,No
CUST-11176,Male,0,63,Two year,Fiber optic,No,No,Yes,Electronic check,75.13,4441.82,2,No
CUST-11177,Male,0,24,Two year,DSL,No,No,Yes,Electronic check,34.95,862.39,3,No
CUST-11178,Male,0,30,Month-to-month,DSL,No,No,Yes,Mailed check,80.77,2393.72,1,No
CUST-11179,Male,0,21,One year,DSL,No,No,Yes,Mailed check,66.89,1301.36,1,No
CUST-11180,Female,0,19,One year,DSL,No,No,Yes,Electronic check,41.53,760.08,2,No
CUST-11181,Female,0,45,Two year,DSL,No,No,Yes,Electronic check,82.83,3456.37,1,No
CUST-11182,Female,0,21,One year,No,Yes,No,Yes,Bank transfer,45.44,924.44,0,No
CUST-11183,Male,0,45,Month-to-month,DSL,No,Yes,No,Mailed check,51.23,2101.56,4,No
CUST-11184,Male,0,23,One year,No,No,No,No,Bank transfer,18.91,454.49,2,No
CUST-11185,Male,0,26,Month-to-month,No,No,Yes,No,Mailed check,18.0,463.08,3,No
CUST-11186,Male,0,12,One year,DSL,No,Yes,Yes,Mailed check,54.37,684.12,2,No
CUST-11187,Female,1,44,One year,No,No,No,Yes,Credit card,18.32,746.57,0,No
CUST-11188,Female,0,4,One year,DSL,No,No,Yes,Electronic check,84.26,322.77,1,No
CUST-11189,Male,0,57,Month-to-month,Fiber optic,No,No,Yes,Mailed check,67.45,3997.09,1,No
CUST-11190,Male,0,72,Month-to-month,No,Yes,Yes,Yes,Mailed check,33.43,2415.87,1,No
CUST-11191,Male,0,26,One year,No,No,Yes,Yes,Electronic check,20.12,476.37,1,No
CUST-11192,Male,0,25,Month-to-month,DSL,Yes,No,Yes,Electronic check,48.4,1249.2,1,No
CUST-11193,Female,0,5,Month-to-month,DSL,Yes,No,No,Credit card,76.82,356.58,3,No
CUST-11194,Female,0,16,Month-to-month,DSL,Yes,Yes,No,Electronic check,54.58,820.32,1,No
CUST-11195,Female,0,48,Two year,No,No,Yes,Yes,Bank transfer,31.11,1507.84,2,No
CUST-11196,Female,0,53,Month-to-month,DSL,No,Yes,Yes,Electronic check,42.84,2285.75,1,No
CUST-11197,Female,0,29,One year,Fiber optic,No,No,Yes,Electronic check,95.21,2758.55,1,No
CUST-11198,Female,0,46,Month-to-month,DSL,No,Yes,No,Bank transfer,51.7,2142.19,3,No
CUST-11199,Female,0,12,Two year,Fiber optic,Yes,No,Yes,Bank transfer,75.91,853.96,3,No
CUST-11200,Female,1,34,Month-to-month,Fiber optic,Yes,No,Yes,Mailed check,90.91,2941.85,0,No
CUST-11201,Male,0,67,Month-to-month,DSL,Yes,Yes,Yes,Electronic check,71.98,4629.7,3,Yes
CUST-11202,Female,0,39,Month-to-month,Fiber optic,Yes,No,Yes,Mailed check,83.29,2959.51,2,Yes
CUST-11203,Female,0,72,Month-to-month,Fiber optic,No,No,Yes,Credit card,90.8,6546.23,4,No
CUST-11204,Female,0,72,Two year,Fiber optic,No,No,No,Bank transfer,92.16,6858.94,3,No
CUST-11205,Female,0,36,One year,Fiber optic,Yes,No,No,Credit card,61.39,2317.07,3,No
CUST-11206,Female,0,0,One year,Fiber optic,No,Yes,No,Electronic check,79.15,0.0,0,No
CUST-11207,Female,0,52,One year,Fiber optic,No,No,Yes,Mailed check,81.24,3930.35,0,No
CUST-11208,Male,0,8,Two year,Fiber optic,Yes,Yes,No,Bank transfer,78.56,613.86,2,No
CUST-11209,Female,0,1,Two year,Fiber optic,No,Yes,Yes,Credit card,95.88,99.46,2,No
CUST-11210,Female,1,3,One year,DSL,Yes,Yes,Yes,Bank transfer,54.77,149.53,1,No
CUST-11211,Female,0,55,Month-to-month,DSL,Yes,No,Yes,Electronic check,42.28,2172.38,6,No
CUST-11212,Male,1,36,Month-to-month,No,No,Yes,Yes,Mailed check,25.04,847.03,4,No
CUST-11213,Female,0,29,One year,No,Yes,Yes,No,Credit card,26.72,768.36,2,No
CUST-11214,Male,1,39,One year,DSL,Yes,Yes,No,Credit card,53.69,2183.54,1,No
CUST-11215,Male,0,3,One year,Fiber optic,Yes,Yes,Yes,Credit card,80.37,234.47,2,No
CUST-11216,Female,0,21,Month-to-month,Fiber optic,Yes,Yes,No,Bank transfer,127.76,2641.58,2,No
CUST-11217,Female,0,14,One year,Fiber optic,No,No,Yes,Electronic check,73.5,1024.9,1,No
CUST-11218,Female,1,28,Month-to-month,DSL,Yes,No,No,Electronic check,56.94,1638.56,3,No
CUST-11219,Male,0,29,Month-to-month,No,Yes,No,Yes,Electronic check,29.55,808.12,0,No
CUST-11220,Female,0,37,Two year,DSL,No,No,Yes,Electronic check,79.64,2928.69,1,No
CUST-11221,Female,0,42,One year,No,No,Yes,No,Bank transfer,18.0,785.33,3,No
CUST-11222,Female,1,3,Month-to-month,DSL,No,Yes,Yes,Mailed check,47.91,149.6,2,No
CUST-11223,Female,0,21,Month-to-month,DSL,No,No,Yes,Electronic check,55.24,1110.53,2,No
CUST-11224,Male,0,25,One year,DSL,No,No,No,Electronic check,44.56,1021.36,1,No
CUST-11225,Female,0,7,Month-to-month,DSL,Yes,No,Yes,Credit card,41.12,298.95,3,No
CUST-11226,Male,1,6,Month-to-month,No,No,Yes,Yes,Bank transfer,24.38,151.86,4,No
CUST-11227,Female,0,5,One year,Fiber optic,No,Yes,Yes,Electronic check,90.03,411.71,1,No
CUST-11228,Male,0,46,One year,DSL,No,No,No,Credit card,45.35,1902.94,1,No
CUST-11229,Male,0,4,Month-to-month,No,Yes,No,Yes,Credit card,22.22,82.45,4,No
CUST-11230,Female,1,5,Month-to-month,DSL,No,No,No,Bank transfer,45.81,228.37,0,Yes
CUST-11231,Female,1,27,One year,DSL,No,No,Yes,Mailed check,43.81,1118.36,2,Yes
CUST-11232,Female,0,34,Month-to-month,DSL,Yes,No,Yes,Electronic check,40.77,1297.55,1,No
CUST-11233,Female,0,24,Month-to-month,Fiber optic,No,No,Yes,Credit card,88.48,2165.78,2,No
CUST-11234,Female,0,9,Month-to-month,No,Yes,No,Yes,Electronic check,25.69,216.52,0,Yes
CUST-11235,Male,1,7,Month-to-month,DSL,Yes,No,Yes,Electronic check,58.1,424.61,2,No
CUST-11236,Male,0,26,Two year,Fiber optic,No,Yes,Yes,Electronic check,70.19,1762.39,1,No
CUST-11237,Male,0,22,Month-to-month,DSL,No,Yes,No,Electronic check,67.22,1424.72,1,No
CUST-11238,Male,0,18,Two year,DSL,No,No,No,Electronic check,51.0,956.15,0,No
CUST-11239,Male,0,45,Month-to-month,Fiber optic,Yes,No,No,Mailed check,79.56,3286.76,1,No
CUST-11240,Female,0,21,One year,Fiber optic,Yes,No,No,Electronic check,104.38,2010.66,3,No
CUST-11241,Female,0,6,Month-to-month,Fiber optic,Yes,No,Yes,Bank transfer,88.71,513.65,1,No
CUST-11242,Female,1,18,One year,DSL,Yes,Yes,Yes,Credit card,59.48,1057.92,1,Yes
CUST-11243,Male,0,37,Two year,DSL,No,No,Yes,Electronic check,56.73,2049.24,0,No
CUST-11244,Female,0,20,Month-to-month,Fiber optic,Yes,No,Yes,Bank transfer,94.39,1969.42,1,No
CUST-11245,Female,0,36,Month-to-month,Fiber optic,No,No,No,Electronic check,83.22,3142.83,9,Yes
CUST-11246,Female,0,42,Two year,Fiber optic,No,No,Yes,Bank transfer,98.83,3761.41,1,No
CUST-11247,Male,1,21,Two year,DSL,No,Yes,No,Electronic check,58.76,1141.13,1,No
CUST-11248,Male,0,24,Two year,Fiber optic,Yes,No,Yes,Credit card,88.93,2098.06,3,No
CUST-11249,Female,0,19,Month-to-month,DSL,Yes,No,Yes,Electronic check,58.2,1152.82,2,Yes
CUST-11250,Male,0,37,Month-to-month,Fiber optic,Yes,No,No,Electronic check,94.33,3287.62,2,No
CUST-11251,Male,0,18,Month-to-month,Fiber optic,Yes,Yes,Yes,Bank transfer,51.38,883.35,2,No
CUST-11252,Male,0,34,One year,DSL,No,No,No,Bank transfer,99.63,3166.08,4,No
CUST-11253,Female,0,29,Month-to-month,Fiber optic,No,No,Yes,Mailed check,66.79,2024.27,2,Yes
CUST-11254,Female,0,3,Month-to-month,Fiber optic,No,No,Yes,Electronic check,104.29,288.79,2,No
CUST-11255,Male,0,36,One year,Fiber optic,No,No,Yes,Bank transfer,79.14,2805.4,2,No
CUST-11256,Male,0,27,Month-to-month,No,Yes,No,Yes,Credit card,29.33,715.54,5,No
CUST-11257,Female,0,58,One year,Fiber optic,No,Yes,No,Bank transfer,66.74,3833.43,2,No
CUST-11258,Female,1,8,Month-to-month,DSL,Yes,No,Yes,Electronic check,60.3,462.58,5,No
CUST-11259,Female,0,29,Two year,DSL,No,No,Yes,Credit card,48.25,1377.96,1,No
CUST-11260,Male,1,16,Month-to-month,Fiber optic,No,No,Yes,Bank transfer,126.46,1845.4,3,Yes
CUST-11261,Female,0,3,One year,DSL,Yes,No,Yes,Bank transfer,61.84,169.51,2,No
CUST-11262,Male,0,2,Month-to-month,Fiber optic,No,No,No,Electronic check,101.71,185.89,2,Yes
CUST-11263,Female,0,67,Month-to-month,DSL,No,No,Yes,Electronic check,57.49,3949.27,2,Yes
CUST-11264,Male,0,29,Month-to-month,DSL,No,No,No,Mailed check,62.52,1828.73,5,No
CUST-11265,Male,0,20,Two year,DSL,Yes,Yes,Yes,Bank transfer,77.88,1431.85,1,No
CUST-11266,Male,0,5,Month-to-month,No,No,No,No,Mailed check,27.53,130.39,4,No
CUST-11267,Male,0,64,Month-to-month,Fiber optic,No,Yes,Yes,Bank transfer,89.92,5555.96,2,No
CUST-11268,Female,0,13,One year,Fiber optic,Yes,No,No,Electronic check,43.45,516.7,3,No
CUST-11269,Male,0,30,Month-to-month,DSL,Yes,Yes,Yes,Credit card,55.01,1693.24,2,No
CUST-11270,Male,1,26,Month-to-month,No,Yes,Yes,No,Electronic check,27.59,684.58,6,No
CUST-11271,Male,1,72,Month-to-month,No,Yes,No,Yes,Credit card,23.57,1698.2,4,No
CUST-11272,Female,0,24,Month-to-month,Fiber optic,No,No,Yes,Bank transfer,62.04,1483.36,3,No
CUST-11273,Female,0,15,Month-to-month,Fiber optic,No,No,Yes,Bank transfer,82.75,1287.39,5,No
CUST-11274,Female,0,30,Month-to-month,No,No,No,No,Electronic check,25.15,763.09,3,No
CUST-11275,Female,0,32,Month-to-month,DSL,Yes,No,Yes,Electronic check,52.11,1509.31,3,No
CUST-11276,Female,0,72,Month-to-month,DSL,No,Yes,Yes,Credit card,46.38,3082.85,2,No
CUST-11277,Female,0,23,One year,Fiber optic,Yes,No,No,Credit card,54.06,1202.0,3,No
CUST-11278,Male,0,7,One year,Fiber optic,Yes,Yes,Yes,Bank transfer,81.9,523.98,0,Yes
CUST-11279,Female,1,18,Month-to-month,Fiber optic,No,No,Yes,Mailed check,98.43,1698.72,4,No
CUST-11280,Female,0,30,Month-to-month,Fiber optic,No,Yes,Yes,Bank transfer,87.64,2751.79,5,Yes
CUST-11281,Female,0,34,One year,DSL,No,No,Yes,Bank transfer,80.53,2548.65,2,No
CUST-11282,Male,1,4,Month-to-month,Fiber optic,No,Yes,No,Credit card,74.83,301.01,4,No
CUST-11283,Female,0,16,Two year,Fiber optic,No,Yes,No,Mailed check,80.7,1212.38,5,Yes
CUST-11284,Male,0,72,Month-to-month,DSL,Yes,No,Yes,Credit card,40.01,2607.49,2,No
CUST-11285,Male,1,10,Month-to-month,DSL,No,No,Yes,Bank transfer,64.01,585.53,2,Yes
CUST-11286,Female,1,45,Month-to-month,DSL,Yes,Yes,No,Credit card,41.39,1705.16,4,No
CUST-11287,Male,0,18,One year,No,Yes,No,No,Credit card,34.34,584.08,1,No
CUST-11288,Male,0,25,Month-to-month,DSL,No,Yes,Yes,Mailed check,78.44,2047.42,4,No
CUST-11289,Female,0,5,Month-to-month,DSL,Yes,Yes,No,Bank transfer,56.12,278.67,6,Yes
CUST-11290,Male,0,20,Month-to-month,Fiber optic,No,Yes,No,Bank transfer,69.95,1284.95,7,Yes
CUST-11291,Female,0,29,One year,DSL,Yes,Yes,Yes,Bank transfer,55.43,1463.64,1,No
CUST-11292,Male,0,24,Month-to-month,Fiber optic,No,Yes,No,Electronic check,78.65,1973.83,1,No
CUST-11293,Male,0,21,One year,Fiber optic,No,No,No,Bank transfer,84.53,1643.19,1,Yes
CUST-11294,Female,0,37,Month-to-month,No,Yes,No,No,Electronic check,19.82,689.92,4,No
CUST-11295,Female,0,7,Month-to-month,DSL,No,Yes,Yes,Electronic check,73.29,526.53,6,Yes
CUST-11296,Male,0,30,Month-to-month,DSL,No,Yes,Yes,Mailed check,53.43,1575.99,3,No
CUST-11297,Female,0,2,Two year,DSL,Yes,Yes,Yes,Bank transfer,47.09,87.96,3,No
CUST-11298,Female,0,55,Month-to-month,No,Yes,No,Yes,Mailed check,23.23,1277.23,1,No
CUST-11299,Male,0,21,Month-to-month,No,Yes,Yes,Yes,Bank transfer,26.16,525.02,4,No
CUST-11300,Female,0,43,Two year,DSL,Yes,Yes,Yes,Credit card,60.72,2577.56,2,No
CUST-11301,Male,0,0,Month-to-month,DSL,Yes,No,Yes,Bank transfer,38.82,0.0,3,No
CUST-11302,Female,0,39,Month-to-month,DSL,Yes,No,No,Credit card,43.88,1766.04,4,No
CUST-11303,Female,0,12,Month-to-month,DSL,Yes,Yes,Yes,Electronic check,61.75,733.06,1,No
CUST-11304,Female,0,25,One year,DSL,No,No,No,Electronic check,47.24,1063.72,4,No
CUST-11305,Female,0,39,Month-to-month,No,Yes,Yes,Yes,Electronic check,28.44,1091.22,2,Yes
CUST-11306,Male,0,23,Two year,DSL,Yes,Yes,Yes,Credit card,45.23,992.72,1,No
CUST-11307,Male,0,36,One year,No,No,No,No,Bank transfer,27.16,1012.68,0,No
CUST-11308,Male,1,18,Month-to-month,DSL,No,No,Yes,Mailed check,45.74,758.06,2,No
CUST-11309,Female,0,58,Month-to-month,No,No,No,Yes,Credit card,22.01,1212.64,4,No
CUST-11310,Female,0,21,One year,Fiber optic,No,No,Yes,Bank transfer,71.45,1522.49,0,No
CUST-11311,Male,0,22,Two year,DSL,Yes,Yes,No,Credit card,46.65,958.33,1,No
CUST-11312,Female,0,22,Two year,Fiber optic,No,No,No,Electronic check,81.43,1696.55,1,No
CUST-11313,Female,0,24,Month-to-month,DSL,No,No,Yes,Credit card,46.71,1138.53,2,Yes
CUST-11314,Female,0,7,One year,No,Yes,No,Yes,Mailed check,32.61,229.81,1,No
CUST-11315,Male,0,10,One year,Fiber optic,No,Yes,No,Electronic check,64.32,613.6,2,Yes
CUST-11316,Female,0,48,Two year,No,No,No,No,Electronic check,18.0,838.18,0,No
CUST-11317,Female,0,43,Month-to-month,No,No,No,Yes,Bank transfer,18.0,760.73,7,No
CUST-11318,Male,0,41,One year,DSL,Yes,Yes,No,Bank transfer,54.4,2304.57,1,No
CUST-11319,Male,1,34,One year,Fiber optic,No,No,Yes,Electronic check,101.12,3435.38,3,No
CUST-11320,Male,0,16,Two year,Fiber optic,No,No,No,Electronic check,65.94,1043.25,0,No
CUST-11321,Male,0,14,One year,DSL,No,Yes,Yes,Mailed check,58.68,839.28,0,No
CUST-11322,Female,0,23,Two year,Fiber optic,No,No,Yes,Electronic check,73.67,1602.34,1,No
CUST-11323,Female,0,53,Month-to-month,DSL,No,Yes,Yes,Credit card,58.21,2982.32,0,No
CUST-11324,Female,0,28,Month-to-month,Fiber optic,No,Yes,No,Credit card,84.16,2363.57,1,No
CUST-11325,Male,0,10,Month-to-month,DSL,No,No,No,Electronic check,31.02,297.93,6,No
CUST-11326,Female,0,5,Two year,DSL,No,No,Yes,Credit card,32.86,159.67,0,No
CUST-11327,Male,0,44,Month-to-month,No,No,Yes,Yes,Bank transfer,18.0,731.85,2,Yes
CUST-11328,Female,1,65,One year,No,No,No,Yes,Electronic check,24.35,1569.15,0,No
CUST-11329,Male,0,4,Two year,DSL,Yes,No,Yes,Credit card,51.46,205.04,1,No
CUST-11330,Male,0,45,Two year,DSL,No,No,No,Electronic check,65.61,3036.39,3,No
CUST-11331,Female,0,33,One year,Fiber optic,Yes,No,No,Mailed check,64.87,1954.09,3,No
CUST-11332,Male,0,12,One year,DSL,Yes,No,Yes,Bank transfer,38.37,476.47,2,No
CUST-11333,Female,0,28,Month-to-month,Fiber optic,No,No,Yes,Credit card,76.25,1948.9,1,Yes
CUST-11334,Female,0,8,Month-to-month,Fiber optic,No,No,Yes,Electronic check,87.91,711.54,3,Yes
CUST-11335,Female,0,20,Month-to-month,DSL,Yes,No,Yes,Bank transfer,54.3,1073.39,1,No
CUST-11336,Female,0,24,One year,DSL,No,Yes,No,Credit card,45.43,1047.66,0,No
CUST-11337,Male,0,57,Month-to-month,DSL,Yes,Yes,Yes,Credit card,29.3,1734.39,3,No
CUST-11338,Female,0,19,Month-to-month,DSL,No,Yes,No,Electronic check,24.17,444.73,4,Yes
CUST-11339,Male,0,13,One year,Fiber optic,No,No,No,Electronic check,72.5,851.8,1,No
CUST-11340,Female,0,31,Month-to-month,DSL,Yes,No,No,Electronic check,41.45,1256.85,2,No
CUST-11341,Male,0,37,Two year,No,No,No,No,Electronic check,29.14,1056.53,2,No
CUST-11342,Male,0,13,Month-to-month,Fiber optic,Yes,Yes,No,Credit card,85.09,1119.09,2,No
CUST-11343,Female,0,9,Two year,DSL,Yes,No,Yes,Electronic check,73.54,631.26,1,No
CUST-11344,Male,1,10,Month-to-month,Fiber optic,No,No,Yes,Credit card,94.3,859.18,4,No
CUST-11345,Female,0,57,One year,Fiber optic,Yes,No,Yes,Electronic check,101.6,5515.46,1,No
CUST-11346,Female,0,36,One year,Fiber optic,No,Yes,Yes,Electronic check,76.54,2728.89,3,No
CUST-11347,Female,0,18,Month-to-month,Fiber optic,No,Yes,No,Mailed check,64.41,1138.23,3,Yes
CUST-11348,Female,0,51,Month-to-month,DSL,No,Yes,Yes,Bank transfer,65.66,3439.44,3,No
CUST-11349,Female,0,13,Two year,DSL,Yes,Yes,Yes,Electronic check,69.88,854.4,2,Yes
CUST-11350,Male,0,23,Month-to-month,DSL,Yes,No,Yes,Credit card,77.04,1746.07,3,No
CUST-11351,Male,0,8,One year,DSL,Yes,No,Yes,Electronic check,49.75,416.43,4,No
CUST-11352,Male,0,49,Month-to-month,Fiber optic,Yes,No,Yes,Credit card,89.62,4158.95,3,No
CUST-11353,Female,0,12,One year,No,No,No,No,Electronic check,32.82,380.27,3,Yes
CUST-11354,Male,0,12,Month-to-month,Fiber optic,Yes,No,Yes,Bank transfer,69.66,877.04,5,No
CUST-11355,Male,0,32,One year,No,Yes,No,Yes,Mailed check,29.35,865.74,1,No
CUST-11356,Male,0,1,One year,Fiber optic,No,No,Yes,Bank transfer,84.93,83.74,0,Yes
CUST-11357,Male,0,6,Month-to-month,DSL,No,No,No,Bank transfer,58.26,334.02,1,Yes
CUST-11358,Male,0,40,Month-to-month,No,No,No,No,Electronic check,24.26,880.16,5,No
CUST-11359,Male,0,10,Two year,DSL,No,Yes,Yes,Electronic check,54.94,557.13,2,No
CUST-11360,Male,0,72,One year,DSL,No,Yes,Yes,Mailed check,50.83,3402.62,2,No
CUST-11361,Male,0,27,Two year,No,No,Yes,No,Bank transfer,43.17,1204.91,4,No
CUST-11362,Male,0,4,One year,Fiber optic,No,No,No,Credit card,101.66,391.47,3,No
CUST-11363,Male,0,67,One year,No,No,Yes,No,Electronic check,26.28,1622.99,0,No
CUST-11364,Female,1,27,One year,DSL,No,No,No,Electronic check,54.98,1390.83,2,No
CUST-11365,Male,0,20,Two year,Fiber optic,No,No,No,Electronic check,95.68,1961.26,0,No
CUST-11366,Male,0,27,Month-to-month,DSL,Yes,Yes,No,Bank transfer,49.31,1272.96,5,No
CUST-11367,Male,0,4,Month-to-month,DSL,No,Yes,No,Electronic check,41.77,156.78,3,Yes
CUST-11368,Female,0,23,Two year,No,Yes,No,No,Mailed check,18.0,388.06,0,No
CUST-11369,Female,0,11,Two year,Fiber optic,No,No,No,Bank transfer,85.52,928.9,2,No
CUST-11370,Female,0,22,Month-to-month,Fiber optic,No,Yes,No,Mailed check,78.91,1629.31,2,No
CUST-11371,Male,0,16,Month-to-month,No,No,No,No,Mailed check,18.0,299.61,0,No
CUST-11372,Male,0,26,One year,No,No,Yes,Yes,Mailed check,21.7,511.89,1,No
CUST-11373,Male,0,18,One year,DSL,No,No,No,Credit card,66.47,1104.85,4,No
CUST-11374,Female,1,15,Month-to-month,DSL,Yes,No,Yes,Mailed check,60.87,880.5,5,Yes
CUST-11375,Female,0,9,One year,No,No,No,Yes,Credit card,28.1,235.53,1,Yes
CUST-11376,Female,0,4,Month-to-month,Fiber optic,Yes,No,Yes,Bank transfer,70.73,287.68,1,No
CUST-11377,Female,1,3,Month-to-month,Fiber optic,No,Yes,Yes,Bank transfer,69.31,215.74,4,No
CUST-11378,Female,0,6,One year,DSL,No,No,Yes,Credit card,45.5,270.29,2,No
CUST-11379,Female,0,38,Month-to-month,DSL,No,Yes,No,Credit card,36.8,1437.68,3,No
CUST-11380,Female,0,9,One year,No,No,No,Yes,Electronic check,31.21,286.57,0,No
CUST-11381,Male,1,13,Month-to-month,Fiber optic,Yes,Yes,No,Bank transfer,107.09,1286.02,3,Yes
CUST-11382,Male,0,13,Two year,Fiber optic,No,No,Yes,Electronic check,72.59,860.38,1,No
CUST-11383,Female,0,16,Month-to-month,DSL,No,No,Yes,Electronic check,58.05,923.56,2,Yes
CUST-11384,Male,1,33,Two year,DSL,Yes,No,Yes,Credit card,40.5,1399.74,2,No
CUST-11385,Male,0,18,One year,Fiber optic,No,No,Yes,Credit card,88.42,1631.03,1,No
CUST-11386,Female,1,43,Month-to-month,No,No,No,No,Bank transfer,38.16,1628.55,3,No
CUST-11387,Male,1,6,Two year,DSL,No,No,Yes,Mailed check,64.12,352.66,1,No
CUST-11388,Female,1,40,Month-to-month,DSL,No,No,Yes,Bank transfer,67.41,2741.99,6,Yes
CUST-11389,Female,0,62,Month-to-month,Fiber optic,No,Yes,No,Credit card,82.82,5147.48,1,No
CUST-11390,Male,0,23,Two year,DSL,No,Yes,Yes,Credit card,41.62,995.71,0,No
CUST-11391,Female,0,8,Two year,Fiber optic,No,Yes,Yes,Credit card,74.61,600.68,2,No
CUST-11392,Female,0,34,One year,Fiber optic,Yes,No,Yes,Mailed check,86.53,2693.65,1,No
CUST-11393,Female,0,23,Two year,DSL,No,No,No,Electronic check,43.93,1001.67,2,No
CUST-11394,Male,1,30,Month-to-month,Fiber optic,No,No,Yes,Electronic check,54.28,1564.23,3,No
CUST-11395,Female,0,44,Month-to-month,DSL,No,No,No,Electronic check,69.64,2951.47,1,No
CUST-11396,Female,0,17,Month-to-month,Fiber optic,No,Yes,No,Electronic check,74.17,1254.58,4,Yes
CUST-11397,Female,0,15,Month-to-month,No,No,No,Yes,Electronic check,22.95,356.24,4,Yes
CUST-11398,Male,0,72,One year,No,No,No,No,Bank transfer,24.86,1814.92,1,Yes
CUST-11399,Male,0,34,Month-to-month,Fiber optic,No,No,No,Credit card,118.92,3652.57,0,No
CUST-11400,Female,0,50,One year,Fiber optic,No,No,Yes,Credit card,92.7,4273.91,3,No
CUST-11401,Male,0,42,Month-to-month,DSL,No,No,Yes,Electronic check,69.56,2788.41,2,No
CUST-11402,Male,0,50,Month-to-month,Fiber optic,No,No,No,Electronic check,94.35,4730.1,4,No
CUST-11403,Male,0,30,One year,DSL,Yes,Yes,No,Credit card,54.06,1613.89,0,No
CUST-11404,Male,0,46,Month-to-month,Fiber optic,No,No,Yes,Credit card,77.55,3479.89,0,Yes
CUST-11405,Male,0,13,One year,DSL,Yes,No,No,Credit card,60.16,754.34,0,No
CUST-11406,Male,0,4,One year,Fiber optic,No,Yes,Yes,Credit card,80.2,326.71,3,No
CUST-11407,Female,1,10,One year,Fiber optic,No,No,Yes,Electronic check,84.06,768.58,1,No
CUST-11408,Male,0,21,Two year,Fiber optic,No,Yes,Yes,Credit card,78.0,1620.45,2,No
CUST-11409,Male,0,18,Two year,DSL,Yes,No,No,Electronic check,39.07,718.17,0,No
CUST-11410,Male,0,23,Month-to-month,Fiber optic,No,Yes,Yes,Electronic check,81.33,1759.98,2,Yes
CUST-11411,Female,0,12,One year,Fiber optic,Yes,Yes,No,Mailed check,66.22,739.31,0,No
CUST-11412,Male,1,2,Month-to-month,No,Yes,No,No,Credit card,34.45,68.97,4,No
CUST-11413,Female,0,16,Month-to-month,Fiber optic,No,No,Yes,Mailed check,64.37,954.13,3,Yes
CUST-11414,Female,0,6,One year,DSL,No,Yes,Yes,Electronic check,49.95,291.7,2,Yes
CUST-11415,Female,0,23,One year,No,No,No,No,Credit card,40.15,958.96,1,No
CUST-11416,Female,0,32,Two year,DSL,No,No,Yes,Electronic check,66.68,1939.74,0,No
CUST-11417,Male,0,16,One year,DSL,Yes,Yes,Yes,Bank transfer,58.85,975.9,0,No
CUST-11418,Female,0,8,One year,DSL,No,No,Yes,Bank transfer,57.16,424.63,2,Yes
CUST-11419,Male,0,24,One year,Fiber optic,No,No,No,Electronic check,99.76,2328.06,2,No
CUST-11420,Female,0,72,Month-to-month,Fiber optic,Yes,Yes,Yes,Mailed check,56.47,3739.91,4,No
CUST-11421,Female,1,34,Month-to-month,Fiber optic,No,No,No,Electronic check,103.91,3555.91,2,No
CUST-11422,Female,0,36,Month-to-month,No,No,No,No,Bank transfer,37.55,1419.0,3,No
CUST-11423,Female,1,15,One year,Fiber optic,Yes,No,Yes,Bank transfer,92.64,1313.55,1,Yes
CUST-11424,Male,0,11,Month-to-month,DSL,Yes,No,Yes,Electronic check,69.22,790.87,3,Yes
CUST-11425,Female,0,50,Month-to-month,Fiber optic,No,No,No,Bank transfer,89.15,4499.8,1,No
CUST-11426,Female,0,1,Month-to-month,Fiber optic,No,No,Yes,Mailed check,106.35,111.12,1,No
CUST-11427,Female,0,12,One year,Fiber optic,No,Yes,Yes,Bank transfer,58.81,706.3,2,No
CUST-11428,Male,0,72,Month-to-month,Fiber optic,No,No,Yes,Bank transfer,95.91,6921.36,2,Yes
CUST-11429,Female,1,21,Month-to-month,Fiber optic,Yes,Yes,No,Credit card,73.81,1614.37,2,No
CUST-11430,Male,0,4,Month-to-month,Fiber optic,Yes,No,Yes,Mailed check,97.39,393.09,2,No
CUST-11431,Male,0,32,Month-to-month,DSL,Yes,Yes,Yes,Bank transfer,65.73,2160.41,3,No
CUST-11432,Male,0,16,Month-to-month,No,No,No,No,Electronic check,26.46,399.03,2,No
CUST-11433,Female,0,3,Two year,DSL,No,No,No,Mailed check,48.8,135.46,1,No
CUST-11434,Male,0,28,Month-to-month,DSL,No,No,Yes,Electronic check,67.25,1875.48,3,No
CUST-11435,Male,0,25,Month-to-month,Fiber optic,Yes,No,No,Mailed check,83.3,1953.25,3,Yes
CUST-11436,Male,0,24,One year,No,Yes,Yes,Yes,Mailed check,23.09,534.5,0,No
CUST-11437,Female,0,34,One year,Fiber optic,No,Yes,Yes,Credit card,93.04,3253.15,0,Yes
CUST-11438,Male,0,7,Month-to-month,Fiber optic,No,No,Yes,Electronic check,92.94,647.08,1,Yes
CUST-11439,Female,0,30,Month-to-month,No,No,No,No,Credit card,18.38,574.38,4,Yes
CUST-11440,Female,0,26,Two year,Fiber optic,No,No,Yes,Electronic check,79.05,1959.01,1,No
CUST-11441,Female,0,50,Two year,Fiber optic,No,No,No,Bank transfer,94.16,4435.43,2,No
CUST-11442,Female,0,12,Month-to-month,Fiber optic,No,No,Yes,Electronic check,76.3,853.45,1,Yes
CUST-11443,Male,0,56,One year,Fiber optic,No,No,No,Credit card,80.29,4705.1,2,No
CUST-11444,Male,0,42,Month-to-month,Fiber optic,Yes,Yes,Yes,Mailed check,82.15,3327.72,4,No
CUST-11445,Male,1,21,Month-to-month,No,No,Yes,No,Electronic check,35.39,771.53,5,Yes
CUST-11446,Female,0,24,Month-to-month,DSL,No,No,No,Electronic check,55.11,1258.91,7,Yes
CUST-11447,Female,0,1,One year,DSL,No,No,No,Bank transfer,44.21,41.7,1,No
CUST-11448,Female,1,23,Month-to-month,Fiber optic,No,Yes,No,Credit card,74.39,1737.59,2,Yes
CUST-11449,Male,0,40,Month-to-month,Fiber optic,No,No,Yes,Bank transfer,82.89,3291.47,2,No
CUST-11450,Male,0,18,Month-to-month,Fiber optic,Yes,No,No,Mailed check,87.33,1538.44,2,Yes
CUST-11451,Male,1,50,Month-to-month,No,Yes,No,No,Credit card,31.31,1512.36,3,No
CUST-11452,Male,1,33,Month-to-month,Fiber optic,No,No,Yes,Mailed check,91.26,2921.19,3,No
CUST-11453,Male,0,72,Month-to-month,No,No,Yes,Yes,Electronic check,20.44,1508.77,4,No
CUST-11454,Female,0,13,One year,DSL,No,No,Yes,Electronic check,68.85,826.16,2,Yes
CUST-11455,Male,0,37,Month-to-month,DSL,Yes,No,No,Bank transfer,57.79,1940.7,0,No
CUST-11456,Female,1,6,Month-to-month,DSL,No,Yes,Yes,Credit card,53.76,290.59,2,No
CUST-11457,Male,1,20,One year,Fiber optic,Yes,No,Yes,Bank transfer,99.34,1935.67,3,Yes
CUST-11458,Male,0,34,Month-to-month,DSL,No,No,Yes,Electronic check,86.07,2992.92,2,No
CUST-11459,Female,0,39,Month-to-month,DSL,No,No,No,Mailed check,44.31,1729.16,2,No
CUST-11460,Female,0,17,Two year,Fiber optic,No,No,Yes,Electronic check,106.69,1901.89,1,No
CUST-11461,Male,0,53,One year,DSL,Yes,No,No,Credit card,56.97,2993.69,2,No
CUST-11462,Male,0,62,Month-to-month,Fiber optic,Yes,Yes,Yes,Electronic check,71.97,4356.41,2,No
CUST-11463,Male,0,13,Month-to-month,No,Yes,No,Yes,Credit card,30.26,388.4,5,Yes
CUST-11464,Female,0,20,Month-to-month,DSL,No,Yes,No,Mailed check,67.69,1397.47,2,No
CUST-11465,Male,0,18,Month-to-month,Fiber optic,Yes,No,Yes,Bank transfer,73.34,1190.96,3,No
CUST-11466,Female,0,15,Two year,DSL,No,Yes,No,Bank transfer,45.93,668.31,2,No
CUST-11467,Male,0,59,One year,DSL,Yes,Yes,No,Credit card,44.5,2524.6,0,No
CUST-11468,Female,0,59,Month-to-month,DSL,No,No,Yes,Bank transfer,64.41,3963.86,2,No
CUST-11469,Male,0,19,Month-to-month,Fiber optic,No,Yes,Yes,Mailed check,80.73,1423.58,2,No
CUST-11470,Female,1,37,Month-to-month,Fiber optic,Yes,No,Yes,Electronic check,73.78,2467.17,3,Yes
CUST-11471,Female,0,49,Month-to-month,Fiber optic,No,No,Yes,Electronic check,102.23,4982.87,1,Yes
CUST-11472,Male,0,28,Month-to-month,No,Yes,No,Yes,Bank transfer,22.52,626.63,1,Yes
CUST-11473,Male,0,18,Month-to-month,DSL,No,Yes,No,Mailed check,46.09,786.39,5,Yes
CUST-11474,Female,0,12,Two year,Fiber optic,No,No,Yes,Bank transfer,63.3,745.12,1,No
CUST-11475,Male,0,40,One year,Fiber optic,Yes,No,No,Credit card,95.4,3776.13,1,No
CUST-11476,Male,0,6,Two year,DSL,Yes,Yes,Yes,Electronic check,56.7,324.2,3,No
CUST-11477,Male,0,18,Two year,DSL,No,Yes,Yes,Electronic check,43.19,748.67,2,No
CUST-11478,Male,0,16,Two year,DSL,No,No,Yes,Mailed check,60.05,885.22,1,No
CUST-11479,Male,0,6,Two year,DSL,No,No,Yes,Electronic check,67.69,412.47,2,No
CUST-11480,Male,0,22,Month-to-month,DSL,No,No,Yes,Electronic check,42.63,898.91,3,Yes
CUST-11481,Male,0,20,Month-to-month,DSL,No,Yes,No,Mailed check,51.08,1018.44,1,No
CUST-11482,Male,0,10,Month-to-month,No,Yes,Yes,No,Mailed check,22.4,215.89,0,No
CUST-11483,Male,0,57,One year,No,Yes,Yes,Yes,Electronic check,20.99,1105.79,0,No
CUST-11484,Male,0,40,One year,Fiber optic,No,No,No,Electronic check,92.95,3736.92,0,No
CUST-11485,Female,0,24,Month-to-month,Fiber optic,No,No,Yes,Electronic check,92.7,2141.56,3,Yes
CUST-11486,Male,0,44,Two year,No,No,No,No,Credit card,18.0,734.82,2,No
CUST-11487,Male,0,52,One year,Fiber optic,Yes,No,Yes,Bank transfer,76.22,4122.32,0,No
CUST-11488,Male,1,59,One year,Fiber optic,No,No,Yes,Electronic check,80.55,4914.21,2,No
CUST-11489,Female,1,13,Month-to-month,Fiber optic,No,No,No,Bank transfer,74.05,971.37,2,Yes
CUST-11490,Male,1,44,Month-to-month,No,No,No,Yes,Bank transfer,32.72,1420.1,2,No
CUST-11491,Male,0,20,Month-to-month,Fiber optic,No,No,No,Mailed check,112.12,2228.43,1,No
CUST-11492,Male,0,27,Month-to-month,DSL,No,No,No,Bank transfer,56.09,1444.91,2,No
CUST-11493,Male,0,13,One year,Fiber optic,Yes,Yes,Yes,Credit card,79.75,973.92,2,No
CUST-11494,Male,0,23,Month-to-month,DSL,No,No,Yes,Credit card,52.99,1205.24,2,No
CUST-11495,Male,0,45,Month-to-month,DSL,No,Yes,Yes,Electronic check,49.74,2263.06,0,No
CUST-11496,Female,0,70,Month-to-month,Fiber optic,No,No,Yes,Mailed check,91.52,6241.67,3,No
CUST-11497,Female,0,21,One year,Fiber optic,No,No,No,Mailed check,78.02,1694.72,3,No
CUST-11498,Male,0,10,Month-to-month,DSL,No,No,Yes,Electronic check,51.29,491.47,2,Yes
CUST-11499,Female,0,72,Two year,DSL,Yes,Yes,Yes,Credit card,36.81,2535.14,2,No
CUST-11500,Female,0,12,Month-to-month,Fiber optic,Yes,No,Yes,Credit card,82.14,949.99,0,No
CUST-11501,Male,0,4,Two year,DSL,Yes,Yes,No,Bank transfer,54.22,218.12,1,No
CUST-11502,Male,1,14,Month-to-month,No,No,No,Yes,Electronic check,20.18,255.44,4,Yes
CUST-11503,Male,0,50,Month-to-month,Fiber optic,Yes,Yes,No,Electronic check,82.57,3934.73,2,No
CUST-11504,Female,0,11,Two year,Fiber optic,No,No,Yes,Electronic check,66.36,738.3,1,Yes
CUST-11505,Male,0,8,One year,DSL,Yes,No,Yes,Bank transfer,55.54,436.85,3,No
CUST-11506,Female,0,25,One year,No,No,Yes,No,Electronic check,31.04,734.58,2,No
CUST-11507,Male,0,70,One year,No,No,No,Yes,Bank transfer,25.25,1765.09,0,No
CUST-11508,Female,0,33,Month-to-month,DSL,Yes,No,No,Credit card,60.61,2070.36,1,No
CUST-11509,Female,0,6,One year,Fiber optic,No,No,Yes,Electronic check,79.47,465.27,1,No
CUST-11510,Male,0,72,Month-to-month,Fiber optic,Yes,No,Yes,Credit card,102.4,7453.02,6,Yes
CUST-11511,Male,0,30,One year,DSL,No,No,No,Mailed check,41.92,1169.17,3,Yes
CUST-11512,Female,1,47,Two year,Fiber optic,No,Yes,Yes,Mailed check,93.97,4288.38,0,No
CUST-11513,Male,0,5,Two year,No,No,No,Yes,Electronic check,24.33,114.81,1,No
CUST-11514,Male,0,72,One year,Fiber optic,No,No,Yes,Electronic check,90.22,6813.27,2,No
CUST-11515,Female,0,17,One year,No,No,No,No,Bank transfer,18.0,285.44,3,No
CUST-11516,Male,0,4,Month-to-month,DSL,Yes,No,No,Bank transfer,49.43,206.06,0,No
CUST-11517,Male,0,28,Month-to-month,No,No,No,Yes,Bank transfer,25.99,699.51,2,No
CUST-11518,Male,0,47,Two year,No,No,Yes,Yes,Electronic check,19.35,886.38,2,No
CUST-11519,Male,0,37,One year,DSL,No,No,No,Bank transfer,78.38,2837.78,2,No
CUST-11520,Female,0,36,Month-to-month,Fiber optic,Yes,No,No,Bank transfer,97.07,3271.8,2,No
CUST-11521,Female,0,34,One year,Fiber optic,Yes,No,No,Mailed check,71.36,2270.66,0,Yes
CUST-11522,Male,0,26,Month-to-month,No,No,No,Yes,Electronic check,18.0,447.6,4,No
CUST-11523,Male,1,5,Two year,DSL,No,No,Yes,Bank transfer,53.79,272.11,1,No
CUST-11524,Female,0,20,Two year,DSL,No,Yes,Yes,Credit card,58.28,1171.55,0,No
CUST-11525,Male,1,17,Month-to-month,Fiber optic,No,No,Yes,Credit card,71.7,1279.44,4,Yes
CUST-11526,Male,0,59,Month-to-month,Fiber optic,Yes,Yes,No,Credit card,84.56,4556.44,6,No
CUST-11527,Male,0,50,One year,Fiber optic,Yes,No,No,Electronic check,66.62,3377.53,1,Yes
CUST-11528,Male,0,15,Month-to-month,Fiber optic,No,No,No,Bank transfer,84.41,1176.59,4,No
CUST-11529,Female,1,41,Two year,No,Yes,Yes,Yes,Mailed check,31.56,1263.65,2,No
CUST-11530,Male,0,22,Month-to-month,DSL,Yes,No,Yes,Electronic check,34.26,700.52,4,No
CUST-11531,Male,0,4,Month-to-month,No,No,No,Yes,Electronic check,24.88,103.54,4,No
CUST-11532,Female,0,1,Month-to-month,Fiber optic,No,Yes,Yes,Bank transfer,65.13,63.57,2,Yes
CUST-11533,Male,0,38,One year,No,No,Yes,Yes,Credit card,18.0,663.77,1,No
CUST-11534,Female,0,9,One year,DSL,Yes,No,No,Bank transfer,43.26,368.37,1,Yes
CUST-11535,Male,0,9,Two year,Fiber optic,No,No,No,Bank transfer,82.87,721.44,0,No
CUST-11536,Male,0,12,Two year,No,No,Yes,No,Mailed check,43.78,481.55,0,No
CUST-11537,Male,1,39,One year,Fiber optic,No,No,Yes,Mailed check,75.18,2939.85,1,No
CUST-11538,Female,0,51,Month-to-month,DSL,Yes,No,Yes,Electronic check,54.33,2730.77,5,No
CUST-11539,Female,0,50,Month-to-month,Fiber optic,No,No,Yes,Electronic check,79.8,3650.38,1,No
CUST-11540,Male,0,3,Two year,DSL,No,No,No,Mailed check,31.83,87.4,1,No
CUST-11541,Male,0,12,Month-to-month,DSL,Yes,Yes,Yes,Credit card,56.49,639.86,2,No
CUST-11542,Male,0,10,Two year,Fiber optic,No,No,Yes,Credit card,79.66,773.51,1,No
CUST-11543,Female,1,39,Two year,No,No,No,Yes,Credit card,40.18,1462.82,1,No
CUST-11544,Male,0,12,One year,Fiber optic,No,No,No,Mailed check,71.28,786.71,0,Yes
CUST-11545,Female,0,21,One year,DSL,Yes,Yes,Yes,Bank transfer,33.38,641.03,2,Yes
CUST-11546,Female,0,41,Two year,DSL,Yes,No,Yes,Credit card,34.99,1356.67,1,No
CUST-11547,Female,0,24,One year,Fiber optic,No,No,No,Electronic check,96.98,2314.5,0,No
CUST-11548,Male,0,30,One year,DSL,No,Yes,Yes,Mailed check,50.38,1513.94,1,No
CUST-11549,Male,0,20,Month-to-month,No,Yes,Yes,Yes,Mailed check,28.6,538.98,0,Yes
CUST-11550,Male,1,47,Month-to-month,DSL,Yes,No,Yes,Credit card,58.27,2645.9,2,Yes
CUST-11551,Female,0,50,Month-to-month,DSL,No,No,Yes,Bank transfer,58.07,2886.91,1,No
CUST-11552,Female,0,34,Two year,Fiber optic,No,No,Yes,Credit card,93.6,3036.16,3,No
CUST-11553,Female,0,51,One year,DSL,No,Yes,No,Electronic check,47.9,2557.19,1,No
CUST-11554,Male,0,72,One year,Fiber optic,Yes,No,Yes,Electronic check,83.84,6059.82,2,No
CUST-11555,Male,1,41,Month-to-month,Fiber optic,No,No,Yes,Bank transfer,91.33,3694.77,1,No
CUST-11556,Female,0,23,Two year,DSL,Yes,No,Yes,Electronic check,60.8,1362.98,1,No
CUST-11557,Female,1,31,Month-to-month,Fiber optic,No,Yes,Yes,Credit card,98.29,2967.24,0,No
CUST-11558,Female,0,54,One year,Fiber optic,No,Yes,Yes,Bank transfer,85.25,4344.43,1,No
CUST-11559,Female,0,17,Month-to-month,Fiber optic,No,No,No,Bank transfer,68.48,1061.31,1,No
CUST-11560,Male,1,15,Two year,DSL,Yes,No,No,Electronic check,55.56,854.84,2,No
CUST-11561,Male,0,30,One year,Fiber optic,No,No,Yes,Credit card,83.51,2594.99,2,No
CUST-11562,Male,0,22,Month-to-month,Fiber optic,No,No,No,Credit card,76.75,1766.39,3,Yes
CUST-11563,Female,0,10,Month-to-month,DSL,No,No,Yes,Credit card,47.59,457.16,4,Yes
CUST-11564,Female,0,27,Month-to-month,DSL,Yes,No,Yes,Bank transfer,43.74,1230.65,1,No
CUST-11565,Male,0,62,Month-to-month,DSL,Yes,No,Yes,Bank transfer,51.42,3205.26,1,No
CUST-11566,Female,0,34,Month-to-month,DSL,Yes,Yes,Yes,Mailed check,60.41,1978.58,2,No
CUST-11567,Female,0,8,Month-to-month,DSL,No,Yes,Yes,Electronic check,44.33,368.04,2,No
CUST-11568,Female,1,38,Month-to-month,No,Yes,No,No,Credit card,18.0,714.97,1,No
CUST-11569,Female,0,19,Month-to-month,Fiber optic,No,Yes,No,Electronic check,82.78,1541.47,1,No
CUST-11570,Male,0,72,One year,Fiber optic,No,No,No,Electronic check,76.71,5616.39,0,Yes
CUST-11571,Male,0,36,Month-to-month,DSL,No,No,Yes,Credit card,63.67,2330.04,2,Yes
CUST-11572,Female,0,14,Month-to-month,DSL,No,Yes,No,Bank transfer,63.48,880.99,4,No
CUST-11573,Female,0,40,Two year,Fiber optic,No,Yes,No,Bank transfer,106.14,4090.27,1,No
CUST-11574,Male,0,28,Month-to-month,Fiber optic,No,No,Yes,Electronic check,64.55,1662.98,1,Yes
CUST-11575,Male,0,58,One year,No,No,No,Yes,Credit card,31.55,1920.71,2,No
CUST-11576,Female,0,15,Two year,DSL,Yes,No,No,Mailed check,56.91,777.46,0,Yes
CUST-11577,Female,0,35,One year,DSL,Yes,Yes,Yes,Mailed check,54.46,1754.18,0,No
CUST-11578,Male,0,5,Month-to-month,Fiber optic,Yes,No,No,Electronic check,88.94,425.24,3,No
CUST-11579,Female,0,26,Month-to-month,DSL,No,No,Yes,Mailed check,50.18,1252.22,1,No
CUST-11580,Male,0,8,Two year,DSL,Yes,No,Yes,Mailed check,33.81,254.26,1,No
CUST-11581,Male,0,28,Two year,DSL,No,No,No,Electronic check,52.02,1328.01,3,No
CUST-11582,Female,0,32,Month-to-month,DSL,No,No,Yes,Mailed check,48.08,1592.42,2,No
CUST-11583,Male,0,34,One year,No,No,No,No,Credit card,39.96,1327.29,1,No
CUST-11584,Female,0,15,Two year,No,No,No,No,Electronic check,37.95,595.11,1,No
CUST-11585,Male,1,26,Two year,Fiber optic,No,No,Yes,Electronic check,89.35,2396.77,1,No
CUST-11586,Female,0,53,Month-to-month,Fiber optic,Yes,No,Yes,Credit card,76.0,3923.68,2,No
CUST-11587,Male,0,72,Month-to-month,Fiber optic,No,No,No,Bank transfer,95.71,6603.33,0,No
CUST-11588,Female,0,27,Month-to-month,Fiber optic,No,Yes,Yes,Bank transfer,50.34,1275.27,3,No
CUST-11589,Male,0,54,Month-to-month,Fiber optic,No,No,Yes,Bank transfer,80.66,4568.65,2,Yes
CUST-11590,Female,0,11,One year,Fiber optic,Yes,No,Yes,Electronic check,86.48,942.52,1,Yes
CUST-11591,Male,0,17,Month-to-month,No,No,No,No,Bank transfer,21.1,368.03,3,No
CUST-11592,Male,0,30,Month-to-month,DSL,No,No,Yes,Credit card,49.87,1567.52,6,Yes
CUST-11593,Male,0,22,Month-to-month,Fiber optic,Yes,No,Yes,Mailed check,87.82,1803.82,1,No
CUST-11594,Female,0,21,Two year,No,Yes,No,No,Credit card,38.53,840.42,0,No
CUST-11595,Male,0,50,Two year,No,No,Yes,Yes,Bank transfer,34.27,1746.15,2,No
CUST-11596,Female,0,9,Two year,No,No,No,Yes,Electronic check,25.66,223.59,4,No
CUST-11597,Female,0,10,Two year,Fiber optic,Yes,Yes,Yes,Electronic check,63.95,666.6,1,No
CUST-11598,Female,0,7,Two year,Fiber optic,No,No,Yes,Electronic check,61.08,422.65,0,No
CUST-11599,Female,1,30,Month-to-month,DSL,Yes,No,Yes,Credit card,60.7,1746.39,3,Yes
CUST-11600,Male,0,19,Month-to-month,Fiber optic,Yes,Yes,Yes,Credit card,88.35,1551.02,3,Yes
CUST-11601,Female,0,47,Two year,DSL,Yes,No,No,Electronic check,64.08,3039.31,2,No
CUST-11602,Female,0,28,One year,Fiber optic,Yes,No,Yes,Mailed check,76.21,2168.2,1,Yes
CUST-11603,Male,0,15,Month-to-month,No,No,No,No,Credit card,18.0,251.38,2,Yes
CUST-11604,Male,1,13,Two year,No,Yes,Yes,Yes,Bank transfer,28.62,355.63,1,Yes
CUST-11605,Female,0,21,Month-to-month,Fiber optic,Yes,Yes,Yes,Credit card,92.2,1758.52,1,No
CUST-11606,Male,0,8,Two year,DSL,Yes,No,No,Electronic check,53.25,419.01,1,No
CUST-11607,Female,0,51,One year,Fiber optic,Yes,No,No,Electronic check,58.54,2955.48,0,No
CUST-11608,Male,1,18,Month-to-month,DSL,No,No,No,Electronic check,66.53,1230.17,3,Yes
CUST-11609,Male,0,5,Two year,DSL,No,No,No,Bank transfer,54.38,245.77,2,No
CUST-11610,Female,0,58,One year,No,No,No,No,Credit card,26.23,1396.76,2,No
CUST-11611,Male,0,22,One year,Fiber optic,Yes,No,Yes,Credit card,108.55,2160.52,1,No
CUST-11612,Female,0,38,One year,DSL,Yes,Yes,No,Mailed check,51.95,2056.54,5,No
CUST-11613,Female,0,15,Month-to-month,Fiber optic,No,Yes,Yes,Mailed check,92.05,1348.84,5,Yes
CUST-11614,Male,0,60,Month-to-month,DSL,Yes,No,No,Credit card,52.62,2957.96,2,No
CUST-11615,Male,0,11,Month-to-month,Fiber optic,No,Yes,Yes,Mailed check,99.81,991.28,8,No
CUST-11616,Female,0,19,Month-to-month,DSL,No,No,No,Mailed check,51.11,887.98,2,No
CUST-11617,Female,1,4,Month-to-month,DSL,No,No,Yes,Electronic check,50.08,201.92,2,No
CUST-11618,Male,0,59,Month-to-month,Fiber optic,Yes,Yes,Yes,Bank transfer,111.75,6408.98,9,No
CUST-11619,Female,0,14,Month-to-month,Fiber optic,No,Yes,Yes,Electronic check,80.47,1137.98,4,Yes
CUST-11620,Male,1,31,One year,Fiber optic,No,Yes,Yes,Mailed check,91.71,2671.86,0,No
CUST-11621,Male,0,34,Month-to-month,No,Yes,Yes,Yes,Bank transfer,18.0,591.15,2,No
CUST-11622,Female,1,52,Month-to-month,No,Yes,Yes,No,Bank transfer,23.37,1207.6,1,No
CUST-11623,Male,0,29,Two year,No,No,Yes,Yes,Electronic check,25.44,687.36,2,No
CUST-11624,Female,1,23,Two year,No,Yes,No,Yes,Mailed check,18.0,390.46,0,No
CUST-11625,Female,0,48,Two year,No,Yes,No,No,Mailed check,27.75,1227.04,2,No
CUST-11626,Female,0,34,Month-to-month,No,No,Yes,Yes,Electronic check,31.29,1071.1,2,Yes
CUST-11627,Female,0,20,One year,DSL,No,No,No,Electronic check,42.52,839.69,3,No
CUST-11628,Male,0,60,Month-to-month,DSL,Yes,No,No,Mailed check,58.33,3383.48,3,Yes
CUST-11629,Male,1,36,One year,Fiber optic,No,Yes,No,Electronic check,93.85,3328.23,1,No
CUST-11630,Female,0,7,Two year,No,Yes,Yes,No,Bank transfer,28.99,187.8,1,No
CUST-11631,Female,0,68,Month-to-month,No,No,No,Yes,Bank transfer,28.81,2001.93,1,No
CUST-11632,Male,0,15,Two year,Fiber optic,No,Yes,Yes,Credit card,107.36,1631.81,2,No
CUST-11633,Female,0,52,One year,No,Yes,No,No,Bank transfer,34.07,1642.71,2,No
CUST-11634,Male,0,6,Month-to-month,Fiber optic,Yes,No,Yes,Credit card,59.14,366.49,4,No
CUST-11635,Female,0,48,Month-to-month,Fiber optic,Yes,No,No,Credit card,88.32,4066.15,4,Yes
CUST-11636,Male,0,8,Two year,DSL,No,No,No,Mailed check,58.34,452.5,4,Yes
CUST-11637,Female,1,28,Month-to-month,Fiber optic,No,Yes,Yes,Electronic check,92.97,2550.35,5,Yes
CUST-11638,Male,0,35,Month-to-month,DSL,No,No,No,Electronic check,52.66,1878.1,4,No
CUST-11639,Male,0,20,Month-to-month,DSL,No,Yes,No,Bank transfer,46.91,867.53,1,No
CUST-11640,Female,0,25,Two year,Fiber optic,No,No,No,Electronic check,74.47,1749.58,2,No
CUST-11641,Male,0,10,Month-to-month,DSL,No,Yes,Yes,Electronic check,49.15,511.4,1,Yes
CUST-11642,Male,0,45,Two year,No,No,Yes,Yes,Electronic check,23.72,1111.0,1,No
CUST-11643,Female,0,30,One year,Fiber optic,No,No,No,Electronic check,83.0,2543.26,1,No
CUST-11644,Male,0,11,Month-to-month,Fiber optic,No,Yes,No,Electronic check,79.32,807.26,3,No
CUST-11645,Male,0,30,Month-to-month,DSL,No,Yes,Yes,Credit card,52.09,1545.99,3,No
CUST-11646,Male,0,31,One year,No,No,No,Yes,Electronic check,18.0,539.53,2,No
CUST-11647,Female,0,26,Month-to-month,Fiber optic,Yes,Yes,Yes,Electronic check,80.61,1911.64,3,Yes
CUST-11648,Female,0,1,Month-to-month,Fiber optic,No,Yes,Yes,Credit card,96.0,87.48,2,No
CUST-11649,Female,0,18,Month-to-month,Fiber optic,Yes,Yes,Yes,Credit card,76.96,1424.8,3,No
CUST-11650,Male,0,44,Two year,Fiber optic,Yes,No,No,Credit card,108.52,4362.39,2,No
CUST-11651,Male,0,36,One year,Fiber optic,Yes,No,Yes,Credit card,76.29,2583.6,4,No
CUST-11652,Male,0,36,Month-to-month,Fiber optic,No,No,Yes,Mailed check,98.8,3281.57,4,Yes
CUST-11653,Female,0,29,Month-to-month,No,Yes,No,No,Electronic check,33.86,968.55,1,No
CUST-11654,Male,0,48,Month-to-month,DSL,Yes,No,No,Credit card,49.44,2406.51,2,No
CUST-11655,Male,0,15,One year,No,Yes,No,No,Mailed check,23.1,325.59,1,No
CUST-11656,Female,1,12,Month-to-month,Fiber optic,No,No,Yes,Electronic check,74.07,904.17,4,Yes
CUST-11657,Female,0,72,Two year,DSL,No,No,Yes,Bank transfer,62.51,4168.51,1,No
CUST-11658,Female,0,13,Two year,DSL,Yes,Yes,Yes,Electronic check,56.55,700.99,1,No
CUST-11659,Male,0,7,Month-to-month,Fiber optic,No,No,No,Electronic check,84.32,552.74,1,No
CUST-11660,Female,0,20,Two year,DSL,No,Yes,No,Bank transfer,34.91,675.94,3,No
CUST-11661,Female,0,27,One year,No,No,No,Yes,Electronic check,32.52,919.58,1,No
CUST-11662,Male,1,48,One year,Fiber optic,No,No,No,Electronic check,79.09,3836.21,0,No
CUST-11663,Female,0,18,Month-to-month,No,No,No,No,Bank transfer,34.01,569.82,5,No
CUST-11664,Female,0,18,Two year,DSL,Yes,No,Yes,Electronic check,66.31,1247.33,1,No
CUST-11665,Male,0,25,Month-to-month,Fiber optic,No,Yes,Yes,Credit card,93.3,2337.59,3,No
CUST-11666,Female,0,15,Two year,DSL,Yes,Yes,Yes,Electronic check,49.76,722.66,0,No
CUST-11667,Female,0,6,Month-to-month,Fiber optic,No,No,No,Electronic check,100.5,625.58,1,Yes
CUST-11668,Female,0,8,Month-to-month,Fiber optic,No,Yes,Yes,Credit card,96.83,785.85,2,Yes
CUST-11669,Female,0,57,Two year,Fiber optic,Yes,Yes,Yes,Electronic check,97.47,5607.71,1,No
CUST-11670,Female,1,41,Month-to-month,Fiber optic,No,Yes,Yes,Credit card,94.15,3590.52,5,No
CUST-11671,Female,0,24,Month-to-month,DSL,No,No,No,Credit card,58.22,1284.29,0,No
CUST-11672,Male,1,36,Two year,DSL,No,No,Yes,Electronic check,49.9,1850.0,2,No
CUST-11673,Female,0,42,Month-to-month,Fiber optic,Yes,Yes,Yes,Bank transfer,68.5,2882.95,4,No
CUST-11674,Female,0,14,Two year,DSL,Yes,No,Yes,Electronic check,63.2,904.78,6,Yes
CUST-11675,Female,0,10,Two year,Fiber optic,No,No,Yes,Credit card,104.05,1055.99,3,No
CUST-11676,Male,0,53,Month-to-month,Fiber optic,No,No,Yes,Credit card,73.26,4020.25,1,No
CUST-11677,Male,1,2,One year,No,Yes,Yes,Yes,Electronic check,18.0,34.43,0,No
CUST-11678,Female,0,37,Two year,No,Yes,Yes,Yes,Credit card,23.94,843.71,2,No
CUST-11679,Female,1,28,Two year,Fiber optic,No,No,Yes,Electronic check,66.34,1737.89,2,Yes
CUST-11680,Female,0,50,Month-to-month,No,Yes,Yes,No,Bank transfer,18.0,824.23,1,No
CUST-11681,Male,0,38,One year,Fiber optic,No,Yes,Yes,Electronic check,53.04,1960.11,1,No
CUST-11682,Male,0,36,One year,DSL,Yes,No,Yes,Electronic check,58.96,2068.8,1,No
CUST-11683,Female,0,10,Month-to-month,No,No,No,Yes,Mailed check,30.44,279.16,1,Yes
CUST-11684,Male,1,43,One year,Fiber optic,No,Yes,Yes,Mailed check,66.38,2827.11,1,No
CUST-11685,Female,0,33,Month-to-month,Fiber optic,Yes,No,No,Electronic check,104.49,3291.19,4,Yes
CUST-11686,Male,0,12,Month-to-month,Fiber optic,Yes,No,No,Mailed check,85.69,995.87,2,No
CUST-11687,Male,0,28,Month-to-month,No,No,No,Yes,Credit card,40.37,1103.78,6,No
CUST-11688,Female,0,8,Two year,Fiber optic,Yes,No,No,Credit card,90.37,684.33,1,No
CUST-11689,Male,0,21,Month-to-month,No,Yes,No,No,Mailed check,24.57,517.44,2,No
CUST-11690,Female,0,72,Month-to-month,DSL,No,No,No,Mailed check,54.46,3828.95,4,No
CUST-11691,Female,0,10,Month-to-month,No,No,Yes,No,Credit card,18.0,173.92,2,No
CUST-11692,Female,0,6,Month-to-month,Fiber optic,Yes,No,Yes,Bank transfer,91.62,528.52,1,No
CUST-11693,Male,0,8,Two year,Fiber optic,No,No,Yes,Mailed check,116.27,840.45,1,No
CUST-11694,Male,0,21,Month-to-month,No,No,Yes,Yes,Electronic check,28.23,602.13,3,No
CUST-11695,Female,0,40,Month-to-month,DSL,No,Yes,Yes,Credit card,56.3,2353.1,4,No
CUST-11696,Male,0,25,Two year,DSL,No,Yes,Yes,Mailed check,80.14,1842.47,5,Yes
CUST-11697,Male,1,6,Month-to-month,No,No,Yes,No,Electronic check,31.77,179.84,3,Yes
CUST-11698,Male,0,39,Month-to-month,No,No,Yes,Yes,Credit card,26.41,1058.01,2,No
CUST-11699,Female,0,3,Two year,Fiber optic,No,No,No,Bank transfer,104.83,316.47,2,No
CUST-11700,Male,0,7,One year,Fiber optic,No,No,Yes,Credit card,82.57,547.28,0,Yes
CUST-11701,Male,0,15,Month-to-month,DSL,No,No,No,Electronic check,76.16,1139.4,1,Yes
CUST-11702,Female,0,52,One year,Fiber optic,Yes,Yes,Yes,Credit card,57.19,3085.79,1,No
CUST-11703,Male,0,26,One year,Fiber optic,No,No,Yes,Credit card,67.91,1647.2,1,No
CUST-11704,Female,0,27,One year,No,No,No,No,Bank transfer,33.85,915.77,1,No
CUST-11705,Female,0,7,Month-to-month,Fiber optic,No,No,Yes,Credit card,107.57,769.37,4,Yes
CUST-11706,Female,0,16,Two year,Fiber optic,Yes,No,No,Mailed check,107.79,1576.87,4,No
CUST-11707,Female,0,47,One year,Fiber optic,No,No,Yes,Mailed check,99.4,4859.61,2,No
CUST-11708,Male,0,32,One year,No,No,No,Yes,Bank transfer,19.22,641.99,0,No
CUST-11709,Male,0,40,Two year,Fiber optic,No,No,No,Credit card,74.39,3005.2,1,No
CUST-11710,Male,0,24,Two year,DSL,Yes,No,Yes,Bank transfer,46.44,1089.41,2,No
CUST-11711,Male,0,47,One year,Fiber optic,Yes,Yes,No,Credit card,69.9,3254.49,1,No
CUST-11712,Female,0,7,Month-to-month,Fiber optic,Yes,Yes,Yes,Mailed check,54.48,380.3,3,Yes
CUST-11713,Female,0,21,Month-to-month,DSL,No,No,No,Bank transfer,60.65,1175.64,0,No
CUST-11714,Female,0,35,One year,Fiber optic,No,No,No,Mailed check,77.41,2558.28,1,No
CUST-11715,Female,0,4,Month-to-month,DSL,Yes,No,No,Credit card,40.5,148.25,3,No
CUST-11716,Female,0,1,One year,Fiber optic,Yes,Yes,Yes,Bank transfer,87.03,83.16,2,No
CUST-11717,Male,0,72,One year,Fiber optic,No,No,Yes,Credit card,74.66,5438.44,2,Yes
CUST-11718,Male,1,26,One year,Fiber optic,Yes,No,Yes,Credit card,93.53,2511.72,1,Yes
CUST-11719,Female,0,4,Month-to-month,Fiber optic,No,Yes,No,Bank transfer,74.94,286.49,4,Yes
CUST-11720,Male,0,26,Two year,Fiber optic,No,Yes,Yes,Electronic check,85.15,2197.13,0,No
CUST-11721,Female,0,7,One year,DSL,No,No,No,Bank transfer,52.24,361.71,1,No
CUST-11722,Female,0,10,Month-to-month,DSL,Yes,Yes,No,Bank transfer,50.25,487.82,3,No
CUST-11723,Female,0,53,One year,Fiber optic,No,No,No,Electronic check,85.31,4540.24,2,No
CUST-11724,Female,0,15,Month-to-month,No,Yes,No,Yes,Electronic check,18.0,249.11,4,No
CUST-11725,Female,1,15,One year,DSL,No,No,Yes,Credit card,58.25,796.13,2,No
CUST-11726,Female,0,7,Month-to-month,DSL,Yes,No,Yes,Mailed check,49.0,326.63,2,Yes
CUST-11727,Female,0,18,One year,No,No,Yes,No,Credit card,39.79,748.75,2,No
CUST-11728,Male,0,28,Month-to-month,DSL,No,Yes,No,Electronic check,72.16,2107.43,5,Yes
CUST-11729,Male,0,15,Month-to-month,No,No,No,Yes,Credit card,23.14,345.31,2,No
CUST-11730,Female,1,72,Month-to-month,No,Yes,No,Yes,Bank transfer,24.94,1771.69,3,No
CUST-11731,Female,0,9,Month-to-month,DSL,Yes,No,No,Bank transfer,36.97,331.1,2,No
CUST-11732,Female,0,9,Two year,DSL,Yes,Yes,Yes,Bank transfer,59.76,518.67,3,Yes
CUST-11733,Female,0,18,Two year,No,No,No,Yes,Mailed check,19.46,330.47,1,No
CUST-11734,Female,0,72,Month-to-month,DSL,Yes,Yes,No,Bank transfer,38.8,2516.44,3,No
CUST-11735,Female,0,41,Month-to-month,Fiber optic,No,No,Yes,Electronic check,82.33,3047.68,1,No
CUST-11736,Female,0,15,One year,DSL,Yes,No,Yes,Mailed check,38.4,602.32,0,No
CUST-11737,Male,1,15,Month-to-month,Fiber optic,No,Yes,No,Credit card,72.75,1103.98,2,Yes
CUST-11738,Male,0,9,Month-to-month,No,No,Yes,Yes,Credit card,18.86,170.35,1,No
CUST-11739,Male,0,17,Month-to-month,Fiber optic,No,Yes,No,Credit card,79.18,1381.98,3,No
CUST-11740,Male,0,20,One year,DSL,No,No,No,Credit card,68.48,1357.31,1,No
CUST-11741,Female,0,39,Two year,Fiber optic,Yes,Yes,Yes,Credit card,61.95,2416.21,1,No
CUST-11742,Male,0,34,Month-to-month,Fiber optic,No,No,Yes,Credit card,94.39,3268.74,1,No
CUST-11743,Male,0,17,Two year,DSL,Yes,Yes,No,Bank transfer,45.21,706.14,2,No
CUST-11744,Male,0,66,Two year,Fiber optic,Yes,No,Yes,Electronic check,84.83,5196.48,0,No
CUST-11745,Female,0,13,Two year,Fiber optic,No,No,Yes,Bank transfer,81.63,1043.53,0,No
CUST-11746,Female,1,5,One year,DSL,Yes,Yes,Yes,Electronic check,64.43,294.62,2,No
CUST-11747,Male,0,29,Two year,No,No,Yes,No,Electronic check,23.02,666.78,0,No
CUST-11748,Female,0,51,One year,Fiber optic,No,Yes,No,Bank transfer,106.61,5571.93,3,No
CUST-11749,Female,0,23,Two year,DSL,No,No,Yes,Credit card,59.92,1413.44,1,Yes
CUST-11750,Female,0,7,Month-to-month,DSL,No,No,Yes,Electronic check,65.92,437.66,2,Yes
CUST-11751,Female,0,27,One year,Fiber optic,Yes,Yes,No,Bank transfer,105.48,2649.74,1,No
CUST-11752,Female,0,30,One year,DSL,No,No,No,Mailed check,54.13,1694.99,2,No
CUST-11753,Male,0,32,Month-to-month,DSL,Yes,Yes,Yes,Credit card,48.17,1598.37,3,Yes
CUST-11754,Female,1,27,Month-to-month,Fiber optic,No,No,No,Bank transfer,97.72,2498.75,2,Yes
CUST-11755,Male,0,55,Month-to-month,Fiber optic,No,Yes,Yes,Bank transfer,69.38,3946.27,4,No
CUST-11756,Male,0,9,Month-to-month,DSL,Yes,No,Yes,Mailed check,44.77,415.92,2,Yes
CUST-11757,Female,0,0,Month-to-month,Fiber optic,No,No,No,Electronic check,85.37,0.0,6,No
CUST-11758,Female,1,3,Month-to-month,Fiber optic,Yes,No,Yes,Mailed check,75.91,217.35,3,No
CUST-11759,Female,0,7,Month-to-month,Fiber optic,No,Yes,Yes,Bank transfer,116.11,845.07,0,No
CUST-11760,Male,1,45,One year,No,No,Yes,Yes,Mailed check,20.97,954.24,2,No
CUST-11761,Male,1,18,Month-to-month,DSL,Yes,Yes,Yes,Mailed check,53.86,962.37,2,No
CUST-11762,Male,0,69,Month-to-month,DSL,Yes,No,No,Bank transfer,37.75,2716.42,0,No
CUST-11763,Female,0,8,Month-to-month,DSL,No,No,Yes,Electronic check,58.01,477.91,3,Yes
CUST-11764,Female,0,68,Month-to-month,DSL,No,Yes,No,Electronic check,54.78,3394.38,2,No
CUST-11765,Female,0,11,Month-to-month,Fiber optic,No,No,No,Electronic check,60.82,652.16,1,No
CUST-11766,Female,0,20,Two year,DSL,No,No,No,Credit card,41.93,867.44,1,Yes
CUST-11767,Male,0,4,Month-to-month,Fiber optic,No,No,No,Credit card,86.21,316.1,2,No
CUST-11768,Male,0,62,Month-to-month,No,No,No,No,Electronic check,23.26,1313.48,3,No
CUST-11769,Male,0,23,One year,Fiber optic,Yes,No,Yes,Bank transfer,97.85,2315.51,1,No
CUST-11770,Male,1,72,Two year,Fiber optic,Yes,No,Yes,Mailed check,100.45,7352.52,1,No
CUST-11771,Male,0,52,Month-to-month,Fiber optic,Yes,No,No,Mailed check,79.33,3816.2,2,No
CUST-11772,Male,0,20,Month-to-month,Fiber optic,No,No,Yes,Mailed check,75.27,1395.68,2,No
CUST-11773,Male,1,12,One year,Fiber optic,No,Yes,Yes,Mailed check,55.06,677.12,1,No
CUST-11774,Female,0,46,Month-to-month,Fiber optic,Yes,Yes,Yes,Bank transfer,70.08,3002.3,1,No
CUST-11775,Male,0,25,Month-to-month,DSL,No,No,Yes,Electronic check,65.44,1507.68,1,No
CUST-11776,Male,0,12,Two year,DSL,No,Yes,Yes,Electronic check,52.37,651.12,4,No
CUST-11777,Male,1,26,Two year,Fiber optic,Yes,No,Yes,Mailed check,67.89,1801.69,1,No
CUST-11778,Male,0,2,One year,Fiber optic,No,Yes,Yes,Electronic check,85.76,164.75,2,Yes
CUST-11779,Female,0,32,Month-to-month,DSL,No,No,No,Credit card,35.66,1134.29,2,No
CUST-11780,Male,0,37,One year,DSL,No,Yes,No,Electronic check,65.0,2319.9,1,No
CUST-11781,Male,0,8,Two year,Fiber optic,No,No,Yes,Electronic check,68.01,512.05,4,No
CUST-11782,Male,0,56,Two year,DSL,No,No,No,Mailed check,69.42,4074.2,0,No
CUST-11783,Female,0,48,Month-to-month,Fiber optic,No,Yes,Yes,Electronic check,73.39,3458.69,1,No
CUST-11784,Female,1,30,Month-to-month,DSL,No,Yes,Yes,Bank transfer,83.08,2481.52,1,No
CUST-11785,Male,0,10,Month-to-month,DSL,No,Yes,Yes,Bank transfer,52.73,506.89,3,No
CUST-11786,Male,1,39,Two year,Fiber optic,Yes,Yes,Yes,Bank transfer,86.55,3291.32,2,No
CUST-11787,Male,0,17,Month-to-month,DSL,No,No,No,Mailed check,48.69,780.75,1,Yes
CUST-11788,Male,1,28,Month-to-month,DSL,Yes,Yes,Yes,Credit card,60.9,1644.52,3,No
CUST-11789,Female,0,42,Month-to-month,No,No,No,No,Electronic check,31.16,1300.94,3,No
CUST-11790,Female,0,5,Month-to-month,Fiber optic,Yes,Yes,No,Mailed check,80.1,409.25,3,No
CUST-11791,Female,0,4,Two year,Fiber optic,No,Yes,Yes,Credit card,82.9,338.35,1,No
CUST-11792,Male,0,16,Month-to-month,Fiber optic,No,No,Yes,Mailed check,124.63,1798.1,1,No
CUST-11793,Male,0,72,Month-to-month,DSL,No,No,Yes,Credit card,54.18,3823.56,1,No
CUST-11794,Male,0,72,One year,Fiber optic,Yes,Yes,Yes,Bank transfer,65.44,4504.1,0,No
CUST-11795,Male,0,32,One year,Fiber optic,Yes,No,No,Mailed check,70.96,2250.49,1,No
CUST-11796,Female,0,49,One year,DSL,No,Yes,Yes,Bank transfer,51.6,2609.9,2,No
CUST-11797,Male,0,23,Two year,DSL,No,No,No,Credit card,66.73,1559.73,1,No
CUST-11798,Male,0,26,Month-to-month,Fiber optic,No,No,No,Credit card,74.39,1836.77,0,No
CUST-11799,Female,0,20,Month-to-month,DSL,Yes,No,Yes,Electronic check,48.91,988.83,4,No
CUST-11800,Male,0,53,Month-to-month,DSL,No,No,Yes,Credit card,37.38,1813.19,1,No
CUST-11801,Male,0,70,One year,Fiber optic,No,No,No,Electronic check,85.53,5503.32,1,No
CUST-11802,Male,1,25,Two year,Fiber optic,No,Yes,No,Electronic check,89.81,2096.8,2,No
CUST-11803,Male,0,26,Month-to-month,Fiber optic,No,No,Yes,Mailed check,113.33,2828.73,3,No
CUST-11804,Male,0,21,One year,DSL,Yes,Yes,Yes,Bank transfer,80.67,1654.36,3,No
CUST-11805,Male,0,71,One year,Fiber optic,No,Yes,No,Electronic check,73.55,5011.4,1,No
CUST-11806,Male,0,45,Two year,No,No,No,Yes,Credit card,18.0,805.28,2,No
CUST-11807,Male,0,10,Month-to-month,Fiber optic,Yes,Yes,No,Electronic check,77.08,708.09,7,Yes
CUST-11808,Male,1,72,Month-to-month,No,No,Yes,Yes,Electronic check,37.19,2619.22,1,No
CUST-11809,Female,0,1,One year,Fiber optic,Yes,Yes,Yes,Mailed check,87.07,81.92,2,Yes
CUST-11810,Male,0,66,Two year,DSL,No,No,Yes,Bank transfer,49.22,3101.39,0,No
CUST-11811,Female,0,50,One year,Fiber optic,No,Yes,Yes,Electronic check,82.21,4013.32,1,No
CUST-11812,Female,0,26,Two year,Fiber optic,No,No,Yes,Credit card,88.71,2121.76,2,No
CUST-11813,Male,0,25,Month-to-month,No,No,Yes,No,Electronic check,21.47,514.44,3,No
CUST-11814,Female,0,22,One year,DSL,No,No,Yes,Bank transfer,60.21,1343.26,1,No
CUST-11815,Male,0,10,Month-to-month,DSL,No,Yes,Yes,Credit card,29.12,274.2,1,Yes
CUST-11816,Male,1,72,Month-to-month,No,Yes,No,Yes,Credit card,36.55,2670.35,5,Yes
CUST-11817,Male,0,24,Month-to-month,DSL,Yes,No,Yes,Bank transfer,59.32,1330.67,2,Yes
CUST-11818,Male,1,10,Month-to-month,Fiber optic,No,No,No,Electronic check,106.95,1083.51,2,Yes
CUST-11819,Male,0,72,Month-to-month,DSL,No,No,Yes,Electronic check,53.05,3548.8,4,No
CUST-11820,Male,0,35,One year,No,No,Yes,No,Mailed check,18.0,656.89,1,No
CUST-11821,Female,0,36,Two year,DSL,No,Yes,Yes,Credit card,52.7,1751.16,3,No
CUST-11822,Male,0,72,Month-to-month,Fiber optic,No,Yes,Yes,Electronic check,93.02,7032.19,3,No
CUST-11823,Female,0,40,Month-to-month,Fiber optic,No,No,No,Credit card,96.67,3612.75,2,No
CUST-11824,Female,0,14,Month-to-month,No,No,No,Yes,Credit card,21.48,302.65,2,No
CUST-11825,Female,0,40,Month-to-month,No,Yes,Yes,No,Credit card,26.24,992.77,0,No
CUST-11826,Male,0,11,Month-to-month,Fiber optic,No,No,Yes,Electronic check,86.63,869.37,2,Yes
CUST-11827,Female,0,17,One year,DSL,No,Yes,Yes,Electronic check,53.46,821.36,3,Yes
CUST-11828,Female,1,31,Two year,Fiber optic,Yes,Yes,Yes,Mailed check,87.61,2504.43,0,No
CUST-11829,Female,1,49,Month-to-month,No,No,No,Yes,Mailed check,19.67,926.65,2,Yes
CUST-11830,Male,0,15,One year,Fiber optic,No,No,No,Credit card,77.43,1146.33,1,No
CUST-11831,Female,1,21,One year,No,No,Yes,Yes,Credit card,33.22,677.98,3,No
CUST-11832,Female,0,21,Month-to-month,Fiber optic,No,No,Yes,Electronic check,57.22,1195.03,1,Yes
CUST-11833,Male,0,55,Month-to-month,DSL,Yes,Yes,Yes,Credit card,41.97,2110.9,3,No
CUST-11834,Male,1,25,Month-to-month,DSL,No,No,Yes,Credit card,57.53,1440.24,1,Yes
CUST-11835,Male,0,72,Month-to-month,DSL,Yes,Yes,Yes,Mailed check,39.27,2878.03,2,Yes
CUST-11836,Female,0,17,Two year,Fiber optic,No,Yes,Yes,Mailed check,96.9,1539.52,3,No
CUST-11837,Male,0,15,Month-to-month,Fiber optic,Yes,No,Yes,Credit card,84.2,1286.8,3,No
CUST-11838,Male,0,65,Month-to-month,DSL,Yes,Yes,Yes,Credit card,67.61,4119.96,4,No
CUST-11839,Female,0,38,Month-to-month,Fiber optic,Yes,No,Yes,Credit card,69.62,2557.18,0,Yes
CUST-11840,Male,0,64,Month-to-month,DSL,No,No,No,Bank transfer,57.77,3774.77,1,Yes
CUST-11841,Male,0,7,Two year,Fiber optic,Yes,Yes,Yes,Mailed check,71.03,498.72,0,No
CUST-11842,Female,0,25,Month-to-month,Fiber optic,No,No,Yes,Credit card,73.04,1781.43,1,No
CUST-11843,Female,0,31,One year,Fiber optic,No,No,Yes,Electronic check,110.51,3273.18,1,No
CUST-11844,Female,0,29,Month-to-month,DSL,Yes,Yes,No,Credit card,58.65,1674.44,4,No
CUST-11845,Female,1,22,Month-to-month,Fiber optic,No,Yes,Yes,Electronic check,115.54,2485.88,2,No
CUST-11846,Male,0,29,Month-to-month,No,No,Yes,No,Mailed check,18.0,545.86,4,No
CUST-11847,Female,1,30,Two year,Fiber optic,Yes,No,Yes,Bank transfer,93.69,2877.91,1,No
CUST-11848,Female,0,15,Month-to-month,No,Yes,Yes,No,Electronic check,31.77,437.2,1,No
CUST-11849,Male,0,53,One year,DSL,No,No,No,Mailed check,50.75,2587.15,0,No
CUST-11850,Male,0,72,Month-to-month,DSL,Yes,No,Yes,Electronic check,57.09,4061.75,3,Yes
CUST-11851,Male,0,42,One year,DSL,No,Yes,Yes,Electronic check,50.63,2139.01,1,No
CUST-11852,Male,0,34,One year,Fiber optic,No,No,Yes,Electronic check,84.26,2654.5,1,No
CUST-11853,Male,0,23,One year,DSL,No,No,Yes,Electronic check,40.75,960.27,4,No
CUST-11854,Male,1,31,Month-to-month,No,No,No,Yes,Bank transfer,26.83,827.15,2,No
CUST-11855,Female,0,33,Month-to-month,Fiber optic,No,No,Yes,Mailed check,80.46,2416.43,0,Yes
CUST-11856,Male,1,10,Two year,No,No,No,Yes,Electronic check,36.7,333.6,0,No
CUST-11857,Female,0,51,One year,Fiber optic,Yes,No,No,Electronic check,74.97,3834.41,1,No
CUST-11858,Female,0,18,Month-to-month,Fiber optic,Yes,No,No,Bank transfer,101.23,1846.52,4,Yes
CUST-11859,Female,0,68,Month-to-month,Fiber optic,No,No,No,Electronic check,80.46,5179.13,1,Yes
CUST-11860,Female,0,28,Month-to-month,Fiber optic,No,Yes,No,Mailed check,89.93,2327.5,1,Yes
CUST-11861,Male,0,52,Month-to-month,Fiber optic,No,No,Yes,Bank transfer,82.65,4009.82,4,No
CUST-11862,Female,0,42,Month-to-month,DSL,No,No,No,Credit card,54.88,2209.92,1,No
CUST-11863,Male,1,7,Month-to-month,No,No,No,Yes,Electronic check,18.0,125.34,1,No
CUST-11864,Female,0,64,Month-to-month,Fiber optic,No,Yes,No,Electronic check,89.54,5319.14,3,Yes
CUST-11865,Male,0,13,One year,Fiber optic,Yes,No,Yes,Electronic check,66.18,876.38,0,No
CUST-11866,Male,0,17,Two year,DSL,Yes,Yes,No,Credit card,90.51,1442.3,1,No
CUST-11867,Female,0,18,One year,DSL,No,No,Yes,Bank transfer,48.63,894.13,2,No
CUST-11868,Male,0,5,Month-to-month,DSL,No,No,No,Bank transfer,58.93,306.01,4,Yes
CUST-11869,Female,0,29,One year,Fiber optic,Yes,Yes,Yes,Mailed check,90.06,2415.0,2,No
CUST-11870,Male,0,54,Month-to-month,DSL,No,No,Yes,Mailed check,70.45,3947.52,5,No
CUST-11871,Male,0,67,One year,No,No,No,No,Credit card,18.0,1213.0,2,No
CUST-11872,Female,0,22,Month-to-month,No,Yes,No,Yes,Electronic check,24.02,545.94,2,No
CUST-11873,Female,0,25,Month-to-month,DSL,Yes,No,No,Mailed check,53.17,1265.59,2,No
CUST-11874,Male,0,44,One year,Fiber optic,Yes,No,No,Credit card,102.67,4651.12,2,No
CUST-11875,Male,0,22,Month-to-month,DSL,No,No,No,Electronic check,54.11,1156.43,3,No
CUST-11876,Male,0,58,One year,DSL,Yes,Yes,No,Electronic check,55.39,2982.95,2,No
CUST-11877,Female,0,24,One year,DSL,Yes,Yes,Yes,Electronic check,63.9,1609.51,0,No
CUST-11878,Female,1,11,Month-to-month,No,Yes,No,No,Credit card,19.97,228.99,3,Yes
CUST-11879,Male,0,30,Month-to-month,No,No,No,No,Credit card,26.09,719.08,3,No
CUST-11880,Male,0,6,One year,DSL,No,Yes,Yes,Bank transfer,67.85,394.23,1,No
CUST-11881,Male,0,30,One year,DSL,No,No,No,Credit card,54.79,1722.49,2,No
CUST-11882,Male,0,34,Two year,Fiber optic,Yes,Yes,Yes,Electronic check,84.49,2821.81,2,No
CUST-11883,Female,0,13,Month-to-month,Fiber optic,No,Yes,Yes,Bank transfer,73.1,926.16,5,No
CUST-11884,Female,1,33,Two year,DSL,No,No,Yes,Bank transfer,68.69,2106.43,2,No
CUST-11885,Male,1,20,Month-to-month,No,Yes,No,No,Electronic check,42.31,814.9,5,Yes
CUST-11886,Female,0,12,Month-to-month,No,No,No,Yes,Bank transfer,27.51,321.73,3,No
CUST-11887,Male,0,5,One year,Fiber optic,No,No,No,Mailed check,93.72,471.91,2,No
CUST-11888,Male,0,7,Month-to-month,No,Yes,No,Yes,Bank transfer,18.0,121.91,3,No
CUST-11889,Male,0,72,Month-to-month,Fiber optic,No,Yes,Yes,Credit card,95.97,6876.7,3,No
CUST-11890,Male,0,19,Month-to-month,Fiber optic,No,No,No,Electronic check,100.88,1754.24,3,No
CUST-11891,Male,0,33,Two year,No,No,No,Yes,Electronic check,34.04,1139.78,0,No
CUST-11892,Female,0,22,Two year,Fiber optic,Yes,Yes,Yes,Credit card,84.01,1664.27,5,No
CUST-11893,Female,0,72,Two year,Fiber optic,No,Yes,Yes,Bank transfer,115.18,8262.21,0,No
CUST-11894,Male,0,13,Month-to-month,DSL,No,No,Yes,Mailed check,49.31,656.42,0,No
CUST-11895,Female,0,27,Month-to-month,Fiber optic,Yes,No,No,Mailed check,95.71,2623.06,3,Yes
CUST-11896,Female,0,17,Two year,DSL,No,Yes,Yes,Credit card,45.67,715.92,2,No
CUST-11897,Female,0,52,Month-to-month,DSL,No,No,No,Electronic check,61.92,3305.62,6,Yes
CUST-11898,Female,0,33,Month-to-month,Fiber optic,Yes,No,Yes,Electronic check,66.91,2013.47,3,No
CUST-11899,Male,0,26,Month-to-month,Fiber optic,No,Yes,No,Mailed check,84.41,1996.93,2,Yes
CUST-11900,Female,0,8,One year,DSL,No,Yes,Yes,Electronic check,56.12,459.49,3,No
CUST-11901,Female,0,72,One year,DSL,No,No,Yes,Credit card,48.18,3216.74,2,No
CUST-11902,Female,0,22,Month-to-month,No,No,No,No,Electronic check,18.0,382.96,4,No
CUST-11903,Male,0,11,Month-to-month,Fiber optic,Yes,Yes,Yes,Bank transfer,107.63,1231.89,2,No
CUST-11904,Male,0,5,One year,Fiber optic,No,No,Yes,Bank transfer,90.54,421.62,1,No
CUST-11905,Male,0,6,One year,No,No,No,No,Electronic check,37.32,227.78,0,No
CUST-11906,Male,1,26,Month-to-month,No,No,No,No,Electronic check,18.06,463.89,1,Yes
CUST-11907,Male,0,52,Month-to-month,DSL,No,No,Yes,Electronic check,51.36,2566.17,1,No
CUST-11908,Male,1,31,Two year,Fiber optic,Yes,Yes,No,Mailed check,94.19,2829.04,0,No
CUST-11909,Female,0,5,One year,DSL,No,Yes,No,Electronic check,41.47,199.4,1,No
CUST-11910,Male,0,26,One year,Fiber optic,No,No,No,Credit card,106.45,2834.37,1,No
CUST-11911,Female,0,63,One year,Fiber optic,Yes,No,No,Credit card,78.23,5037.63,0,No
CUST-11912,Male,0,19,Two year,DSL,No,Yes,Yes,Electronic check,70.28,1276.62,2,No
CUST-11913,Female,0,31,Month-to-month,Fiber optic,Yes,No,No,Electronic check,104.07,3240.82,1,Yes
CUST-11914,Male,0,20,Month-to-month,DSL,No,Yes,Yes,Electronic check,43.43,851.09,6,No
CUST-11915,Female,0,37,Month-to-month,Fiber optic,Yes,No,Yes,Credit card,65.37,2448.15,1,No
CUST-11916,Male,0,12,Two year,DSL,No,No,Yes,Credit card,58.1,632.76,2,No
CUST-11917,Male,0,0,Month-to-month,No,Yes,Yes,Yes,Mailed check,18.0,0.0,4,No
CUST-11918,Male,0,8,Month-to-month,Fiber optic,No,Yes,Yes,Bank transfer,78.13,594.0,2,No
CUST-11919,Female,0,17,Month-to-month,DSL,Yes,Yes,Yes,Mailed check,41.86,704.23,4,No
CUST-11920,Male,0,24,One year,Fiber optic,Yes,Yes,No,Credit card,100.44,2244.51,3,No
CUST-11921,Female,0,17,One year,DSL,Yes,No,No,Credit card,45.29,754.34,1,No
CUST-11922,Female,0,17,Month-to-month,Fiber optic,No,Yes,Yes,Electronic check,103.92,1849.57,3,Yes
CUST-11923,Male,0,52,Month-to-month,Fiber optic,No,No,No,Credit card,68.05,3207.63,2,No
CUST-11924,Male,0,10,One year,DSL,No,No,No,Electronic check,38.05,371.15,1,No
CUST-11925,Male,0,26,Month-to-month,DSL,No,Yes,Yes,Electronic check,62.02,1484.63,2,No
CUST-11926,Male,0,6,One year,DSL,No,Yes,Yes,Credit card,70.16,415.63,1,No
CUST-11927,Male,0,42,Month-to-month,Fiber optic,No,Yes,No,Mailed check,102.15,4016.45,7,No
CUST-11928,Male,0,31,Two year,Fiber optic,No,No,Yes,Electronic check,76.93,2469.04,0,No
CUST-11929,Female,0,72,Month-to-month,DSL,No,No,Yes,Electronic check,36.92,2519.51,3,No
CUST-11930,Male,0,9,One year,DSL,No,Yes,Yes,Electronic check,30.29,284.53,3,No
CUST-11931,Male,1,72,Month-to-month,No,Yes,Yes,No,Electronic check,36.41,2361.0,0,No
CUST-11932,Female,0,11,Month-to-month,DSL,Yes,No,Yes,Credit card,54.46,613.96,3,No
CUST-11933,Female,0,19,One year,DSL,No,No,No,Bank transfer,51.3,915.57,2,No
CUST-11934,Male,0,7,One year,Fiber optic,No,No,No,Mailed check,101.94,663.79,2,No
CUST-11935,Male,0,72,One year,DSL,Yes,Yes,Yes,Credit card,52.63,3912.84,1,No
CUST-11936,Male,0,34,One year,No,No,Yes,No,Electronic check,38.71,1244.67,1,No
CUST-11937,Female,0,35,One year,DSL,Yes,No,Yes,Electronic check,65.47,2262.9,3,Yes
CUST-11938,Female,0,11,Two year,No,No,No,No,Mailed check,34.34,381.74,2,No
CUST-11939,Male,0,1,Month-to-month,Fiber optic,Yes,Yes,Yes,Mailed check,95.32,91.79,3,Yes
CUST-11940,Male,0,18,Two year,DSL,No,Yes,No,Electronic check,32.01,527.26,2,No
CUST-11941,Male,0,15,Month-to-month,Fiber optic,Yes,No,Yes,Bank transfer,51.98,809.54,6,Yes
CUST-11942,Female,1,3,Month-to-month,No,Yes,Yes,Yes,Mailed check,24.11,72.11,0,No
CUST-11943,Male,1,19,One year,Fiber optic,Yes,No,No,Electronic check,105.64,2075.2,1,Yes
CUST-11944,Male,0,26,Month-to-month,DSL,Yes,No,No,Bank transfer,56.56,1492.81,5,Yes
CUST-11945,Male,0,36,Month-to-month,No,Yes,No,No,Bank transfer,29.21,1068.43,2,No
CUST-11946,Male,0,2,Month-to-month,DSL,Yes,Yes,Yes,Credit card,56.55,111.79,3,No
CUST-11947,Female,0,7,Month-to-month,DSL,No,No,Yes,Credit card,50.96,321.41,3,Yes
CUST-11948,Male,0,12,One year,DSL,No,Yes,Yes,Electronic check,66.08,818.7,1,No
CUST-11949,Male,0,54,Month-to-month,No,No,No,Yes,Electronic check,20.63,1141.63,2,No
CUST-11950,Female,1,53,Month-to-month,DSL,Yes,No,No,Mailed check,68.24,3649.45,2,No
CUST-11951,Female,1,33,Month-to-month,DSL,No,No,No,Mailed check,57.48,1956.85,5,No
CUST-11952,Male,0,19,Month-to-month,No,No,Yes,Yes,Credit card,23.14,407.91,5,No
CUST-11953,Male,0,56,Month-to-month,Fiber optic,Yes,No,Yes,Credit card,58.51,3087.54,5,Yes
CUST-11954,Female,0,30,Month-to-month,DSL,No,No,Yes,Mailed check,48.63,1347.44,2,No
CUST-11955,Male,0,54,Two year,Fiber optic,Yes,Yes,Yes,Credit card,102.57,5522.22,0,No
CUST-11956,Female,0,34,One year,DSL,Yes,No,No,Mailed check,52.01,1707.78,3,No
CUST-11957,Female,0,4,Month-to-month,Fiber optic,No,No,Yes,Bank transfer,99.26,363.47,2,Yes
CUST-11958,Female,0,1,Month-to-month,DSL,No,No,Yes,Bank transfer,73.22,72.22,1,No
CUST-11959,Male,0,17,Month-to-month,Fiber optic,No,Yes,Yes,Mailed check,87.19,1409.3,3,Yes
CUST-11960,Female,0,46,Month-to-month,Fiber optic,No,No,Yes,Electronic check,102.87,4607.03,2,Yes
CUST-11961,Female,0,15,Month-to-month,DSL,No,Yes,Yes,Electronic check,63.76,898.28,0,Yes
CUST-11962,Male,0,64,Two year,DSL,No,No,Yes,Electronic check,49.86,2948.97,0,No
CUST-11963,Female,1,43,One year,Fiber optic,Yes,No,Yes,Mailed check,74.91,3116.81,1,No
CUST-11964,Female,0,60,Month-to-month,Fiber optic,Yes,Yes,No,Bank transfer,74.82,4192.32,3,No
CUST-11965,Female,0,18,Month-to-month,Fiber optic,No,No,Yes,Electronic check,80.01,1383.68,3,Yes
CUST-11966,Male,0,10,One year,Fiber optic,Yes,No,No,Credit card,70.85,678.32,1,No
CUST-11967,Male,0,9,Two year,No,Yes,Yes,Yes,Bank transfer,29.36,275.12,3,No
CUST-11968,Female,1,37,Month-to-month,No,Yes,Yes,Yes,Mailed check,26.01,893.2,3,No
CUST-11969,Male,0,4,Two year,No,No,No,No,Electronic check,22.18,83.65,3,No
CUST-11970,Female,1,5,Month-to-month,Fiber optic,No,No,Yes,Electronic check,88.69,451.8,3,Yes
CUST-11971,Female,0,14,One year,DSL,Yes,Yes,Yes,Bank transfer,76.62,1013.08,0,No
CUST-11972,Female,0,29,Month-to-month,Fiber optic,Yes,No,Yes,Mailed check,63.04,1777.17,3,No
CUST-11973,Male,0,12,One year,DSL,No,Yes,Yes,Credit card,50.27,611.91,0,No
CUST-11974,Female,0,53,Month-to-month,DSL,No,Yes,No,Bank transfer,73.1,3489.38,2,No
CUST-11975,Male,0,61,Month-to-month,DSL,No,No,Yes,Electronic check,73.63,4686.53,0,No
CUST-11976,Female,0,0,One year,Fiber optic,No,Yes,Yes,Bank transfer,63.1,0.0,0,No
CUST-11977,Male,0,35,One year,Fiber optic,Yes,No,No,Credit card,71.08,2522.54,1,No
CUST-11978,Male,0,15,One year,Fiber optic,No,Yes,Yes,Credit card,78.45,1221.65,0,No
CUST-11979,Female,1,48,Month-to-month,DSL,No,Yes,Yes,Credit card,55.01,2723.96,0,No
CUST-11980,Female,0,36,One year,No,No,No,Yes,Credit card,32.72,1098.9,1,No
CUST-11981,Female,0,28,Month-to-month,Fiber optic,No,Yes,No,Electronic check,100.32,2762.08,4,No
CUST-11982,Male,0,22,One year,DSL,No,No,No,Bank transfer,45.68,966.36,1,No
CUST-11983,Female,0,5,Month-to-month,DSL,Yes,No,No,Bank transfer,39.51,193.58,2,No
CUST-11984,Female,1,72,Month-to-month,DSL,Yes,No,Yes,Credit card,35.55,2602.94,4,Yes
CUST-11985,Female,0,7,Month-to-month,No,Yes,No,Yes,Credit card,22.84,152.42,2,No
CUST-11986,Female,0,72,Two year,DSL,Yes,No,No,Mailed check,48.87,3418.94,0,No
CUST-11987,Male,0,41,One year,No,No,Yes,No,Electronic check,39.17,1591.85,2,No
CUST-11988,Male,0,16,Month-to-month,DSL,Yes,No,Yes,Mailed check,42.63,641.58,3,No
CUST-11989,Female,0,14,One year,Fiber optic,No,No,Yes,Credit card,97.54,1353.3,3,No
CUST-11990,Female,0,5,Month-to-month,DSL,No,No,Yes,Mailed check,38.44,177.26,3,Yes
CUST-11991,Male,1,25,Month-to-month,Fiber optic,No,No,Yes,Electronic check,73.4,1822.67,3,Yes
CUST-11992,Male,1,4,Month-to-month,Fiber optic,No,Yes,Yes,Mailed check,58.99,217.45,2,No
CUST-11993,Female,0,56,One year,DSL,Yes,No,No,Bank transfer,54.74,3115.63,2,No
CUST-11994,Female,0,30,Two year,No,Yes,No,No,Credit card,21.84,608.84,3,No
CUST-11995,Male,0,24,Two year,Fiber optic,No,No,Yes,Mailed check,64.79,1550.27,1,No
CUST-11996,Female,0,26,Month-to-month,DSL,Yes,No,Yes,Credit card,73.53,1887.32,1,No
CUST-11997,Female,0,31,Month-to-month,Fiber optic,No,Yes,Yes,Electronic check,70.55,2107.84,4,No
CUST-11998,Male,1,18,Two year,DSL,Yes,No,Yes,Mailed check,42.9,769.69,3,No
CUST-11999,Male,0,21,Month-to-month,No,No,No,Yes,Electronic check,29.99,646.83,1,No
CUST-12000,Female,0,72,One year,Fiber optic,No,No,Yes,Bank transfer,95.38,6304.32,2,No
CUST-12001,Male,0,52,Two year,DSL,No,No,No,Credit card,40.98,2133.95,0,No
CUST-12002,Male,0,39,Month-to-month,DSL,No,No,No,Credit card,64.01,2400.36,3,No
CUST-12003,Male,0,16,Month-to-month,DSL,Yes,No,No,Bank transfer,42.99,688.59,5,No
CUST-12004,Female,0,2,Two year,No,No,No,No,Mailed check,34.1,70.34,3,No
CUST-12005,Male,0,36,One year,DSL,No,Yes,No,Credit card,42.65,1532.05,2,No
CUST-12006,Male,0,26,Two year,DSL,No,No,No,Credit card,40.91,982.71,1,No
CUST-12007,Male,0,20,One year,No,No,Yes,No,Credit card,27.12,521.95,1,No
CUST-12008,Female,0,23,Month-to-month,DSL,No,No,Yes,Bank transfer,74.23,1677.35,4,No
CUST-12009,Female,0,8,Two year,DSL,Yes,No,Yes,Credit card,70.23,516.33,6,No
CUST-12010,Male,0,10,One year,Fiber optic,Yes,No,Yes,Mailed check,78.83,785.6,1,No
CUST-12011,Male,0,52,Two year,DSL,No,No,No,Mailed check,39.01,2042.64,2,No
CUST-12012,Male,1,2,Month-to-month,No,No,No,Yes,Credit card,19.12,38.79,3,No
CUST-12013,Female,0,47,Month-to-month,Fiber optic,No,Yes,Yes,Bank transfer,112.4,4849.5,4,No
CUST-12014,Female,0,66,Month-to-month,DSL,Yes,No,No,Bank transfer,38.5,2555.83,2,No
CUST-12015,Male,0,36,Month-to-month,Fiber optic,No,Yes,Yes,Electronic check,83.8,2880.95,1,Yes
CUST-12016,Male,0,34,Two year,DSL,Yes,Yes,Yes,Mailed check,55.81,1767.86,2,No
CUST-12017,Female,0,10,Two year,Fiber optic,Yes,Yes,No,Mailed check,87.83,859.52,3,No
CUST-12018,Female,0,12,Month-to-month,Fiber optic,No,No,Yes,Electronic check,60.43,714.93,2,No
CUST-12019,Male,0,17,Two year,Fiber optic,Yes,No,Yes,Credit card,109.96,1810.45,4,No
CUST-12020,Male,0,6,Month-to-month,Fiber optic,No,No,No,Credit card,82.65,508.88,1,Yes
CUST-12021,Female,0,11,Two year,Fiber optic,No,Yes,No,Credit card,51.16,519.63,3,No
CUST-12022,Female,0,26,One year,DSL,No,Yes,Yes,Electronic check,69.82,1744.66,4,No
CUST-12023,Female,1,16,One year,No,Yes,Yes,Yes,Bank transfer,26.49,398.39,2,No
CUST-12024,Male,0,28,One year,DSL,Yes,Yes,Yes,Electronic check,53.65,1362.95,0,No
CUST-12025,Male,0,52,One year,No,No,No,Yes,Mailed check,26.96,1332.86,1,Yes
CUST-12026,Female,0,28,Two year,Fiber optic,No,Yes,No,Electronic check,86.22,2432.66,2,Yes
CUST-12027,Female,0,35,Month-to-month,DSL,Yes,No,No,Bank transfer,58.26,1995.16,5,No
CUST-12028,Female,0,4,Two year,Fiber optic,No,No,No,Electronic check,81.15,312.52,2,No
CUST-12029,Male,0,51,Month-to-month,No,No,No,Yes,Electronic check,21.29,1054.4,3,No
CUST-12030,Female,0,4,Month-to-month,No,Yes,No,No,Mailed check,25.08,95.0,1,No
CUST-12031,Male,0,15,One year,Fiber optic,No,Yes,No,Electronic check,84.42,1162.9,1,No
CUST-12032,Male,0,8,One year,Fiber optic,Yes,No,Yes,Credit card,69.02,545.83,1,No
CUST-12033,Female,0,2,Two year,Fiber optic,No,Yes,No,Electronic check,90.38,184.79,0,Yes
CUST-12034,Female,0,27,Month-to-month,DSL,No,No,Yes,Bank transfer,37.76,1038.36,3,No
CUST-12035,Female,0,37,Month-to-month,Fiber optic,Yes,No,No,Electronic check,98.97,3423.96,3,Yes
CUST-12036,Female,0,67,Month-to-month,DSL,No,Yes,No,Mailed check,44.08,2850.38,3,No
CUST-12037,Male,1,30,Two year,No,Yes,Yes,Yes,Electronic check,20.18,595.04,3,No
CUST-12038,Female,0,11,Two year,Fiber optic,No,Yes,No,Credit card,45.75,513.46,4,No
CUST-12039,Male,0,16,Two year,Fiber optic,Yes,Yes,Yes,Credit card,68.11,1012.97,1,No
CUST-12040,Male,0,3,Month-to-month,Fiber optic,No,Yes,Yes,Credit card,77.41,213.62,4,No
CUST-12041,Female,0,17,Two year,DSL,Yes,Yes,Yes,Electronic check,40.09,708.63,3,No
CUST-12042,Female,1,24,Month-to-month,DSL,No,Yes,No,Bank transfer,60.38,1335.79,1,No
CUST-12043,Female,0,36,Two year,DSL,No,Yes,Yes,Credit card,71.57,2701.24,1,No
CUST-12044,Male,0,43,One year,DSL,Yes,Yes,No,Mailed check,56.27,2395.06,0,No
CUST-12045,Female,0,35,Month-to-month,DSL,No,Yes,Yes,Electronic check,37.67,1285.24,2,No
CUST-12046,Male,1,10,One year,Fiber optic,Yes,No,Yes,Mailed check,82.2,763.07,2,No
CUST-12047,Female,0,7,One year,Fiber optic,Yes,No,Yes,Credit card,70.74,509.55,0,No
CUST-12048,Female,0,41,Month-to-month,Fiber optic,Yes,Yes,Yes,Electronic check,67.23,2552.16,3,No
CUST-12049,Female,0,2,Month-to-month,No,No,Yes,No,Electronic check,36.67,70.42,3,Yes
CUST-12050,Male,0,72,One year,No,Yes,No,Yes,Bank transfer,31.5,2057.62,2,No
CUST-12051,Male,0,12,Two year,DSL,No,Yes,No,Electronic check,56.39,611.25,3,No
CUST-12052,Male,0,56,One year,Fiber optic,No,Yes,No,Mailed check,104.15,5887.51,1,No
CUST-12053,Female,0,14,Month-to-month,No,Yes,No,Yes,Mailed check,30.09,392.21,1,No
CUST-12054,Female,0,37,One year,DSL,Yes,Yes,Yes,Bank transfer,64.8,2373.76,1,No
CUST-12055,Male,0,8,Month-to-month,Fiber optic,No,No,Yes,Electronic check,95.63,771.55,2,Yes
CUST-12056,Female,0,25,Month-to-month,No,Yes,No,No,Bank transfer,23.09,562.12,4,No
CUST-12057,Female,0,3,Month-to-month,Fiber optic,Yes,No,No,Mailed check,77.83,233.13,2,Yes
CUST-12058,Male,0,31,Month-to-month,No,Yes,No,Yes,Mailed check,18.0,522.38,3,No
CUST-12059,Male,0,7,Month-to-month,No,Yes,Yes,Yes,Bank transfer,18.0,128.86,1,No
CUST-12060,Female,1,9,Month-to-month,DSL,No,Yes,No,Bank transfer,59.35,497.26,1,Yes
CUST-12061,Female,0,17,Month-to-month,Fiber optic,Yes,Yes,No,Bank transfer,70.49,1184.59,3,Yes
CUST-12062,Male,0,20,One year,No,No,No,Yes,Electronic check,18.0,369.14,0,No
CUST-12063,Female,0,36,Month-to-month,DSL,No,No,Yes,Credit card,59.08,2167.28,2,No
CUST-12064,Female,0,33,Month-to-month,DSL,No,No,Yes,Bank transfer,63.11,1890.49,1,No
CUST-12065,Female,0,27,Month-to-month,DSL,No,Yes,No,Mailed check,74.96,1933.0,2,No
CUST-12066,Female,0,47,One year,Fiber optic,Yes,No,No,Mailed check,68.19,3294.51,2,No
CUST-12067,Female,0,32,Two year,Fiber optic,Yes,Yes,Yes,Electronic check,85.9,2824.66,1,No
CUST-12068,Male,0,34,Month-to-month,No,Yes,No,No,Credit card,21.25,719.2,2,No
CUST-12069,Male,0,9,One year,DSL,No,Yes,No,Electronic check,67.29,554.9,1,No
CUST-12070,Male,0,49,Two year,Fiber optic,No,No,Yes,Bank transfer,78.9,3713.71,3,No
CUST-12071,Female,1,45,One year,DSL,Yes,No,Yes,Credit card,67.7,3181.2,2,No
CUST-12072,Male,0,28,Month-to-month,No,No,No,Yes,Bank transfer,18.79,481.94,3,Yes
CUST-12073,Male,0,44,Month-to-month,Fiber optic,Yes,No,No,Electronic check,104.06,4671.31,3,No
CUST-12074,Female,1,23,Month-to-month,Fiber optic,No,No,Yes,Credit card,76.08,1684.5,2,Yes
CUST-12075,Male,0,70,Month-to-month,DSL,Yes,No,No,Bank transfer,83.97,5946.98,2,No
CUST-12076,Male,0,26,Month-to-month,DSL,Yes,No,Yes,Electronic check,34.78,821.11,2,No
CUST-12077,Male,0,23,Two year,DSL,No,Yes,No,Mailed check,62.2,1289.65,1,No
CUST-12078,Male,0,33,Month-to-month,No,No,No,No,Mailed check,20.04,625.04,0,No
CUST-12079,Male,0,72,Month-to-month,DSL,No,No,Yes,Mailed check,66.42,4927.95,2,Yes
CUST-12080,Female,0,15,Two year,No,Yes,Yes,No,Mailed check,28.46,427.72,2,No
CUST-12081,Male,0,31,One year,DSL,No,Yes,No,Credit card,48.44,1489.23,0,No
CUST-12082,Male,1,16,Month-to-month,Fiber optic,No,Yes,Yes,Electronic check,73.24,1230.1,2,Yes
CUST-12083,Female,1,23,Two year,DSL,Yes,Yes,Yes,Bank transfer,54.83,1200.62,3,Yes
CUST-12084,Male,0,11,Month-to-month,DSL,No,No,No,Bank transfer,57.67,651.89,1,No
CUST-12085,Female,0,33,Month-to-month,Fiber optic,Yes,No,No,Credit card,82.0,2480.04,2,Yes
CUST-12086,Female,0,24,Month-to-month,Fiber optic,No,Yes,Yes,Electronic check,105.37,2340.67,0,Yes
CUST-12087,Female,1,43,Month-to-month,Fiber optic,Yes,No,Yes,Electronic check,79.9,3338.62,2,No
CUST-12088,Male,0,52,Two year,Fiber optic,No,Yes,Yes,Credit card,80.95,4394.17,1,No
CUST-12089,Male,1,58,Month-to-month,DSL,Yes,No,Yes,Credit card,45.38,2646.4,2,No
CUST-12090,Female,0,16,Two year,Fiber optic,Yes,No,No,Credit card,86.21,1264.68,2,No
CUST-12091,Male,0,33,Month-to-month,Fiber optic,No,Yes,No,Mailed check,96.5,3322.34,3,No
CUST-12092,Female,0,60,Two year,DSL,No,Yes,No,Credit card,34.3,2088.82,2,No
CUST-12093,Male,0,11,Month-to-month,Fiber optic,No,No,No,Bank transfer,98.02,1089.54,1,Yes
CUST-12094,Male,0,26,Two year,DSL,Yes,No,Yes,Electronic check,59.97,1532.29,2,No
CUST-12095,Female,1,12,Month-to-month,DSL,Yes,Yes,Yes,Credit card,74.42,856.4,0,No
CUST-12096,Female,0,72,Two year,DSL,No,No,Yes,Mailed check,66.14,4364.22,0,No
CUST-12097,Female,0,60,Two year,Fiber optic,Yes,Yes,No,Electronic check,77.33,4606.88,1,No
CUST-12098,Female,0,37,One year,DSL,Yes,No,No,Credit card,72.11,2452.36,1,No
CUST-12099,Male,0,36,Month-to-month,No,Yes,No,No,Credit card,23.75,845.2,3,No
CUST-12100,Female,0,13,One year,Fiber optic,Yes,Yes,Yes,Credit card,90.28,1151.31,0,No
CUST-12101,Female,1,65,One year,DSL,No,No,No,Electronic check,64.05,4119.37,0,No
CUST-12102,Male,1,19,One year,Fiber optic,No,No,Yes,Electronic check,76.92,1496.67,1,No
CUST-12103,Male,0,14,One year,DSL,Yes,Yes,Yes,Credit card,77.67,1045.67,1,No
CUST-12104,Female,0,54,Two year,DSL,Yes,No,No,Bank transfer,70.3,3665.02,1,No
CUST-12105,Male,0,17,Two year,No,Yes,No,Yes,Credit card,18.42,284.72,1,No
CUST-12106,Female,1,14,Month-to-month,Fiber optic,No,Yes,No,Mailed check,78.76,1039.97,3,No
CUST-12107,Male,0,45,Month-to-month,DSL,No,No,Yes,Electronic check,57.69,2368.11,1,Yes
CUST-12108,Male,0,8,Month-to-month,No,No,No,Yes,Mailed check,18.0,132.66,3,No
CUST-12109,Male,1,37,One year,No,No,Yes,Yes,Electronic check,28.84,1028.73,3,No
CUST-12110,Male,1,27,Two year,Fiber optic,No,No,No,Bank transfer,90.03,2336.23,1,No
CUST-12111,Female,0,42,Month-to-month,Fiber optic,No,No,Yes,Mailed check,74.11,3238.35,2,No
CUST-12112,Female,0,34,Month-to-month,Fiber optic,Yes,No,Yes,Bank transfer,88.34,2757.06,0,No
CUST-12113,Female,0,72,Month-to-month,Fiber optic,Yes,Yes,No,Bank transfer,76.7,5093.93,2,No
CUST-12114,Female,0,29,Month-to-month,Fiber optic,No,No,Yes,Electronic check,100.53,2952.21,0,Yes
CUST-12115,Male,0,17,Two year,No,Yes,No,Yes,Credit card,19.18,294.53,2,No
CUST-12116,Female,0,24,One year,Fiber optic,No,No,No,Electronic check,83.3,1994.57,1,No
CUST-12117,Female,0,34,Month-to-month,DSL,No,Yes,Yes,Electronic check,53.6,1844.46,2,Yes
CUST-12118,Female,0,72,Month-to-month,DSL,No,No,Yes,Electronic check,64.61,4625.34,2,Yes
CUST-12119,Female,0,39,Month-to-month,Fiber optic,No,Yes,No,Mailed check,105.89,3894.96,1,No
CUST-12120,Female,0,12,One year,DSL,No,No,Yes,Credit card,38.34,421.27,4,No
CUST-12121,Female,1,72,One year,DSL,No,Yes,Yes,Credit card,64.04,4837.49,2,No
CUST-12122,Female,0,50,Month-to-month,Fiber optic,No,No,Yes,Mailed check,73.48,3779.99,4,Yes
CUST-12123,Female,1,11,Month-to-month,No,Yes,No,Yes,Mailed check,26.11,289.92,3,Yes
CUST-12124,Female,0,9,Two year,DSL,No,No,No,Electronic check,32.92,274.97,3,No
CUST-12125,Male,0,7,Two year,DSL,Yes,Yes,No,Mailed check,51.68,348.95,1,No
CUST-12126,Male,1,23,One year,No,No,No,Yes,Electronic check,25.8,597.19,4,No
CUST-12127,Female,0,24,Month-to-month,Fiber optic,Yes,Yes,Yes,Electronic check,56.53,1241.69,4,No
CUST-12128,Male,0,14,Two year,Fiber optic,No,No,Yes,Credit card,72.31,1056.51,0,No
CUST-12129,Male,0,6,One year,Fiber optic,No,No,Yes,Bank transfer,70.09,438.72,1,Yes
CUST-12130,Female,0,9,Two year,Fiber optic,Yes,No,No,Credit card,74.95,622.29,1,No
CUST-12131,Female,0,40,Month-to-month,DSL,No,No,No,Mailed check,55.21,2052.81,1,No
CUST-12132,Female,0,19,Month-to-month,Fiber optic,No,Yes,Yes,Mailed check,93.12,1688.89,1,No
CUST-12133,Male,0,10,Month-to-month,Fiber optic,No,No,Yes,Bank transfer,69.9,676.33,3,No
CUST-12134,Male,0,27,Two year,DSL,Yes,Yes,Yes,Credit card,39.57,1032.29,1,No
CUST-12135,Female,0,31,One year,DSL,Yes,Yes,No,Electronic check,49.84,1549.99,0,No
CUST-12136,Female,0,33,Month-to-month,Fiber optic,No,No,Yes,Electronic check,110.58,3541.59,5,No
CUST-12137,Male,0,26,Two year,Fiber optic,No,No,Yes,Bank transfer,103.84,2504.44,5,Yes
CUST-12138,Female,0,23,Two year,Fiber optic,Yes,Yes,No,Mailed check,60.31,1302.62,2,No
CUST-12139,Male,0,57,Month-to-month,Fiber optic,No,No,Yes,Bank transfer,102.84,5637.31,1,No
CUST-12140,Female,0,9,One year,Fiber optic,Yes,Yes,No,Credit card,112.81,992.81,0,No
CUST-12141,Female,0,20,One year,DSL,No,Yes,Yes,Credit card,50.73,1053.53,1,Yes
CUST-12142,Female,0,3,Month-to-month,No,Yes,No,Yes,Mailed check,25.55,70.1,2,No
CUST-12143,Female,0,18,One year,No,No,Yes,Yes,Bank transfer,30.51,560.44,1,No
CUST-12144,Male,0,28,Month-to-month,DSL,Yes,Yes,No,Mailed check,45.84,1215.15,5,No
CUST-12145,Male,1,45,Two year,Fiber optic,Yes,Yes,No,Bank transfer,86.59,3931.95,0,No
CUST-12146,Male,1,3,Two year,DSL,No,No,Yes,Credit card,79.22,223.09,1,No
CUST-12147,Female,0,27,Two year,No,Yes,Yes,Yes,Electronic check,29.23,755.75,0,No
CUST-12148,Female,0,72,One year,Fiber optic,Yes,Yes,No,Electronic check,101.59,7069.38,2,No
CUST-12149,Female,0,35,Month-to-month,Fiber optic,No,No,No,Bank transfer,62.4,2211.42,2,No
CUST-12150,Male,1,8,Month-to-month,No,No,No,Yes,Electronic check,26.93,199.3,1,No
CUST-12151,Male,0,18,One year,Fiber optic,No,Yes,No,Electronic check,86.4,1480.58,3,No
CUST-12152,Female,0,36,Month-to-month,DSL,No,No,Yes,Electronic check,48.36,1705.06,4,Yes
CUST-12153,Female,0,14,One year,Fiber optic,Yes,No,No,Credit card,44.09,616.39,1,Yes
CUST-12154,Female,0,30,Month-to-month,Fiber optic,Yes,No,No,Credit card,75.84,2073.57,3,No
CUST-12155,Male,1,29,Month-to-month,DSL,No,Yes,Yes,Bank transfer,50.87,1348.55,2,No
CUST-12156,Male,1,23,Month-to-month,Fiber optic,Yes,Yes,Yes,Mailed check,64.46,1494.09,0,Yes
CUST-12157,Female,0,7,One year,Fiber optic,Yes,Yes,Yes,Electronic check,99.79,667.02,2,No
CUST-12158,Female,0,13,Month-to-month,Fiber optic,No,No,Yes,Credit card,77.02,926.03,1,Yes
CUST-12159,Male,0,72,One year,No,No,Yes,Yes,Electronic check,29.71,2009.87,1,No
CUST-12160,Female,0,17,Month-to-month,Fiber optic,Yes,No,No,Bank transfer,82.62,1390.18,2,No
CUST-12161,Male,1,19,One year,Fiber optic,Yes,Yes,Yes,Mailed check,115.54,2289.6,0,No
CUST-12162,Male,0,19,One year,Fiber optic,No,No,Yes,Electronic check,57.9,1110.86,3,No
CUST-12163,Female,0,44,One year,DSL,No,Yes,No,Mailed check,81.78,3668.61,0,No
CUST-12164,Female,0,20,Month-to-month,DSL,Yes,Yes,Yes,Bank transfer,38.16,756.62,1,Yes
CUST-12165,Female,0,24,Month-to-month,No,No,No,Yes,Bank transfer,21.15,485.03,4,No
CUST-12166,Male,0,27,Month-to-month,Fiber optic,No,No,Yes,Bank transfer,113.92,3212.2,3,Yes
CUST-12167,Female,0,47,One year,Fiber optic,Yes,No,No,Electronic check,75.1,3219.88,1,No
CUST-12168,Female,1,24,Month-to-month,DSL,No,Yes,No,Credit card,48.36,1185.45,0,No
CUST-12169,Female,0,26,Two year,DSL,No,No,Yes,Bank transfer,40.92,998.86,2,Yes
CUST-12170,Male,0,15,Two year,DSL,No,Yes,Yes,Credit card,63.79,948.37,1,No
CUST-12171,Female,0,30,Month-to-month,Fiber optic,No,No,No,Electronic check,62.69,1969.83,1,Yes
CUST-12172,Female,0,37,Two year,Fiber optic,Yes,Yes,No,Bank transfer,69.97,2657.24,0,No
CUST-12173,Female,0,39,One year,DSL,No,No,Yes,Bank transfer,40.72,1631.61,1,No
CUST-12174,Male,0,72,Month-to-month,Fiber optic,No,No,Yes,Electronic check,93.91,6920.31,4,No
CUST-12175,Female,0,12,One year,No,Yes,Yes,Yes,Electronic check,22.87,265.73,0,No
CUST-12176,Male,0,24,Two year,No,No,Yes,Yes,Bank transfer,24.93,573.87,1,No
CUST-12177,Male,0,20,Month-to-month,No,No,No,Yes,Bank transfer,19.7,385.17,5,No
CUST-12178,Female,0,71,Month-to-month,Fiber optic,Yes,No,Yes,Electronic check,105.36,7052.68,8,Yes
CUST-12179,Male,1,40,One year,Fiber optic,Yes,No,Yes,Credit card,89.47,3477.48,3,Yes
CUST-12180,Female,1,5,Month-to-month,Fiber optic,No,Yes,Yes,Credit card,76.68,352.35,3,No
CUST-12181,Male,0,14,One year,DSL,No,Yes,Yes,Bank transfer,39.98,578.7,2,No
CUST-12182,Female,0,18,One year,No,No,No,Yes,Electronic check,21.58,392.54,1,No
CUST-12183,Female,0,6,One year,Fiber optic,Yes,No,Yes,Mailed check,94.33,514.66,1,No
CUST-12184,Female,1,26,Month-to-month,Fiber optic,Yes,No,Yes,Credit card,79.15,2055.86,4,No
CUST-12185,Male,0,15,Month-to-month,DSL,No,Yes,Yes,Electronic check,62.48,950.21,3,Yes
CUST-12186,Male,0,72,Two year,DSL,No,Yes,No,Electronic check,31.27,2317.3,4,No
CUST-12187,Male,0,30,Month-to-month,No,No,Yes,No,Mailed check,32.46,924.6,3,No
CUST-12188,Male,1,17,Month-to-month,DSL,No,No,No,Electronic check,42.21,713.75,2,Yes
CUST-12189,Female,0,10,Month-to-month,DSL,Yes,No,No,Bank transfer,48.94,460.75,4,Yes
CUST-12190,Male,0,23,Month-to-month,Fiber optic,Yes,Yes,Yes,Credit card,107.79,2546.84,2,Yes
CUST-12191,Male,0,67,Month-to-month,Fiber optic,Yes,Yes,No,Mailed check,96.86,6692.9,4,No
CUST-12192,Male,0,20,Month-to-month,DSL,No,No,No,Credit card,56.26,1025.67,1,No
CUST-12193,Male,1,23,One year,DSL,No,No,Yes,Bank transfer,55.7,1207.73,2,No
CUST-12194,Female,0,52,One year,Fiber optic,No,No,Yes,Bank transfer,85.13,4052.29,1,Yes
CUST-12195,Female,0,30,Two year,No,No,No,Yes,Electronic check,28.47,819.76,1,Yes
CUST-12196,Male,0,43,Two year,Fiber optic,Yes,Yes,No,Bank transfer,88.8,3439.68,0,No
CUST-12197,Female,0,32,Month-to-month,Fiber optic,No,No,Yes,Credit card,53.35,1736.82,1,Yes
CUST-12198,Female,0,31,Month-to-month,DSL,No,Yes,Yes,Electronic check,48.9,1462.47,2,Yes
CUST-12199,Male,0,4,Two year,Fiber optic,Yes,No,No,Credit card,88.4,346.58,1,No
CUST-12200,Male,1,9,Month-to-month,Fiber optic,Yes,No,No,Mailed check,72.21,657.27,2,No
CUST-12201,Male,0,27,Month-to-month,No,No,No,No,Bank transfer,20.01,543.89,2,Yes
CUST-12202,Male,0,11,Month-to-month,Fiber optic,Yes,No,Yes,Bank transfer,72.67,757.16,2,Yes
CUST-12203,Male,0,23,One year,DSL,No,Yes,Yes,Credit card,38.55,902.03,2,No
CUST-12204,Male,0,8,Month-to-month,DSL,No,No,No,Electronic check,67.07,534.44,2,Yes
CUST-12205,Female,0,52,Month-to-month,No,Yes,Yes,No,Bank transfer,18.0,873.03,3,No
CUST-12206,Male,0,12,Month-to-month,DSL,No,Yes,Yes,Electronic check,49.47,536.88,2,Yes
CUST-12207,Female,0,10,One year,Fiber optic,Yes,No,No,Mailed check,71.22,721.74,2,No
CUST-12208,Male,0,6,Month-to-month,Fiber optic,No,No,Yes,Electronic check,96.65,536.31,1,No
CUST-12209,Male,0,39,One year,DSL,Yes,Yes,Yes,Bank transfer,49.99,1787.71,0,No
CUST-12210,Female,0,23,Month-to-month,Fiber optic,Yes,Yes,Yes,Bank transfer,83.24,1843.75,3,No
CUST-12211,Female,0,51,Month-to-month,Fiber optic,Yes,No,No,Electronic check,85.88,4547.58,3,Yes
CUST-12212,Female,0,15,Month-to-month,No,No,No,Yes,Electronic check,18.0,272.09,3,No
CUST-12213,Male,1,8,Month-to-month,DSL,Yes,No,Yes,Credit card,47.73,389.34,4,No
CUST-12214,Male,0,22,Month-to-month,DSL,Yes,Yes,Yes,Electronic check,58.65,1213.6,3,Yes
CUST-12215,Male,0,58,Two year,DSL,Yes,No,No,Electronic check,47.63,2832.53,0,No
CUST-12216,Male,0,4,Month-to-month,DSL,No,No,No,Credit card,56.87,218.89,1,No
CUST-12217,Female,0,29,Two year,Fiber optic,Yes,Yes,No,Mailed check,107.97,3277.97,2,No
CUST-12218,Male,0,31,Month-to-month,Fiber optic,No,No,Yes,Electronic check,65.59,2003.58,1,No
CUST-12219,Male,0,65,Month-to-month,DSL,No,Yes,No,Electronic check,78.72,5070.29,3,No
CUST-12220,Female,0,11,One year,No,Yes,Yes,No,Credit card,28.42,324.23,1,Yes
CUST-12221,Male,0,4,Two year,DSL,Yes,No,Yes,Bank transfer,71.19,296.79,4,No
CUST-12222,Male,0,16,Month-to-month,Fiber optic,No,No,Yes,Electronic check,102.74,1483.75,2,Yes
CUST-12223,Male,0,43,Month-to-month,No,Yes,No,Yes,Bank transfer,18.93,761.15,4,No
CUST-12224,Male,0,24,One year,Fiber optic,No,No,Yes,Electronic check,130.0,3095.47,1,No
CUST-12225,Female,0,34,Month-to-month,DSL,No,No,Yes,Electronic check,33.86,1036.86,1,Yes
CUST-12226,Female,0,9,One year,No,No,No,Yes,Credit card,30.3,258.44,0,No
CUST-12227,Female,0,19,Two year,Fiber optic,Yes,Yes,No,Credit card,85.04,1501.77,2,No
CUST-12228,Male,0,25,Month-to-month,DSL,Yes,Yes,No,Bank transfer,56.34,1378.18,1,No
CUST-12229,Female,0,5,Two year,DSL,No,Yes,No,Bank transfer,50.23,248.54,0,No
CUST-12230,Female,0,25,Month-to-month,No,Yes,No,Yes,Bank transfer,24.09,559.09,2,No
CUST-12231,Male,1,18,Two year,DSL,No,Yes,Yes,Electronic check,41.8,737.78,2,No
CUST-12232,Female,0,72,Two year,No,No,Yes,Yes,Bank transfer,18.0,1243.52,3,No
CUST-12233,Male,0,23,One year,DSL,No,No,Yes,Bank transfer,66.21,1596.86,2,No
CUST-12234,Female,1,67,Two year,DSL,No,No,Yes,Bank transfer,49.08,2991.37,4,No
CUST-12235,Female,0,34,Two year,No,Yes,No,No,Bank transfer,24.76,863.77,1,No
CUST-12236,Male,0,21,Month-to-month,No,No,No,Yes,Electronic check,23.24,512.44,0,Yes
CUST-12237,Male,0,61,Month-to-month,DSL,No,Yes,No,Bank transfer,43.07,2577.85,5,No
CUST-12238,Male,0,8,Month-to-month,DSL,No,Yes,Yes,Credit card,52.17,418.2,3,Yes
CUST-12239,Female,0,16,Month-to-month,Fiber optic,No,No,Yes,Mailed check,84.59,1244.09,1,Yes
CUST-12240,Male,0,45,One year,Fiber optic,Yes,No,No,Mailed check,66.88,2867.17,1,No
CUST-12241,Female,0,2,Month-to-month,Fiber optic,No,No,Yes,Electronic check,98.36,182.41,2,No
CUST-12242,Male,0,23,One year,DSL,No,No,Yes,Mailed check,54.64,1240.9,2,No
CUST-12243,Male,0,22,Month-to-month,No,No,Yes,No,Bank transfer,33.38,764.62,4,Yes
CUST-12244,Female,0,28,Month-to-month,DSL,Yes,Yes,Yes,Mailed check,40.85,1034.6,0,No
CUST-12245,Female,0,19,Month-to-month,DSL,Yes,No,No,Bank transfer,70.2,1299.42,4,No
CUST-12246,Female,0,43,Two year,DSL,No,No,No,Credit card,49.73,2156.75,1,No
CUST-12247,Male,0,12,Month-to-month,DSL,No,Yes,No,Electronic check,63.54,735.44,5,No
CUST-12248,Male,1,48,Month-to-month,Fiber optic,Yes,No,No,Bank transfer,99.23,4671.64,5,No
CUST-12249,Male,0,9,Month-to-month,DSL,No,No,Yes,Electronic check,60.5,527.09,3,No
CUST-12250,Female,0,30,Two year,Fiber optic,Yes,Yes,No,Electronic check,86.57,2570.0,1,Yes
CUST-12251,Female,0,56,Month-to-month,Fiber optic,No,Yes,No,Bank transfer,103.93,5298.03,3,No
CUST-12252,Male,0,11,One year,DSL,No,Yes,Yes,Mailed check,66.96,723.29,1,No
CUST-12253,Female,0,13,Month-to-month,No,Yes,Yes,No,Bank transfer,18.0,228.56,1,No
CUST-12254,Male,1,49,Month-to-month,Fiber optic,Yes,No,Yes,Bank transfer,67.31,3058.46,1,No
CUST-12255,Female,0,27,One year,DSL,Yes,No,No,Mailed check,53.25,1409.38,2,No
CUST-12256,Female,0,4,One year,DSL,No,Yes,Yes,Electronic check,52.5,203.6,3,No
CUST-12257,Female,1,28,One year,Fiber optic,No,No,Yes,Credit card,99.47,2754.39,1,No
CUST-12258,Male,0,38,Month-to-month,Fiber optic,No,No,Yes,Credit card,74.48,2786.4,2,No
CUST-12259,Female,1,50,Two year,Fiber optic,Yes,No,Yes,Electronic check,117.73,5655.16,2,No
CUST-12260,Male,0,30,One year,Fiber optic,No,No,No,Credit card,114.98,3508.58,2,No
CUST-12261,Female,0,35,Two year,DSL,No,No,No,Credit card,72.16,2408.37,0,No
CUST-12262,Male,1,72,Month-to-month,No,No,Yes,Yes,Electronic check,31.32,2189.72,1,No
CUST-12263,Female,0,46,Month-to-month,DSL,No,No,Yes,Mailed check,47.76,2117.95,5,No
CUST-12264,Male,0,19,Month-to-month,DSL,Yes,No,No,Electronic check,50.32,930.11,4,No
CUST-12265,Male,0,21,One year,Fiber optic,No,No,Yes,Mailed check,96.94,2076.44,3,No
CUST-12266,Female,0,54,One year,DSL,Yes,No,Yes,Electronic check,59.68,3243.31,2,No
CUST-12267,Female,0,29,Month-to-month,Fiber optic,No,No,Yes,Electronic check,104.65,2750.68,2,Yes
CUST-12268,Male,0,26,Month-to-month,DSL,No,Yes,Yes,Bank transfer,44.5,1127.22,3,No
CUST-12269,Female,0,18,Month-to-month,Fiber optic,Yes,No,Yes,Electronic check,88.53,1463.98,5,Yes
CUST-12270,Male,0,53,Month-to-month,Fiber optic,Yes,Yes,Yes,Mailed check,87.69,4691.23,1,No
CUST-12271,Male,0,11,Two year,Fiber optic,No,No,No,Credit card,99.84,1150.95,1,No
CUST-12272,Male,0,16,Month-to-month,Fiber optic,No,No,Yes,Bank transfer,89.12,1415.66,1,Yes
CUST-12273,Male,0,53,Month-to-month,DSL,No,No,Yes,Credit card,63.32,3211.61,3,No
CUST-12274,Male,0,52,Month-to-month,No,No,Yes,No,Electronic check,34.8,1648.11,2,No
CUST-12275,Male,0,72,Month-to-month,Fiber optic,No,No,Yes,Bank transfer,99.38,6797.01,6,Yes
CUST-12276,Male,0,23,Two year,Fiber optic,No,Yes,Yes,Electronic check,90.5,2037.28,2,No
CUST-12277,Male,0,19,Month-to-month,DSL,No,Yes,Yes,Mailed check,42.84,840.17,4,Yes
CUST-12278,Male,0,20,Two year,DSL,No,No,Yes,Bank transfer,34.96,683.18,1,No
CUST-12279,Female,0,5,One year,Fiber optic,Yes,No,No,Mailed check,89.53,468.99,0,No
CUST-12280,Female,0,2,One year,Fiber optic,No,Yes,No,Mailed check,89.88,171.74,1,No
CUST-12281,Male,1,30,Month-to-month,No,No,No,Yes,Bank transfer,32.42,875.5,1,Yes
CUST-12282,Male,1,17,One year,No,No,No,Yes,Electronic check,25.52,431.42,2,No
CUST-12283,Female,0,12,One year,Fiber optic,No,Yes,Yes,Electronic check,83.84,938.56,3,Yes
CUST-12284,Female,1,26,Month-to-month,Fiber optic,Yes,No,No,Electronic check,97.41,2372.13,4,Yes
CUST-12285,Female,1,30,Two year,Fiber optic,Yes,Yes,Yes,Credit card,80.01,2166.5,0,No
CUST-12286,Female,0,21,Month-to-month,DSL,No,No,Yes,Credit card,63.05,1297.17,4,No
CUST-12287,Female,0,22,Month-to-month,Fiber optic,No,No,No,Electronic check,86.45,1782.34,1,No
CUST-12288,Female,0,17,Month-to-month,Fiber optic,No,Yes,Yes,Mailed check,91.03,1623.53,3,No
CUST-12289,Male,0,40,One year,DSL,No,Yes,No,Electronic check,36.45,1495.07,3,No
CUST-12290,Male,0,15,Month-to-month,DSL,No,Yes,No,Bank transfer,67.76,1024.79,1,No
CUST-12291,Male,0,10,Month-to-month,Fiber optic,Yes,No,Yes,Electronic check,63.22,602.56,5,No
CUST-12292,Male,0,17,Month-to-month,Fiber optic,Yes,No,No,Credit card,81.0,1254.16,2,No
CUST-12293,Female,1,29,Month-to-month,DSL,Yes,No,No,Electronic check,50.0,1450.5,1,No
CUST-12294,Female,0,42,Month-to-month,DSL,No,No,Yes,Mailed check,67.45,2559.11,2,No
CUST-12295,Female,0,72,Two year,DSL,Yes,No,Yes,Electronic check,45.79,3185.44,1,No
CUST-12296,Male,0,26,Month-to-month,No,Yes,No,Yes,Mailed check,32.01,755.66,0,Yes
CUST-12297,Male,0,68,Two year,No,No,Yes,Yes,Electronic check,30.11,2014.87,1,No
CUST-12298,Male,1,14,One year,No,No,No,No,Electronic check,23.58,324.78,1,No
CUST-12299,Female,0,12,One year,No,Yes,No,Yes,Credit card,18.0,211.59,4,Yes
CUST-12300,Male,0,33,Two year,DSL,No,Yes,Yes,Bank transfer,54.23,1802.56,1,No
CUST-12301,Male,0,37,Month-to-month,DSL,Yes,Yes,No,Bank transfer,38.09,1316.54,0,No
CUST-12302,Female,0,28,One year,Fiber optic,No,Yes,Yes,Mailed check,93.04,2439.33,2,No
CUST-12303,Female,0,72,Month-to-month,Fiber optic,Yes,No,Yes,Electronic check,108.97,7550.74,3,No
CUST-12304,Female,0,15,Month-to-month,Fiber optic,No,Yes,Yes,Credit card,57.06,860.59,4,No
CUST-12305,Male,0,59,Month-to-month,DSL,Yes,Yes,No,Electronic check,39.77,2152.78,0,No
CUST-12306,Male,0,12,One year,No,No,No,Yes,Bank transfer,23.98,297.22,1,No
CUST-12307,Male,0,39,Two year,DSL,No,No,Yes,Credit card,68.59,2508.87,2,No
CUST-12308,Male,0,25,Month-to-month,Fiber optic,Yes,Yes,Yes,Bank transfer,105.8,2431.27,4,No
CUST-12309,Female,0,29,One year,No,No,No,Yes,Mailed check,19.08,547.56,0,No
CUST-12310,Male,0,34,Month-to-month,Fiber optic,No,No,Yes,Electronic check,111.54,3569.9,2,Yes
CUST-12311,Male,0,26,Month-to-month,Fiber optic,No,Yes,No,Electronic check,93.74,2342.88,3,No
CUST-12312,Female,0,22,Month-to-month,Fiber optic,No,Yes,Yes,Electronic check,112.79,2255.95,1,No
CUST-12313,Male,1,3,One year,Fiber optic,No,Yes,Yes,Bank transfer,89.5,260.38,1,No
CUST-12314,Male,0,47,Month-to-month,No,No,Yes,No,Credit card,18.0,799.94,4,No
CUST-12315,Male,0,7,Month-to-month,Fiber optic,No,No,Yes,Bank transfer,75.53,489.34,3,Yes
CUST-12316,Male,0,18,Month-to-month,Fiber optic,Yes,No,No,Electronic check,100.28,1729.05,4,Yes
CUST-12317,Male,0,31,One year,No,No,No,No,Electronic check,18.0,566.65,1,Yes
CUST-12318,Female,0,9,Two year,Fiber optic,No,Yes,No,Electronic check,80.34,733.59,1,Yes
CUST-12319,Female,0,22,Month-to-month,Fiber optic,No,Yes,Yes,Credit card,112.06,2352.19,2,No
CUST-12320,Male,0,43,One year,Fiber optic,Yes,No,Yes,Electronic check,79.69,3584.78,1,No
CUST-12321,Male,0,17,One year,DSL,Yes,No,Yes,Mailed check,71.95,1123.95,0,No
CUST-12322,Male,0,22,Month-to-month,Fiber optic,No,No,Yes,Credit card,91.51,2070.11,3,No
CUST-12323,Female,0,10,Month-to-month,No,No,No,No,Credit card,25.97,271.84,1,No
CUST-12324,Female,0,19,Two year,DSL,No,Yes,Yes,Electronic check,39.15,733.33,2,No
CUST-12325,Female,0,7,Month-to-month,DSL,No,No,Yes,Credit card,39.19,249.37,2,Yes
CUST-12326,Male,0,28,Month-to-month,DSL,Yes,Yes,Yes,Electronic check,59.97,1743.21,2,No
CUST-12327,Male,0,6,Two year,Fiber optic,No,No,Yes,Credit card,94.38,546.75,2,Yes
CUST-12328,Male,0,14,Two year,DSL,No,No,Yes,Electronic check,41.45,537.22,0,No
CUST-12329,Male,1,25,One year,Fiber optic,No,No,No,Electronic check,71.01,1835.09,1,Yes
CUST-12330,Male,0,21,Two year,DSL,No,No,Yes,Credit card,35.95,727.86,2,No
CUST-12331,Female,0,32,Month-to-month,DSL,No,Yes,Yes,Mailed check,46.58,1453.2,5,No
CUST-12332,Male,0,22,One year,DSL,Yes,Yes,No,Credit card,51.92,1125.76,1,No
CUST-12333,Female,0,3,Month-to-month,DSL,Yes,No,Yes,Mailed check,60.87,189.17,1,No
CUST-12334,Female,0,8,Two year,No,Yes,No,No,Mailed check,29.13,227.31,3,No
CUST-12335,Female,0,24,Month-to-month,No,No,No,No,Bank transfer,18.0,446.36,1,No
CUST-12336,Male,0,51,Month-to-month,Fiber optic,No,No,Yes,Credit card,91.17,4303.46,1,No
CUST-12337,Female,0,45,Month-to-month,No,No,No,Yes,Electronic check,34.78,1553.43,2,Yes
CUST-12338,Male,0,72,One year,DSL,Yes,No,No,Bank transfer,63.38,4467.04,3,No
CUST-12339,Male,0,16,Month-to-month,No,No,No,No,Electronic check,23.58,358.0,1,No
CUST-12340,Male,1,42,One year,Fiber optic,Yes,Yes,No,Electronic check,102.1,3996.1,3,Yes
CUST-12341,Male,0,40,Month-to-month,Fiber optic,No,Yes,Yes,Electronic check,70.61,2571.5,2,Yes
CUST-12342,Female,0,70,Month-to-month,Fiber optic,No,Yes,No,Electronic check,72.74,4782.83,0,No
CUST-12343,Female,0,57,One year,DSL,No,Yes,No,Electronic check,43.11,2462.49,1,Yes
CUST-12344,Female,0,30,Month-to-month,DSL,Yes,No,Yes,Bank transfer,53.77,1519.21,3,No
CUST-12345,Male,0,37,One year,DSL,Yes,No,Yes,Mailed check,63.64,2376.42,4,No
CUST-12346,Male,0,32,Two year,Fiber optic,Yes,No,Yes,Electronic check,66.47,2193.62,1,No
CUST-12347,Female,0,23,One year,Fiber optic,Yes,No,Yes,Mailed check,80.25,1853.38,3,No
CUST-12348,Male,0,35,Month-to-month,No,No,No,Yes,Credit card,20.08,717.52,1,No
CUST-12349,Female,0,28,Month-to-month,DSL,Yes,No,Yes,Credit card,55.88,1542.7,1,Yes
CUST-12350,Female,0,27,Two year,Fiber optic,No,Yes,No,Bank transfer,68.8,1935.67,2,No
CUST-12351,Female,0,72,One year,Fiber optic,Yes,Yes,Yes,Bank transfer,99.59,7274.29,1,No
CUST-12352,Female,0,30,Two year,DSL,No,No,No,Mailed check,63.06,1794.21,3,Yes
CUST-12353,Male,0,26,Month-to-month,DSL,Yes,Yes,Yes,Mailed check,60.83,1594.96,1,No
CUST-12354,Male,0,21,One year,Fiber optic,No,Yes,No,Bank transfer,48.65,1022.45,2,No
CUST-12355,Male,1,20,Month-to-month,Fiber optic,No,No,Yes,Mailed check,58.63,1187.46,6,No
CUST-12356,Male,0,8,One year,DSL,No,No,Yes,Credit card,67.11,508.89,2,Yes
CUST-12357,Male,0,23,Two year,DSL,No,Yes,No,Bank transfer,55.17,1239.06,4,No
CUST-12358,Female,0,53,Two year,DSL,No,No,Yes,Mailed check,51.59,2821.93,2,No
CUST-12359,Male,0,15,Month-to-month,No,No,No,Yes,Credit card,18.05,283.36,3,No
CUST-12360,Female,0,2,Two year,No,No,No,Yes,Credit card,25.1,47.88,4,No
CUST-12361,Female,1,34,Month-to-month,DSL,No,No,No,Mailed check,36.23,1198.66,2,No
CUST-12362,Female,0,28,Month-to-month,Fiber optic,No,Yes,No,Bank transfer,92.02,2446.77,2,No
CUST-12363,Male,0,71,One year,No,No,No,Yes,Credit card,18.0,1287.83,1,No
CUST-12364,Female,0,14,Month-to-month,DSL,No,No,No,Bank transfer,35.26,447.11,3,Yes
CUST-12365,Male,0,7,Month-to-month,DSL,Yes,No,Yes,Credit card,49.97,364.84,1,No
CUST-12366,Male,0,20,One year,DSL,No,No,No,Electronic check,58.36,1146.61,2,No
CUST-12367,Male,0,18,One year,DSL,Yes,No,No,Credit card,59.98,1015.57,1,No
CUST-12368,Male,0,5,One year,No,No,No,Yes,Bank transfer,18.0,81.5,0,Yes
CUST-12369,Male,0,26,Month-to-month,No,No,No,Yes,Electronic check,22.54,576.8,4,No
CUST-12370,Male,0,16,One year,Fiber optic,No,Yes,Yes,Electronic check,71.46,1129.51,1,No
CUST-12371,Female,0,62,Month-to-month,DSL,Yes,No,No,Bank transfer,62.61,3898.27,3,No
CUST-12372,Male,0,26,Month-to-month,No,No,Yes,No,Electronic check,30.17,767.78,3,No
CUST-12373,Male,0,12,Month-to-month,DSL,Yes,Yes,Yes,Electronic check,54.08,634.31,2,No
CUST-12374,Female,0,24,One year,DSL,No,Yes,No,Electronic check,67.45,1530.86,1,No
CUST-12375,Female,0,28,Month-to-month,DSL,Yes,No,Yes,Electronic check,64.5,1678.04,2,No
CUST-12376,Female,0,37,Month-to-month,No,No,Yes,No,Electronic check,25.49,884.45,1,Yes
CUST-12377,Male,0,25,Two year,Fiber optic,No,No,Yes,Mailed check,79.39,1897.82,0,No
CUST-12378,Female,0,72,Two year,Fiber optic,No,Yes,No,Mailed check,86.91,6357.6,0,No
CUST-12379,Female,0,8,One year,Fiber optic,No,Yes,No,Mailed check,68.57,503.43,2,Yes
CUST-12380,Male,0,16,One year,DSL,Yes,Yes,Yes,Bank transfer,68.16,1086.84,2,No
CUST-12381,Male,0,12,Two year,Fiber optic,Yes,Yes,No,Electronic check,69.3,753.17,1,No
CUST-12382,Female,0,18,One year,No,No,Yes,No,Credit card,18.0,293.69,1,No
CUST-12383,Male,0,31,Month-to-month,No,No,No,No,Credit card,32.99,962.48,3,No
CUST-12384,Male,1,29,One year,Fiber optic,No,No,Yes,Credit card,117.65,3253.33,1,No
CUST-12385,Female,1,36,Two year,DSL,Yes,No,No,Electronic check,61.35,2050.78,5,No
CUST-12386,Female,0,26,One year,No,No,Yes,Yes,Credit card,19.16,514.59,1,No
CUST-12387,Female,0,27,Month-to-month,Fiber optic,No,Yes,No,Bank transfer,100.82,2574.23,3,Yes
CUST-12388,Female,0,27,Two year,DSL,No,No,Yes,Mailed check,39.58,1036.74,0,No
CUST-12389,Female,1,17,One year,DSL,No,No,Yes,Credit card,56.77,1012.5,2,No
CUST-12390,Male,0,16,Month-to-month,DSL,No,Yes,No,Electronic check,31.99,480.21,4,Yes
CUST-12391,Male,0,12,Two year,Fiber optic,No,Yes,Yes,Bank transfer,97.9,1166.42,1,No
CUST-12392,Female,0,38,One year,Fiber optic,No,No,Yes,Electronic check,81.81,3145.93,2,No
CUST-12393,Male,0,2,Two year,DSL,Yes,Yes,No,Electronic check,44.92,84.52,1,No
CUST-12394,Male,0,27,Two year,DSL,Yes,No,Yes,Credit card,62.15,1524.67,2,No
CUST-12395,Female,0,43,Month-to-month,Fiber optic,No,No,Yes,Bank transfer,76.28,3341.57,4,No
CUST-12396,Female,0,51,One year,Fiber optic,Yes,No,No,Bank transfer,107.95,5193.42,1,No
CUST-12397,Male,0,1,Month-to-month,DSL,Yes,No,Yes,Mailed check,58.84,55.79,2,Yes
CUST-12398,Male,1,17,Two year,DSL,No,No,Yes,Credit card,48.51,793.54,3,No
CUST-12399,Female,0,13,Two year,No,No,No,Yes,Mailed check,29.44,346.67,1,No
CUST-12400,Male,0,16,Two year,No,Yes,No,Yes,Electronic check,21.81,358.67,1,No
CUST-12401,Female,0,58,One year,Fiber optic,No,Yes,Yes,Electronic check,85.85,5126.37,1,No
CUST-12402,Female,0,13,One year,Fiber optic,Yes,No,Yes,Electronic check,73.15,980.16,4,No
CUST-12403,Female,1,43,Month-to-month,No,No,No,No,Credit card,46.58,1857.66,5,No
CUST-12404,Male,0,27,Month-to-month,DSL,Yes,Yes,Yes,Electronic check,45.71,1291.46,4,No
CUST-12405,Female,0,16,Month-to-month,No,No,No,No,Electronic check,35.17,562.28,2,Yes
CUST-12406,Male,1,14,Two year,Fiber optic,No,No,Yes,Mailed check,95.02,1315.58,1,No
CUST-12407,Female,0,29,One year,Fiber optic,Yes,No,No,Electronic check,93.6,2736.97,1,No
CUST-12408,Male,0,23,One year,Fiber optic,No,No,Yes,Mailed check,88.0,2051.02,4,Yes
CUST-12409,Male,0,4,Month-to-month,DSL,No,No,Yes,Credit card,35.45,136.47,3,No
CUST-12410,Female,0,10,One year,Fiber optic,No,Yes,Yes,Credit card,83.92,828.78,3,No
CUST-12411,Male,0,30,Month-to-month,Fiber optic,Yes,Yes,No,Credit card,97.29,2882.99,3,Yes
CUST-12412,Female,0,8,Two year,DSL,No,Yes,Yes,Bank transfer,58.9,424.62,0,No
CUST-12413,Female,1,47,Two year,Fiber optic,No,No,Yes,Credit card,97.89,4147.69,2,No
CUST-12414,Male,0,5,Month-to-month,No,No,Yes,No,Mailed check,27.73,134.56,2,No
CUST-12415,Male,0,19,Two year,No,No,Yes,No,Electronic check,18.0,336.45,0,Yes
CUST-12416,Female,0,38,Month-to-month,Fiber optic,No,No,Yes,Credit card,85.39,3264.42,3,No
CUST-12417,Male,0,9,Month-to-month,DSL,No,No,No,Credit card,57.66,525.67,1,Yes
CUST-12418,Male,1,7,One year,DSL,No,No,No,Mailed check,43.35,299.8,1,No
CUST-12419,Male,0,34,One year,DSL,Yes,No,Yes,Electronic check,46.89,1502.97,1,No
CUST-12420,Male,0,44,Month-to-month,No,No,No,No,Mailed check,18.0,786.37,2,No
CUST-12421,Female,0,21,Month-to-month,Fiber optic,Yes,Yes,Yes,Mailed check,76.5,1508.44,3,No
CUST-12422,Male,0,17,Month-to-month,No,No,No,Yes,Credit card,32.28,561.14,1,Yes
CUST-12423,Female,1,5,Month-to-month,DSL,No,Yes,No,Mailed check,65.71,316.58,1,No
CUST-12424,Male,0,25,Month-to-month,No,No,Yes,No,Mailed check,18.0,465.41,2,No
CUST-12425,Female,0,3,Month-to-month,No,No,No,Yes,Electronic check,30.2,83.27,2,Yes
CUST-12426,Male,0,59,Two year,Fiber optic,No,Yes,No,Bank transfer,83.46,4952.61,2,No
CUST-12427,Male,0,21,Month-to-month,No,Yes,Yes,Yes,Bank transfer,18.0,364.54,1,No
CUST-12428,Female,0,10,Month-to-month,Fiber optic,No,Yes,No,Electronic check,62.41,573.6,2,No
CUST-12429,Male,0,14,Month-to-month,DSL,Yes,No,Yes,Electronic check,54.87,755.74,2,No
CUST-12430,Male,0,27,Month-to-month,DSL,No,Yes,Yes,Electronic check,46.53,1170.53,2,No
CUST-12431,Female,0,16,One year,DSL,Yes,No,No,Bank transfer,52.08,786.5,3,No
CUST-12432,Male,0,24,Month-to-month,DSL,No,Yes,Yes,Electronic check,58.62,1362.36,6,Yes
CUST-12433,Male,0,9,Month-to-month,Fiber optic,No,Yes,Yes,Bank transfer,80.36,690.47,6,Yes
CUST-12434,Male,0,51,Two year,DSL,No,No,Yes,Electronic check,55.0,2688.23,1,No
CUST-12435,Female,0,14,One year,DSL,No,No,Yes,Credit card,43.69,586.9,2,No
CUST-12436,Female,0,2,Month-to-month,DSL,No,No,No,Credit card,61.08,110.25,3,Yes
CUST-12437,Female,0,18,Month-to-month,Fiber optic,Yes,Yes,No,Bank transfer,66.6,1144.97,3,No
CUST-12438,Female,0,13,Two year,No,No,No,No,Electronic check,21.25,264.91,2,No
CUST-12439,Male,0,49,One year,Fiber optic,No,No,No,Electronic check,112.2,5436.73,2,No
CUST-12440,Male,1,10,Two year,Fiber optic,No,No,Yes,Electronic check,101.52,986.93,1,No
CUST-12441,Male,0,16,Month-to-month,No,No,No,No,Mailed check,29.81,441.66,5,Yes
CUST-12442,Male,0,27,One year,Fiber optic,No,Yes,Yes,Electronic check,88.75,2367.84,0,No
CUST-12443,Male,1,36,Month-to-month,Fiber optic,Yes,No,No,Bank transfer,83.08,2707.64,4,Yes
CUST-12444,Female,0,61,Month-to-month,Fiber optic,No,Yes,No,Credit card,71.48,4142.21,3,No
CUST-12445,Female,0,11,One year,No,No,No,No,Electronic check,25.47,278.25,1,No
CUST-12446,Female,0,57,One year,DSL,No,No,Yes,Credit card,52.47,2971.73,1,No
CUST-12447,Female,0,48,Month-to-month,Fiber optic,No,Yes,No,Mailed check,90.85,4042.54,3,No
CUST-12448,Female,0,12,Month-to-month,Fiber optic,No,Yes,Yes,Electronic check,96.83,1104.89,5,Yes
CUST-12449,Male,0,11,One year,DSL,No,Yes,No,Electronic check,46.71,497.71,1,No
CUST-12450,Female,0,32,Month-to-month,Fiber optic,No,Yes,Yes,Electronic check,82.62,2542.72,3,No
CUST-12451,Female,0,23,Month-to-month,No,Yes,No,Yes,Bank transfer,25.97,599.02,1,No
CUST-12452,Male,0,32,Month-to-month,No,Yes,No,No,Electronic check,27.75,897.89,1,No
CUST-12453,Male,1,18,Month-to-month,No,Yes,Yes,No,Mailed check,36.93,602.31,0,No
CUST-12454,Female,0,25,Two year,Fiber optic,No,Yes,Yes,Bank transfer,78.79,1993.03,0,No
CUST-12455,Male,0,21,Month-to-month,Fiber optic,Yes,No,Yes,Mailed check,94.78,2053.53,5,No
CUST-12456,Female,1,32,Month-to-month,No,Yes,Yes,Yes,Electronic check,26.82,889.99,5,Yes
CUST-12457,Female,0,11,One year,DSL,Yes,No,No,Credit card,47.84,478.05,0,No
CUST-12458,Male,0,26,Month-to-month,DSL,No,Yes,Yes,Electronic check,46.42,1246.3,2,No
CUST-12459,Male,0,60,One year,Fiber optic,Yes,No,Yes,Bank transfer,66.32,3679.17,1,No
CUST-12460,Male,0,58,Month-to-month,Fiber optic,Yes,No,Yes,Bank transfer,47.8,2635.69,2,Yes
CUST-12461,Male,0,29,Two year,Fiber optic,No,Yes,Yes,Credit card,102.4,2842.52,2,No
CUST-12462,Male,0,11,One year,No,No,Yes,Yes,Mailed check,20.63,214.45,2,No
CUST-12463,Female,0,72,One year,DSL,No,Yes,No,Credit card,42.56,2893.04,2,No
CUST-12464,Male,0,32,Month-to-month,No,No,Yes,No,Electronic check,26.18,775.25,0,No
CUST-12465,Male,0,72,Two year,Fiber optic,No,Yes,Yes,Mailed check,97.36,7001.8,2,No
CUST-12466,Male,0,33,One year,No,No,No,No,Bank transfer,20.86,679.45,3,No
CUST-12467,Female,0,1,Month-to-month,DSL,No,No,No,Credit card,41.86,41.53,2,No
CUST-12468,Male,0,72,Month-to-month,Fiber optic,No,Yes,No,Bank transfer,100.1,7050.25,3,No
CUST-12469,Male,0,43,Month-to-month,Fiber optic,No,No,Yes,Bank transfer,63.42,2544.88,2,Yes
CUST-12470,Female,0,24,Month-to-month,Fiber optic,No,Yes,No,Credit card,93.0,2205.12,1,Yes
CUST-12471,Male,0,4,Month-to-month,DSL,No,Yes,No,Mailed check,63.18,252.21,3,No
CUST-12472,Male,0,46,Two year,DSL,No,Yes,No,Mailed check,56.68,2366.88,2,No
CUST-12473,Male,1,32,Two year,DSL,No,Yes,Yes,Bank transfer,62.1,2083.0,1,No
CUST-12474,Male,0,72,Month-to-month,Fiber optic,Yes,Yes,Yes,Electronic check,78.84,5602.27,2,No
CUST-12475,Male,0,70,Two year,Fiber optic,No,Yes,Yes,Mailed check,80.57,5616.08,3,No
CUST-12476,Female,0,72,One year,Fiber optic,Yes,Yes,No,Bank transfer,115.35,8184.44,1,No
CUST-12477,Male,0,28,Month-to-month,Fiber optic,No,No,Yes,Mailed check,79.68,2239.01,1,Yes
CUST-12478,Male,0,27,Two year,DSL,Yes,No,Yes,Credit card,64.77,1746.11,0,Yes
CUST-12479,Male,1,33,One year,DSL,Yes,No,No,Bank transfer,59.62,2006.47,2,No
CUST-12480,Female,1,14,One year,Fiber optic,No,Yes,No,Bank transfer,101.22,1309.7,0,No
CUST-12481,Female,0,25,Month-to-month,Fiber optic,No,No,No,Electronic check,101.96,2356.7,7,No
CUST-12482,Male,0,21,Month-to-month,Fiber optic,Yes,Yes,No,Credit card,84.66,1658.63,6,Yes
CUST-12483,Male,0,56,Two year,Fiber optic,Yes,Yes,Yes,Credit card,78.9,4615.02,3,No
CUST-12484,Male,0,64,Month-to-month,No,No,Yes,No,Bank transfer,21.0,1281.52,0,No
CUST-12485,Male,0,39,Month-to-month,No,No,No,No,Electronic check,25.0,923.85,1,No
CUST-12486,Male,0,12,Month-to-month,Fiber optic,No,Yes,Yes,Mailed check,86.51,970.0,5,Yes
CUST-12487,Male,0,72,Month-to-month,DSL,No,No,No,Electronic check,64.76,4533.01,2,No
CUST-12488,Female,1,46,Month-to-month,DSL,Yes,No,Yes,Electronic check,46.92,2235.73,6,No
CUST-12489,Male,0,31,Two year,Fiber optic,No,Yes,No,Electronic check,57.48,1783.82,1,No
CUST-12490,Male,0,37,Month-to-month,Fiber optic,No,No,No,Electronic check,88.09,3025.34,0,Yes
CUST-12491,Male,1,6,Two year,DSL,Yes,Yes,No,Credit card,49.89,307.0,0,No
CUST-12492,Female,0,21,One year,DSL,No,Yes,Yes,Bank transfer,69.35,1517.28,3,No
CUST-12493,Female,0,59,Month-to-month,No,Yes,Yes,Yes,Bank transfer,33.0,1960.62,2,Yes
CUST-12494,Male,0,6,Month-to-month,DSL,No,Yes,No,Bank transfer,52.97,314.33,0,No
CUST-12495,Male,0,6,Month-to-month,Fiber optic,Yes,Yes,Yes,Mailed check,82.32,494.31,2,No
CUST-12496,Female,0,47,Two year,No,No,Yes,Yes,Credit card,18.0,854.8,2,No
CUST-12497,Female,0,35,One year,Fiber optic,No,Yes,Yes,Bank transfer,70.38,2534.43,2,No
CUST-12498,Male,0,6,Month-to-month,DSL,No,No,No,Electronic check,55.19,330.73,2,Yes
CUST-12499,Female,0,20,Two year,No,No,No,No,Bank transfer,23.85,467.36,3,No
CUST-12500,Female,0,31,Two year,Fiber optic,Yes,No,Yes,Bank transfer,86.74,2493.67,1,No
CUST-12501,Male,0,28,Month-to-month,DSL,Yes,Yes,Yes,Bank transfer,87.1,2331.89,3,No
CUST-12502,Female,0,33,One year,Fiber optic,No,Yes,No,Electronic check,96.76,2914.24,0,No
CUST-12503,Male,0,18,One year,DSL,Yes,No,No,Bank transfer,53.68,975.12,0,No
CUST-12504,Male,0,29,Two year,Fiber optic,No,No,Yes,Electronic check,77.71,2363.54,1,No
CUST-12505,Male,0,39,Month-to-month,No,No,Yes,No,Credit card,20.28,723.34,6,Yes
CUST-12506,Male,0,37,Month-to-month,Fiber optic,No,No,No,Bank transfer,115.4,4124.87,1,No
CUST-12507,Female,0,19,Month-to-month,No,No,No,Yes,Bank transfer,18.0,343.71,1,No
CUST-12508,Male,0,42,Month-to-month,Fiber optic,No,Yes,No,Bank transfer,109.57,4162.24,4,Yes
CUST-12509,Male,0,10,Month-to-month,No,No,No,No,Credit card,21.93,211.82,4,Yes
CUST-12510,Male,0,14,One year,Fiber optic,Yes,Yes,Yes,Electronic check,84.48,1205.5,3,No
CUST-12511,Female,0,46,Month-to-month,DSL,No,No,No,Mailed check,48.02,2085.03,2,No
CUST-12512,Female,0,41,Month-to-month,No,No,Yes,Yes,Bank transfer,18.17,744.07,1,No
CUST-12513,Female,0,20,One year,No,No,No,Yes,Bank transfer,18.0,356.8,2,No
CUST-12514,Male,0,14,Month-to-month,Fiber optic,Yes,Yes,No,Bank transfer,102.47,1441.78,1,No
CUST-12515,Female,0,16,Month-to-month,Fiber optic,No,No,Yes,Credit card,71.2,1066.25,4,Yes
CUST-12516,Female,0,38,One year,DSL,No,Yes,No,Mailed check,55.07,1936.21,1,No
CUST-12517,Female,0,33,Two year,DSL,No,No,No,Credit card,51.39,1530.44,0,No
CUST-12518,Male,0,13,Month-to-month,DSL,Yes,No,Yes,Mailed check,54.43,687.78,1,Yes
CUST-12519,Female,0,41,Two year,Fiber optic,Yes,Yes,Yes,Bank transfer,93.48,3556.77,4,No
CUST-12520,Male,1,20,Two year,DSL,Yes,No,Yes,Mailed check,87.92,1754.24,1,No
CUST-12521,Male,0,11,One year,DSL,No,No,No,Mailed check,64.0,691.55,1,No
CUST-12522,Male,1,17,Two year,No,Yes,No,Yes,Credit card,20.77,361.98,6,No
CUST-12523,Male,0,26,Month-to-month,Fiber optic,No,No,Yes,Bank transfer,82.95,2200.53,7,Yes
CUST-12524,Male,0,40,Month-to-month,No,No,Yes,No,Bank transfer,18.0,687.01,1,No
CUST-12525,Male,0,38,Two year,DSL,Yes,No,No,Mailed check,55.7,1998.84,1,No
CUST-12526,Male,0,23,Month-to-month,DSL,Yes,No,No,Electronic check,52.82,1108.26,1,No
CUST-12527,Female,0,29,Month-to-month,Fiber optic,Yes,No,Yes,Mailed check,91.62,2692.69,0,No
CUST-12528,Male,0,21,Month-to-month,DSL,No,Yes,Yes,Electronic check,40.36,825.9,3,No
CUST-12529,Female,0,13,Month-to-month,Fiber optic,No,No,Yes,Bank transfer,93.24,1152.02,6,Yes
CUST-12530,Female,0,23,Month-to-month,No,Yes,No,Yes,Credit card,18.0,416.29,4,Yes
CUST-12531,Female,1,4,Month-to-month,DSL,Yes,No,No,Electronic check,52.7,198.37,1,Yes
CUST-12532,Female,0,64,Two year,Fiber optic,Yes,No,No,Mailed check,84.24,5238.59,1,No
CUST-12533,Male,0,28,Month-to-month,Fiber optic,No,Yes,Yes,Credit card,81.99,2216.17,1,No
CUST-12534,Female,0,34,Two year,DSL,No,Yes,Yes,Electronic check,41.82,1337.48,3,Yes
CUST-12535,Female,0,14,Month-to-month,Fiber optic,No,Yes,Yes,Mailed check,83.03,1184.02,1,Yes
CUST-12536,Male,1,28,Month-to-month,Fiber optic,No,No,Yes,Electronic check,59.45,1674.78,1,No
CUST-12537,Male,0,31,Two year,DSL,No,No,Yes,Mailed check,65.27,1978.68,5,No
CUST-12538,Female,1,20,Month-to-month,Fiber optic,No,No,No,Mailed check,96.06,1928.31,4,Yes
CUST-12539,Male,0,21,Month-to-month,Fiber optic,Yes,No,Yes,Mailed check,75.06,1439.74,2,Yes
CUST-12540,Male,0,7,Two year,Fiber optic,No,No,No,Credit card,81.52,550.36,2,No
CUST-12541,Female,0,72,Month-to-month,No,Yes,Yes,Yes,Mailed check,18.0,1283.07,2,No
CUST-12542,Female,0,14,Month-to-month,Fiber optic,No,Yes,Yes,Electronic check,71.3,957.4,2,Yes
CUST-12543,Male,0,15,Two year,Fiber optic,No,No,Yes,Credit card,70.9,1071.1,2,No
CUST-12544,Female,0,67,Month-to-month,No,Yes,Yes,Yes,Electronic check,36.44,2388.71,0,No
CUST-12545,Male,1,35,One year,Fiber optic,No,No,Yes,Bank transfer,81.41,2728.15,4,No
CUST-12546,Female,0,40,Month-to-month,DSL,No,No,No,Mailed check,78.3,3013.9,2,Yes
CUST-12547,Female,0,7,Month-to-month,DSL,Yes,No,Yes,Electronic check,27.51,194.04,3,No
CUST-12548,Male,0,28,Month-to-month,DSL,No,Yes,No,Electronic check,60.63,1544.63,3,No
CUST-12549,Male,1,7,One year,DSL,Yes,No,No,Credit card,36.58,262.63,1,Yes
CUST-12550,Female,0,12,Month-to-month,Fiber optic,No,Yes,No,Electronic check,85.21,929.12,0,No
CUST-12551,Male,0,72,Two year,DSL,Yes,No,No,Credit card,55.95,3705.96,1,No
CUST-12552,Male,0,10,One year,No,No,No,Yes,Mailed check,21.55,220.14,2,No
CUST-12553,Male,0,39,One year,Fiber optic,Yes,No,Yes,Bank transfer,99.35,3704.7,4,No
CUST-12554,Female,0,11,Month-to-month,DSL,No,No,No,Bank transfer,71.48,761.86,4,Yes
CUST-12555,Male,0,12,One year,No,No,Yes,No,Credit card,18.0,206.48,0,No
CUST-12556,Female,0,72,One year,Fiber optic,No,No,No,Electronic check,57.47,3782.11,1,No
CUST-12557,Female,0,23,Month-to-month,DSL,No,No,No,Mailed check,68.13,1553.39,4,No
CUST-12558,Male,0,6,Two year,DSL,No,Yes,No,Credit card,51.25,308.51,0,No
CUST-12559,Female,0,40,Month-to-month,Fiber optic,No,No,Yes,Electronic check,77.73,2886.84,0,No
CUST-12560,Female,0,56,Two year,Fiber optic,No,Yes,Yes,Bank transfer,64.49,3657.7,0,No
CUST-12561,Male,0,43,Two year,Fiber optic,Yes,No,Yes,Credit card,84.46,3322.81,2,No
CUST-12562,Female,0,21,Month-to-month,No,Yes,No,Yes,Credit card,25.77,550.0,7,No
CUST-12563,Male,0,22,Month-to-month,Fiber optic,Yes,Yes,No,Credit card,112.34,2484.34,5,No
CUST-12564,Male,1,16,Month-to-month,No,No,No,Yes,Electronic check,18.43,305.76,5,Yes
CUST-12565,Male,0,9,Month-to-month,Fiber optic,Yes,No,No,Bank transfer,77.28,710.84,1,No
CUST-12566,Female,0,31,Two year,Fiber optic,Yes,No,No,Bank transfer,60.01,1909.82,5,No
CUST-12567,Female,0,20,Month-to-month,DSL,No,No,No,Electronic check,52.19,1089.41,2,Yes
CUST-12568,Male,0,7,One year,Fiber optic,Yes,No,No,Bank transfer,69.61,500.23,3,No
CUST-12569,Female,0,23,Two year,Fiber optic,Yes,No,No,Credit card,65.03,1524.84,2,No
CUST-12570,Female,0,14,Two year,Fiber optic,No,Yes,No,Bank transfer,90.23,1174.05,4,No
CUST-12571,Female,0,30,Month-to-month,Fiber optic,Yes,No,No,Mailed check,82.83,2517.72,0,Yes
CUST-12572,Female,0,28,Two year,Fiber optic,No,No,Yes,Bank transfer,85.26,2375.12,4,No
CUST-12573,Male,0,18,Month-to-month,Fiber optic,No,No,No,Electronic check,70.77,1330.14,3,No
CUST-12574,Female,1,24,Month-to-month,Fiber optic,Yes,No,No,Bank transfer,87.28,2111.5,1,No
CUST-12575,Male,0,26,Month-to-month,Fiber optic,Yes,Yes,Yes,Mailed check,63.69,1554.92,2,No
CUST-12576,Male,0,46,One year,No,No,No,Yes,Bank transfer,28.58,1215.57,1,No
CUST-12577,Male,0,23,Month-to-month,Fiber optic,No,No,Yes,Mailed check,97.45,2111.89,4,Yes
CUST-12578,Female,0,16,Month-to-month,Fiber optic,No,Yes,Yes,Mailed check,79.52,1236.7,2,No
CUST-12579,Female,0,20,Month-to-month,Fiber optic,No,No,No,Electronic check,91.65,1829.2,2,Yes
CUST-12580,Male,0,72,Two year,Fiber optic,No,No,No,Bank transfer,55.35,3715.06,1,Yes
CUST-12581,Male,0,11,One year,No,Yes,No,Yes,Credit card,18.0,185.11,0,No
CUST-12582,Male,0,21,One year,No,Yes,Yes,Yes,Mailed check,26.1,518.08,0,No
CUST-12583,Female,0,20,One year,Fiber optic,No,Yes,No,Bank transfer,100.71,2056.59,1,No
CUST-12584,Male,1,21,Month-to-month,No,Yes,Yes,No,Bank transfer,21.72,435.46,3,No
CUST-12585,Female,0,9,Month-to-month,Fiber optic,No,Yes,Yes,Bank transfer,117.18,961.54,3,Yes
CUST-12586,Male,0,20,Month-to-month,No,No,No,Yes,Credit card,23.29,457.34,5,No
CUST-12587,Male,0,16,Month-to-month,No,No,No,Yes,Credit card,18.0,259.46,2,Yes
CUST-12588,Female,1,30,Two year,Fiber optic,Yes,No,Yes,Credit card,87.1,2615.8,2,No
CUST-12589,Male,0,51,Month-to-month,No,No,No,Yes,Mailed check,38.95,2038.54,3,Yes
CUST-12590,Male,0,31,One year,Fiber optic,No,No,Yes,Electronic check,76.24,2186.12,2,No
CUST-12591,Male,0,26,Two year,Fiber optic,Yes,No,Yes,Mailed check,69.11,1844.85,3,No
CUST-12592,Female,0,34,Two year,Fiber optic,No,No,Yes,Mailed check,94.3,3212.28,1,No
CUST-12593,Male,0,28,Month-to-month,Fiber optic,Yes,No,Yes,Electronic check,87.0,2228.38,1,Yes
CUST-12594,Male,1,24,Two year,Fiber optic,No,Yes,No,Credit card,79.83,1789.84,1,No
CUST-12595,Male,0,45,One year,DSL,Yes,No,No,Credit card,55.04,2313.46,4,No
CUST-12596,Female,0,19,Month-to-month,Fiber optic,No,No,No,Bank transfer,82.95,1467.17,4,No
CUST-12597,Female,0,8,One year,Fiber optic,No,No,Yes,Bank transfer,82.9,630.19,1,Yes
CUST-12598,Female,0,15,Month-to-month,Fiber optic,Yes,No,Yes,Mailed check,82.35,1279.93,1,Yes
CUST-12599,Male,1,13,Two year,DSL,No,Yes,Yes,Credit card,56.92,690.89,0,No
CUST-12600,Female,0,72,One year,DSL,No,No,Yes,Mailed check,71.9,5378.46,1,No
CUST-12601,Male,0,53,One year,Fiber optic,Yes,Yes,No,Electronic check,77.11,4015.33,0,No
CUST-12602,Female,0,27,Two year,Fiber optic,Yes,Yes,No,Credit card,85.48,2256.19,1,No
CUST-12603,Female,0,14,One year,DSL,No,No,Yes,Credit card,48.26,676.38,1,No
CUST-12604,Female,0,45,Month-to-month,DSL,Yes,No,Yes,Electronic check,49.65,2280.87,4,Yes
CUST-12605,Female,0,26,Month-to-month,Fiber optic,Yes,No,Yes,Bank transfer,85.28,2313.96,5,No
CUST-12606,Female,0,19,Two year,DSL,Yes,No,No,Bank transfer,42.47,726.53,3,No
CUST-12607,Male,0,26,One year,DSL,Yes,No,No,Credit card,49.3,1230.23,2,No
CUST-12608,Female,0,20,Two year,Fiber optic,No,Yes,Yes,Mailed check,85.63,1587.27,0,No
CUST-12609,Female,0,33,Month-to-month,Fiber optic,Yes,Yes,Yes,Mailed check,64.97,1978.5,1,No
CUST-12610,Female,0,8,Month-to-month,No,Yes,No,Yes,Bank transfer,23.48,173.17,3,No
CUST-12611,Female,0,33,Two year,DSL,No,Yes,No,Credit card,57.51,1910.09,1,No
CUST-12612,Male,0,20,One year,DSL,Yes,Yes,Yes,Electronic check,55.06,999.57,1,Yes
CUST-12613,Female,1,46,Month-to-month,DSL,Yes,No,No,Bank transfer,54.18,2555.91,3,No
CUST-12614,Male,0,54,Month-to-month,Fiber optic,No,Yes,Yes,Electronic check,78.14,4273.72,1,No
CUST-12615,Female,1,62,Two year,DSL,No,Yes,Yes,Electronic check,42.89,2556.22,0,No
CUST-12616,Female,0,72,One year,DSL,No,No,No,Bank transfer,44.21,3068.17,0,No
CUST-12617,Male,0,60,Month-to-month,Fiber optic,Yes,No,No,Bank transfer,97.68,5870.91,5,No
CUST-12618,Female,0,45,Month-to-month,Fiber optic,No,Yes,No,Credit card,94.85,3848.46,4,No
CUST-12619,Female,0,9,Month-to-month,Fiber optic,No,No,No,Mailed check,85.49,737.16,4,No
CUST-12620,Female,0,2,Month-to-month,Fiber optic,No,No,No,Credit card,99.13,183.8,4,No
CUST-12621,Male,0,49,Month-to-month,No,No,No,Yes,Mailed check,23.36,1061.09,2,No
CUST-12622,Male,0,12,Month-to-month,Fiber optic,Yes,No,No,Electronic check,112.27,1323.83,3,No
CUST-12623,Female,0,72,Two year,DSL,No,No,Yes,Mailed check,53.6,3615.78,0,No
CUST-12624,Female,0,6,Month-to-month,Fiber optic,No,No,No,Electronic check,75.08,430.81,2,Yes
CUST-12625,Female,0,43,Two year,DSL,No,Yes,Yes,Mailed check,61.27,2654.75,0,No
CUST-12626,Female,0,28,Month-to-month,DSL,No,No,No,Mailed check,57.21,1590.75,1,No
CUST-12627,Male,0,6,Month-to-month,Fiber optic,No,Yes,No,Electronic check,82.11,467.78,5,Yes
CUST-12628,Female,1,28,Month-to-month,DSL,No,No,Yes,Mailed check,47.6,1209.48,5,Yes
CUST-12629,Male,1,13,Month-to-month,DSL,Yes,No,No,Bank transfer,55.83,656.14,3,Yes
CUST-12630,Female,0,23,One year,Fiber optic,Yes,No,Yes,Mailed check,72.72,1627.61,2,No
CUST-12631,Female,0,23,Two year,No,No,No,Yes,Electronic check,18.0,398.78,1,No
CUST-12632,Female,0,13,One year,DSL,Yes,No,Yes,Credit card,53.59,710.22,3,No
CUST-12633,Female,0,18,One year,Fiber optic,Yes,Yes,Yes,Credit card,95.99,1576.25,1,No
CUST-12634,Male,1,12,Two year,No,Yes,No,No,Electronic check,30.19,372.28,0,No
CUST-12635,Male,0,4,One year,DSL,No,No,Yes,Mailed check,51.56,192.21,3,No
CUST-12636,Male,0,26,One year,Fiber optic,No,Yes,No,Mailed check,75.25,1863.89,1,No
CUST-12637,Female,0,60,One year,DSL,No,Yes,Yes,Credit card,72.04,4447.42,1,No
CUST-12638,Male,0,13,Month-to-month,No,No,Yes,Yes,Bank transfer,18.0,240.0,2,No
CUST-12639,Female,1,72,Month-to-month,DSL,No,No,No,Bank transfer,38.61,2716.96,3,No
CUST-12640,Male,0,72,One year,DSL,No,Yes,Yes,Electronic check,37.13,2438.5,1,No
CUST-12641,Male,0,17,One year,No,Yes,No,Yes,Electronic check,43.25,726.87,1,No
CUST-12642,Male,0,20,Month-to-month,Fiber optic,Yes,No,Yes,Credit card,66.59,1350.88,0,No
CUST-12643,Male,1,17,Two year,DSL,No,Yes,Yes,Mailed check,66.91,1068.46,2,No
CUST-12644,Male,0,9,Month-to-month,Fiber optic,No,Yes,No,Electronic check,75.44,629.68,1,No
CUST-12645,Male,0,20,One year,No,No,No,Yes,Mailed check,20.53,400.14,3,No
CUST-12646,Female,1,19,Two year,Fiber optic,Yes,No,No,Bank transfer,74.1,1425.34,3,No
CUST-12647,Female,0,26,Month-to-month,DSL,No,Yes,No,Electronic check,66.21,1679.8,3,No
CUST-12648,Female,1,27,Two year,DSL,Yes,Yes,No,Mailed check,60.11,1518.91,0,No
CUST-12649,Male,0,8,Two year,No,No,No,No,Electronic check,32.66,269.24,3,No
CUST-12650,Female,0,37,One year,DSL,No,No,Yes,Mailed check,32.35,1233.64,2,Yes
CUST-12651,Female,0,20,Two year,DSL,No,No,No,Credit card,56.73,1133.17,0,No
CUST-12652,Female,0,10,One year,DSL,No,No,Yes,Mailed check,37.06,337.65,2,Yes
CUST-12653,Male,0,20,Month-to-month,DSL,Yes,Yes,No,Credit card,44.78,837.27,4,Yes
CUST-12654,Female,0,28,One year,Fiber optic,No,No,Yes,Electronic check,98.93,2750.06,3,No
CUST-12655,Female,0,68,Month-to-month,Fiber optic,Yes,Yes,No,Credit card,80.47,5565.9,2,No
CUST-12656,Male,0,61,Month-to-month,DSL,No,No,No,Mailed check,70.37,4168.53,1,No
CUST-12657,Male,0,16,Month-to-month,DSL,Yes,No,Yes,Mailed check,55.15,834.45,0,No
CUST-12658,Female,0,21,Month-to-month,DSL,Yes,Yes,No,Bank transfer,48.53,1052.51,1,No
CUST-12659,Male,0,12,Two year,DSL,Yes,No,Yes,Mailed check,30.18,346.64,3,No
CUST-12660,Male,1,31,Two year,DSL,Yes,Yes,No,Credit card,60.5,1945.73,1,No
CUST-12661,Female,1,17,Two year,Fiber optic,Yes,Yes,Yes,Credit card,81.96,1365.29,2,No
CUST-12662,Male,0,21,Month-to-month,DSL,Yes,Yes,Yes,Electronic check,48.4,1008.49,3,No
CUST-12663,Male,0,50,One year,DSL,No,No,Yes,Mailed check,68.99,3169.35,2,No
CUST-12664,Male,0,8,One year,Fiber optic,Yes,No,Yes,Electronic check,53.24,400.4,1,No
CUST-12665,Female,0,61,Month-to-month,Fiber optic,No,Yes,Yes,Electronic check,79.74,5088.61,1,No
CUST-12666,Male,0,33,One year,Fiber optic,No,Yes,No,Electronic check,95.24,3167.44,1,Yes
CUST-12667,Female,0,59,Month-to-month,No,No,Yes,Yes,Bank transfer,22.09,1266.48,4,No
CUST-12668,Male,0,42,Two year,DSL,Yes,No,Yes,Bank transfer,61.61,2531.21,3,No
CUST-12669,Female,0,47,Month-to-month,DSL,Yes,Yes,Yes,Credit card,60.57,2599.47,4,Yes
CUST-12670,Female,0,25,Two year,DSL,Yes,No,No,Mailed check,67.61,1719.87,2,No
CUST-12671,Female,0,10,Two year,DSL,Yes,No,Yes,Electronic check,61.03,555.78,1,No
CUST-12672,Female,0,15,One year,No,No,No,No,Bank transfer,26.02,373.98,2,No
CUST-12673,Male,0,13,Month-to-month,Fiber optic,No,Yes,No,Electronic check,96.92,1211.63,2,Yes
CUST-12674,Female,0,3,Month-to-month,Fiber optic,No,No,No,Bank transfer,73.1,217.2,0,No
CUST-12675,Female,0,50,Two year,No,No,No,Yes,Mailed check,18.0,866.1,2,No
CUST-12676,Female,0,23,Month-to-month,No,No,No,Yes,Electronic check,19.38,465.3,0,Yes
CUST-12677,Female,0,12,Month-to-month,Fiber optic,Yes,No,Yes,Electronic check,84.44,1033.24,5,No
CUST-12678,Female,0,72,Two year,No,No,No,No,Electronic check,26.92,2023.12,0,No
CUST-12679,Male,0,72,One year,Fiber optic,Yes,No,Yes,Electronic check,68.34,4811.07,3,No
CUST-12680,Male,0,7,One year,DSL,No,Yes,Yes,Bank transfer,45.51,301.15,0,No
CUST-12681,Male,0,20,Month-to-month,Fiber optic,No,No,Yes,Mailed check,87.66,1836.04,4,Yes
CUST-12682,Male,0,19,Month-to-month,No,No,Yes,Yes,Bank transfer,25.82,447.45,4,Yes
CUST-12683,Female,0,11,Two year,Fiber optic,No,No,Yes,Bank transfer,80.4,918.92,2,Yes
CUST-12684,Female,0,49,Month-to-month,Fiber optic,No,No,Yes,Electronic check,91.64,4105.9,3,No
CUST-12685,Male,1,3,Month-to-month,No,No,No,No,Electronic check,33.19,101.65,3,No
CUST-12686,Male,0,72,Month-to-month,Fiber optic,No,Yes,No,Credit card,98.13,7185.68,3,No
CUST-12687,Female,0,26,One year,Fiber optic,Yes,No,Yes,Mailed check,72.7,1888.26,4,No
CUST-12688,Female,1,72,Month-to-month,DSL,No,Yes,Yes,Electronic check,73.66,5395.47,2,No
CUST-12689,Female,0,24,Two year,DSL,Yes,No,Yes,Bank transfer,52.75,1156.15,2,No
CUST-12690,Female,0,19,Month-to-month,DSL,Yes,Yes,No,Electronic check,65.58,1191.23,2,No
CUST-12691,Female,0,52,Month-to-month,No,Yes,No,Yes,Mailed check,39.57,1955.8,0,No
CUST-12692,Female,0,72,Two year,No,Yes,Yes,Yes,Electronic check,37.46,2824.56,2,No
CUST-12693,Male,0,72,Two year,DSL,No,Yes,Yes,Electronic check,43.81,3062.5,3,No
CUST-12694,Female,1,5,One year,DSL,Yes,No,Yes,Bank transfer,55.23,250.61,2,No
CUST-12695,Male,1,63,Two year,DSL,No,Yes,Yes,Mailed check,54.38,3216.79,1,No
CUST-12696,Male,0,19,Month-to-month,Fiber optic,No,No,No,Mailed check,50.72,989.33,1,No
CUST-12697,Male,0,22,Month-to-month,Fiber optic,Yes,No,Yes,Credit card,58.7,1334.91,3,Yes
CUST-12698,Male,0,18,Month-to-month,Fiber optic,No,No,Yes,Electronic check,101.94,1906.73,1,No
CUST-12699,Male,0,15,Month-to-month,DSL,No,No,No,Bank transfer,38.41,531.06,0,No
CUST-12700,Female,0,21,One year,DSL,Yes,No,Yes,Credit card,57.8,1217.6,1,No
CUST-12701,Female,0,10,Two year,No,Yes,No,Yes,Mailed check,18.0,172.86,0,No
CUST-12702,Male,0,63,Month-to-month,Fiber optic,No,Yes,Yes,Bank transfer,84.93,5406.07,3,No
CUST-12703,Female,0,41,Month-to-month,DSL,Yes,Yes,Yes,Bank transfer,48.82,2048.78,1,No
CUST-12704,Male,0,30,Two year,DSL,No,Yes,Yes,Mailed check,57.9,1631.41,0,No
CUST-12705,Male,0,18,One year,DSL,No,No,No,Credit card,48.23,846.42,2,Yes
CUST-12706,Female,0,16,Month-to-month,DSL,No,Yes,No,Mailed check,77.48,1176.54,4,No
CUST-12707,Male,1,34,Month-to-month,DSL,No,Yes,Yes,Mailed check,47.38,1559.95,2,No
CUST-12708,Female,0,30,Month-to-month,Fiber optic,No,Yes,Yes,Bank transfer,79.76,2257.77,4,No
CUST-12709,Female,0,54,Month-to-month,DSL,Yes,Yes,Yes,Bank transfer,47.04,2415.55,4,No
CUST-12710,Male,0,16,Month-to-month,Fiber optic,Yes,Yes,No,Mailed check,82.05,1235.2,1,No
CUST-12711,Male,0,15,Month-to-month,Fiber optic,Yes,No,Yes,Bank transfer,80.32,1138.23,0,Yes
CUST-12712,Female,1,40,Month-to-month,DSL,No,No,Yes,Bank transfer,63.06,2489.03,2,No
CUST-12713,Female,1,46,Month-to-month,Fiber optic,No,No,No,Mailed check,105.18,4790.31,3,No
CUST-12714,Female,0,72,Month-to-month,No,No,No,Yes,Mailed check,21.18,1582.85,0,No
CUST-12715,Male,0,5,Month-to-month,DSL,Yes,No,Yes,Electronic check,43.44,208.21,2,Yes
CUST-12716,Male,0,65,Month-to-month,Fiber optic,No,No,Yes,Bank transfer,79.09,5133.65,3,No
CUST-12717,Female,0,28,Two year,DSL,No,Yes,No,Credit card,55.26,1616.63,1,No
CUST-12718,Female,0,17,One year,DSL,Yes,No,No,Electronic check,55.32,912.1,1,No
CUST-12719,Male,0,35,Month-to-month,DSL,No,No,No,Electronic check,45.86,1632.31,1,No
CUST-12720,Female,0,34,Month-to-month,Fiber optic,Yes,No,Yes,Credit card,93.06,3308.03,2,No
CUST-12721,Female,0,17,One year,Fiber optic,Yes,Yes,Yes,Mailed check,73.75,1276.97,1,Yes
CUST-12722,Male,0,5,Month-to-month,Fiber optic,Yes,No,No,Bank transfer,87.32,398.21,3,Yes
CUST-12723,Male,0,65,One year,DSL,No,Yes,No,Mailed check,53.32,3219.81,1,Yes
CUST-12724,Female,0,14,Two year,Fiber optic,No,Yes,Yes,Bank transfer,66.53,879.51,2,No
CUST-12725,Female,0,12,Month-to-month,DSL,No,No,Yes,Electronic check,79.35,954.94,2,Yes
CUST-12726,Male,0,15,Month-to-month,DSL,No,No,Yes,Bank transfer,61.9,929.13,1,Yes
CUST-12727,Male,0,45,Month-to-month,Fiber optic,No,No,Yes,Mailed check,82.71,3426.14,3,Yes
CUST-12728,Female,0,19,One year,DSL,No,No,Yes,Mailed check,59.06,1085.5,2,No
CUST-12729,Male,0,15,Month-to-month,Fiber optic,No,No,Yes,Bank transfer,95.61,1381.45,3,No
CUST-12730,Female,0,33,One year,Fiber optic,No,No,Yes,Credit card,119.74,3965.23,2,No
CUST-12731,Female,1,30,Month-to-month,Fiber optic,No,No,No,Credit card,94.15,2652.58,0,Yes
CUST-12732,Female,0,15,One year,Fiber optic,Yes,No,Yes,Electronic check,97.16,1363.62,2,Yes
CUST-12733,Male,0,5,One year,DSL,No,Yes,Yes,Mailed check,48.39,239.43,0,No
CUST-12734,Male,0,44,Month-to-month,DSL,No,No,No,Electronic check,33.36,1339.33,2,Yes
CUST-12735,Male,0,30,Two year,Fiber optic,No,No,Yes,Credit card,63.01,1890.92,1,No
CUST-12736,Female,0,3,Two year,DSL,No,Yes,No,Electronic check,62.94,182.39,0,No
CUST-12737,Male,0,72,Month-to-month,DSL,Yes,No,Yes,Bank transfer,62.6,4419.34,4,No
CUST-12738,Male,0,3,Two year,DSL,Yes,No,Yes,Bank transfer,62.39,190.98,3,No
CUST-12739,Male,0,13,Two year,Fiber optic,Yes,No,Yes,Bank transfer,46.38,559.02,4,No
CUST-12740,Male,0,13,Month-to-month,Fiber optic,No,Yes,No,Bank transfer,84.95,1028.67,1,Yes
CUST-12741,Male,0,15,One year,DSL,No,No,Yes,Electronic check,64.89,1007.58,0,No
CUST-12742,Female,0,15,One year,DSL,No,No,Yes,Mailed check,28.28,428.88,1,No
CUST-12743,Female,0,8,One year,DSL,No,No,Yes,Electronic check,58.65,440.79,1,No
CUST-12744,Male,0,28,Two year,DSL,Yes,Yes,No,Electronic check,79.97,2257.39,0,No
CUST-12745,Male,0,49,Month-to-month,Fiber optic,No,No,Yes,Electronic check,68.8,3265.23,5,Yes
CUST-12746,Male,0,28,Month-to-month,DSL,Yes,No,Yes,Credit card,24.74,687.54,3,Yes
CUST-12747,Female,0,31,Month-to-month,DSL,No,Yes,No,Electronic check,45.25,1427.93,4,No
CUST-12748,Male,0,19,One year,No,No,Yes,Yes,Electronic check,24.44,421.03,0,No
CUST-12749,Female,0,27,Month-to-month,Fiber optic,Yes,No,Yes,Electronic check,75.69,2026.6,4,No
CUST-12750,Male,0,33,Month-to-month,DSL,No,No,Yes,Electronic check,40.31,1264.78,4,Yes
CUST-12751,Male,0,41,Month-to-month,Fiber optic,Yes,No,Yes,Electronic check,69.13,2770.33,4,Yes
CUST-12752,Female,0,14,One year,Fiber optic,No,No,Yes,Bank transfer,115.74,1546.8,0,Yes
CUST-12753,Female,0,12,Month-to-month,No,Yes,No,Yes,Bank transfer,33.43,417.66,3,No
CUST-12754,Female,0,2,Month-to-month,No,No,No,No,Bank transfer,25.7,50.87,3,No
CUST-12755,Female,1,72,Month-to-month,Fiber optic,No,Yes,No,Credit card,105.65,7812.27,2,Yes
CUST-12756,Female,0,72,Month-to-month,DSL,No,No,No,Electronic check,55.88,3776.13,2,No
CUST-12757,Female,0,24,Month-to-month,Fiber optic,No,No,Yes,Bank transfer,85.47,1958.41,2,No
CUST-12758,Male,0,25,Month-to-month,DSL,No,No,Yes,Bank transfer,62.02,1578.59,3,Yes
CUST-12759,Male,0,68,One year,Fiber optic,No,No,No,Bank transfer,104.32,6634.12,1,No
CUST-12760,Male,0,8,Month-to-month,No,No,Yes,No,Electronic check,22.52,189.13,0,No
CUST-12761,Male,0,11,Month-to-month,DSL,Yes,Yes,Yes,Mailed check,50.0,549.47,2,No
CUST-12762,Male,0,71,One year,No,No,No,No,Electronic check,18.0,1322.12,2,Yes
CUST-12763,Male,1,19,Month-to-month,Fiber optic,No,Yes,No,Mailed check,70.96,1234.57,2,No
CUST-12764,Male,0,10,Month-to-month,DSL,No,Yes,No,Bank transfer,36.3,349.25,0,No
CUST-12765,Female,0,35,Month-to-month,No,Yes,No,Yes,Electronic check,31.51,1048.26,4,Yes
CUST-12766,Male,0,14,Month-to-month,Fiber optic,No,Yes,No,Credit card,74.03,1083.75,3,Yes
CUST-12767,Female,1,63,Month-to-month,Fiber optic,Yes,Yes,Yes,Credit card,91.53,5314.75,2,No
CUST-12768,Male,1,27,Two year,Fiber optic,Yes,No,Yes,Mailed check,112.26,3068.02,2,No
CUST-12769,Female,0,15,Month-to-month,DSL,No,No,Yes,Credit card,51.9,774.25,2,Yes
CUST-12770,Female,1,15,One year,DSL,Yes,Yes,No,Mailed check,39.15,603.51,2,No
CUST-12771,Male,1,33,Two year,Fiber optic,No,No,No,Electronic check,107.25,3704.19,0,No
CUST-12772,Male,0,21,Month-to-month,No,Yes,Yes,Yes,Credit card,20.9,448.08,2,No
CUST-12773,Female,1,19,One year,Fiber optic,Yes,Yes,Yes,Electronic check,82.3,1466.52,1,No
CUST-12774,Female,0,42,Month-to-month,No,No,No,No,Electronic check,32.48,1398.64,3,Yes
CUST-12775,Male,0,69,One year,No,No,No,No,Electronic check,18.0,1215.94,1,No
CUST-12776,Female,0,38,Two year,DSL,No,Yes,Yes,Bank transfer,40.74,1544.99,2,No
CUST-12777,Female,0,13,Month-to-month,Fiber optic,No,No,Yes,Electronic check,109.74,1343.97,1,Yes
CUST-12778,Male,0,9,Two year,Fiber optic,Yes,No,Yes,Bank transfer,99.71,917.52,0,No
CUST-12779,Male,0,41,Month-to-month,DSL,No,No,Yes,Credit card,58.13,2303.81,4,No
CUST-12780,Male,1,38,One year,Fiber optic,No,No,Yes,Credit card,71.51,2775.02,0,No
CUST-12781,Female,0,18,Month-to-month,Fiber optic,Yes,No,Yes,Credit card,103.42,1794.75,4,Yes
CUST-12782,Female,1,21,Month-to-month,No,No,Yes,Yes,Electronic check,32.46,676.51,3,No
CUST-12783,Female,0,14,Month-to-month,No,Yes,Yes,Yes,Bank transfer,18.0,230.69,2,No
CUST-12784,Female,0,10,Two year,Fiber optic,Yes,Yes,Yes,Credit card,88.33,807.21,0,No
CUST-12785,Male,0,15,One year,Fiber optic,Yes,No,Yes,Electronic check,87.85,1374.4,1,No
CUST-12786,Male,0,1,Two year,Fiber optic,No,No,No,Credit card,113.02,114.03,2,No
CUST-12787,Male,0,55,Month-to-month,No,Yes,Yes,Yes,Bank transfer,18.0,916.65,4,No
CUST-12788,Male,0,7,Month-to-month,Fiber optic,Yes,Yes,No,Credit card,73.29,507.71,2,No
CUST-12789,Female,0,24,Month-to-month,No,Yes,No,Yes,Electronic check,18.0,439.42,5,Yes
CUST-12790,Female,0,2,Month-to-month,No,No,Yes,Yes,Electronic check,18.0,35.63,2,No
CUST-12791,Male,0,37,Month-to-month,DSL,Yes,No,Yes,Credit card,56.42,2019.22,4,Yes
CUST-12792,Female,1,46,Two year,No,No,No,Yes,Electronic check,26.23,1236.94,0,No
CUST-12793,Female,0,26,Two year,Fiber optic,Yes,No,Yes,Credit card,81.34,1919.4,1,No
CUST-12794,Male,0,23,Month-to-month,DSL,Yes,No,Yes,Electronic check,42.54,973.52,3,No
CUST-12795,Female,0,14,Month-to-month,DSL,No,No,Yes,Mailed check,73.09,993.58,3,No
CUST-12796,Female,1,54,One year,Fiber optic,No,No,No,Bank transfer,73.93,3981.28,0,No
CUST-12797,Female,0,5,One year,DSL,No,No,No,Credit card,58.54,276.17,1,No
CUST-12798,Female,0,17,One year,DSL,No,Yes,Yes,Mailed check,47.13,740.55,0,Yes
CUST-12799,Male,0,12,Month-to-month,Fiber optic,No,Yes,Yes,Bank transfer,84.73,1063.7,5,Yes
CUST-12800,Female,0,12,Month-to-month,DSL,No,No,No,Electronic check,79.92,987.51,5,Yes
CUST-12801,Male,0,53,Month-to-month,Fiber optic,Yes,Yes,Yes,Electronic check,66.45,3649.83,0,No
CUST-12802,Female,0,22,Two year,Fiber optic,Yes,No,No,Bank transfer,114.38,2554.82,2,No
CUST-12803,Male,0,14,One year,DSL,No,Yes,No,Bank transfer,44.63,568.37,1,No
CUST-12804,Male,0,31,Two year,Fiber optic,No,No,Yes,Credit card,84.12,2592.67,0,No
CUST-12805,Female,0,29,Month-to-month,DSL,No,No,Yes,Electronic check,48.74,1353.07,1,No
CUST-12806,Male,1,45,Month-to-month,No,No,Yes,Yes,Electronic check,18.0,769.62,1,No
CUST-12807,Male,0,33,Month-to-month,Fiber optic,No,Yes,Yes,Bank transfer,66.19,2047.58,3,No
CUST-12808,Female,0,23,Two year,No,No,No,Yes,Mailed check,21.19,451.89,0,No
CUST-12809,Male,0,24,Month-to-month,Fiber optic,Yes,Yes,No,Bank transfer,97.77,2160.91,5,Yes
CUST-12810,Female,0,32,One year,No,Yes,Yes,Yes,Electronic check,24.08,707.56,3,Yes
CUST-12811,Male,0,11,Month-to-month,Fiber optic,Yes,Yes,Yes,Credit card,88.4,978.91,2,No
CUST-12812,Male,0,29,Month-to-month,Fiber optic,No,No,Yes,Mailed check,90.05,2714.84,4,No
CUST-12813,Female,0,68,Month-to-month,DSL,No,No,Yes,Bank transfer,71.48,4651.78,4,No
CUST-12814,Male,0,26,Month-to-month,Fiber optic,No,No,No,Electronic check,116.46,2773.29,1,Yes
CUST-12815,Male,0,18,Two year,Fiber optic,No,Yes,Yes,Electronic check,114.83,1928.83,5,Yes
CUST-12816,Female,0,18,Two year,Fiber optic,No,No,Yes,Mailed check,79.34,1445.28,1,No
CUST-12817,Female,1,31,One year,DSL,No,No,No,Mailed check,63.88,1885.77,1,No
CUST-12818,Male,0,27,Month-to-month,Fiber optic,Yes,No,No,Mailed check,79.9,2155.95,1,No
CUST-12819,Female,0,39,One year,Fiber optic,No,No,Yes,Electronic check,75.83,2752.85,3,No
CUST-12820,Female,0,14,Month-to-month,Fiber optic,No,No,Yes,Mailed check,71.19,1010.11,2,No
CUST-12821,Female,0,21,Two year,Fiber optic,Yes,Yes,No,Mailed check,92.6,1941.31,1,No
CUST-12822,Male,1,43,One year,Fiber optic,Yes,No,Yes,Electronic check,114.42,4592.13,3,No
CUST-12823,Female,0,46,Month-to-month,Fiber optic,No,No,Yes,Electronic check,108.25,5177.72,2,Yes
CUST-12824,Female,0,46,Month-to-month,Fiber optic,No,Yes,Yes,Bank transfer,96.84,4358.31,1,No
CUST-12825,Female,0,40,Month-to-month,Fiber optic,Yes,Yes,Yes,Electronic check,48.89,1824.66,4,Yes
CUST-12826,Male,0,41,Month-to-month,Fiber optic,No,Yes,Yes,Electronic check,57.03,2303.23,3,Yes
CUST-12827,Female,1,29,Two year,DSL,No,Yes,No,Mailed check,51.52,1437.68,4,No
CUST-12828,Female,0,7,One year,DSL,Yes,Yes,No,Electronic check,61.66,447.85,0,No
CUST-12829,Male,0,7,Month-to-month,Fiber optic,No,No,No,Bank transfer,93.31,618.18,4,Yes
CUST-12830,Female,0,25,Month-to-month,Fiber optic,Yes,No,No,Bank transfer,80.42,2076.64,4,No
CUST-12831,Female,0,26,One year,DSL,Yes,Yes,Yes,Electronic check,47.11,1238.9,1,No
CUST-12832,Male,0,12,Month-to-month,Fiber optic,Yes,No,Yes,Electronic check,96.3,1157.94,2,No
CUST-12833,Female,0,12,Month-to-month,DSL,Yes,No,No,Electronic check,41.47,461.62,2,No
CUST-12834,Male,0,22,One year,Fiber optic,Yes,No,No,Credit card,57.15,1147.84,0,Yes
CUST-12835,Female,0,72,Month-to-month,DSL,No,No,No,Electronic check,66.66,4942.22,3,No
CUST-12836,Female,0,10,Month-to-month,Fiber optic,Yes,No,Yes,Mailed check,111.62,1100.09,9,Yes
CUST-12837,Female,0,17,Month-to-month,Fiber optic,No,Yes,Yes,Credit card,92.91,1650.25,4,No
CUST-12838,Male,0,45,Month-to-month,No,Yes,Yes,No,Electronic check,32.23,1417.75,3,No
CUST-12839,Female,0,39,Two year,No,No,No,Yes,Electronic check,18.0,694.07,1,No
CUST-12840,Male,0,30,Two year,Fiber optic,No,No,No,Credit card,86.59,2726.49,1,No
CUST-12841,Female,0,4,Two year,Fiber optic,Yes,Yes,Yes,Mailed check,106.04,427.28,0,No
CUST-12842,Female,1,20,Two year,Fiber optic,No,No,No,Electronic check,74.95,1430.11,1,No
CUST-12843,Male,0,72,Month-to-month,No,Yes,No,Yes,Electronic check,38.6,2846.32,2,No
CUST-12844,Male,0,12,Month-to-month,Fiber optic,No,No,No,Credit card,77.83,881.92,1,No
CUST-12845,Male,0,12,One year,DSL,No,No,Yes,Electronic check,66.98,786.73,1,Yes
CUST-12846,Female,0,66,Month-to-month,No,Yes,Yes,No,Mailed check,27.62,1705.63,3,Yes
CUST-12847,Male,0,22,Two year,DSL,No,Yes,Yes,Electronic check,66.06,1524.87,2,No
CUST-12848,Male,0,4,Month-to-month,No,Yes,Yes,Yes,Mailed check,18.0,74.89,1,Yes
CUST-12849,Male,0,9,Month-to-month,DSL,No,Yes,Yes,Electronic check,26.14,242.54,4,No
CUST-12850,Male,1,15,One year,Fiber optic,No,No,No,Electronic check,53.21,766.42,0,Yes
CUST-12851,Male,0,29,Two year,No,No,No,Yes,Bank transfer,37.67,1102.55,1,No
CUST-12852,Male,0,20,One year,Fiber optic,Yes,No,No,Bank transfer,105.05,1973.15,2,No
CUST-12853,Male,0,11,One year,Fiber optic,No,No,Yes,Electronic check,91.58,965.55,1,No
CUST-12854,Female,1,21,Month-to-month,DSL,No,No,No,Electronic check,55.36,1186.55,4,Yes
CUST-12855,Male,1,12,One year,DSL,No,Yes,Yes,Bank transfer,47.95,522.76,0,No
CUST-12856,Female,0,72,One year,DSL,No,No,No,Mailed check,73.73,4817.19,2,No
CUST-12857,Female,0,8,Month-to-month,Fiber optic,Yes,No,Yes,Bank transfer,92.84,742.13,1,No
CUST-12858,Female,0,16,One year,Fiber optic,No,No,No,Electronic check,93.96,1527.77,0,No
CUST-12859,Male,0,15,Month-to-month,DSL,No,No,Yes,Bank transfer,36.8,528.6,1,No
CUST-12860,Male,0,15,Month-to-month,Fiber optic,No,No,Yes,Mailed check,96.42,1448.0,4,No
CUST-12861,Female,0,9,Two year,No,Yes,Yes,No,Electronic check,24.11,224.68,2,No
CUST-12862,Female,0,63,Month-to-month,No,Yes,Yes,Yes,Bank transfer,30.08,1733.72,5,No
CUST-12863,Female,1,72,One year,Fiber optic,Yes,No,No,Electronic check,83.14,6133.51,2,No
CUST-12864,Male,1,32,Month-to-month,No,No,No,Yes,Electronic check,41.24,1302.98,3,Yes
CUST-12865,Male,1,30,Two year,Fiber optic,No,Yes,No,Mailed check,86.6,2502.88,2,No
CUST-12866,Male,0,5,Month-to-month,DSL,Yes,Yes,Yes,Electronic check,64.54,292.93,2,No
CUST-12867,Male,0,62,Month-to-month,Fiber optic,No,No,Yes,Credit card,111.23,6604.1,1,Yes
CUST-12868,Female,0,12,Two year,No,Yes,No,No,Electronic check,18.0,220.12,1,No
CUST-12869,Male,0,4,One year,DSL,Yes,Yes,Yes,Electronic check,50.6,198.6,3,Yes
CUST-12870,Male,0,36,Month-to-month,DSL,No,No,No,Electronic check,50.18,1673.68,2,No
CUST-12871,Female,1,51,Month-to-month,No,Yes,Yes,No,Credit card,18.0,858.18,3,No
CUST-12872,Female,0,61,Month-to-month,Fiber optic,No,Yes,Yes,Credit card,87.98,5512.23,6,No
CUST-12873,Male,0,17,Two year,Fiber optic,No,Yes,Yes,Credit card,77.61,1273.17,3,No
CUST-12874,Male,0,15,One year,Fiber optic,Yes,Yes,Yes,Credit card,113.83,1561.18,2,No
CUST-12875,Female,0,28,Two year,Fiber optic,No,No,No,Credit card,76.18,2231.21,3,No
CUST-12876,Female,0,20,Two year,DSL,Yes,Yes,No,Credit card,48.18,903.81,3,No
CUST-12877,Female,0,37,Month-to-month,Fiber optic,No,No,No,Mailed check,66.16,2495.57,5,Yes
CUST-12878,Female,0,28,One year,DSL,Yes,No,Yes,Bank transfer,54.77,1383.13,1,No
CUST-12879,Female,0,11,One year,DSL,Yes,Yes,Yes,Electronic check,44.79,462.36,2,No
CUST-12880,Male,0,62,Two year,No,Yes,No,No,Credit card,18.0,1060.83,1,No
CUST-12881,Male,0,37,One year,DSL,No,Yes,No,Electronic check,52.59,2002.14,0,No
CUST-12882,Female,0,50,Month-to-month,DSL,Yes,Yes,Yes,Bank transfer,63.97,3237.25,3,No
CUST-12883,Male,0,11,Two year,DSL,No,Yes,Yes,Electronic check,49.21,512.19,0,No
CUST-12884,Male,0,36,One year,No,No,No,Yes,Bank transfer,25.94,950.81,1,No
CUST-12885,Male,0,43,Two year,No,Yes,No,No,Credit card,29.68,1303.61,2,No
CUST-12886,Female,0,27,Month-to-month,DSL,Yes,Yes,Yes,Mailed check,58.33,1538.42,0,No
CUST-12887,Male,0,9,Month-to-month,Fiber optic,Yes,No,Yes,Credit card,75.92,667.03,3,No
CUST-12888,Male,0,26,One year,Fiber optic,No,No,No,Electronic check,89.38,2269.0,2,No
CUST-12889,Male,1,41,One year,Fiber optic,No,No,Yes,Bank transfer,58.36,2213.38,2,Yes
CUST-12890,Male,0,52,Month-to-month,DSL,No,No,Yes,Credit card,62.74,3333.82,0,No
CUST-12891,Female,0,6,Month-to-month,DSL,No,No,No,Bank transfer,28.88,174.51,1,No
CUST-12892,Male,1,27,One year,Fiber optic,No,Yes,No,Mailed check,98.05,2720.01,4,No
CUST-12893,Female,0,7,Two year,DSL,Yes,Yes,Yes,Mailed check,67.18,480.75,4,No
CUST-12894,Male,0,41,Month-to-month,Fiber optic,No,No,No,Credit card,91.04,3799.03,0,Yes
CUST-12895,Female,0,49,Month-to-month,DSL,Yes,No,No,Mailed check,34.69,1728.87,2,No
CUST-12896,Female,0,10,Month-to-month,No,No,No,Yes,Electronic check,31.33,326.38,6,No
CUST-12897,Female,0,9,Month-to-month,Fiber optic,No,No,Yes,Electronic check,73.93,659.28,2,Yes
CUST-12898,Female,0,14,Month-to-month,Fiber optic,Yes,Yes,Yes,Mailed check,85.38,1224.24,3,No
CUST-12899,Male,0,21,Month-to-month,Fiber optic,Yes,No,Yes,Electronic check,104.89,2247.24,1,Yes
CUST-12900,Female,0,13,One year,DSL,Yes,No,No,Credit card,77.12,942.99,2,No
CUST-12901,Female,0,44,Month-to-month,DSL,No,No,No,Bank transfer,31.9,1382.31,1,No
CUST-12902,Female,0,52,Month-to-month,Fiber optic,No,No,Yes,Credit card,86.31,4530.55,2,No
CUST-12903,Female,0,26,Two year,Fiber optic,Yes,No,Yes,Bank transfer,83.79,1994.51,2,No
CUST-12904,Female,0,13,Month-to-month,No,No,No,Yes,Credit card,18.0,229.22,1,No
CUST-12905,Female,0,20,One year,Fiber optic,No,Yes,Yes,Electronic check,84.77,1526.56,1,No
CUST-12906,Female,0,26,Month-to-month,Fiber optic,No,No,Yes,Bank transfer,96.46,2347.46,2,Yes
CUST-12907,Female,0,20,Two year,DSL,No,No,Yes,Electronic check,68.78,1338.34,0,No
CUST-12908,Male,0,23,Two year,DSL,No,No,No,Electronic check,39.06,849.89,1,Yes
CUST-12909,Male,0,50,Month-to-month,DSL,Yes,No,Yes,Electronic check,36.05,1830.49,1,Yes
CUST-12910,Male,0,12,One year,No,Yes,Yes,Yes,Bank transfer,18.72,223.62,0,No
CUST-12911,Male,0,72,One year,Fiber optic,No,No,Yes,Bank transfer,104.19,7052.34,2,No
CUST-12912,Male,0,27,Month-to-month,Fiber optic,Yes,No,No,Electronic check,106.54,2596.24,2,No
CUST-12913,Male,0,19,One year,Fiber optic,No,Yes,No,Credit card,64.59,1151.41,0,No
CUST-12914,Male,0,12,Month-to-month,DSL,No,No,Yes,Credit card,39.7,465.82,1,No
CUST-12915,Male,0,13,Month-to-month,DSL,No,No,Yes,Credit card,65.01,857.23,2,No
CUST-12916,Female,0,24,Two year,DSL,Yes,Yes,No,Bank transfer,88.06,2093.28,3,No
CUST-12917,Female,1,27,Month-to-month,DSL,No,Yes,Yes,Bank transfer,52.17,1279.57,1,No
CUST-12918,Female,0,18,Month-to-month,Fiber optic,No,No,No,Mailed check,80.49,1405.3,4,Yes
CUST-12919,Male,0,7,Month-to-month,DSL,Yes,Yes,Yes,Mailed check,69.9,510.8,5,No
CUST-12920,Male,0,24,Two year,Fiber optic,No,Yes,No,Electronic check,75.9,1886.38,3,No
CUST-12921,Female,0,13,Month-to-month,No,Yes,No,No,Credit card,27.35,359.65,4,No
CUST-12922,Male,0,4,Month-to-month,No,Yes,Yes,Yes,Bank transfer,29.78,112.27,2,Yes
CUST-12923,Female,0,38,One year,DSL,Yes,Yes,No,Mailed check,51.36,1763.03,3,No
CUST-12924,Male,1,5,One year,Fiber optic,No,No,Yes,Electronic check,102.06,494.19,1,Yes
CUST-12925,Male,0,18,Month-to-month,DSL,No,No,Yes,Mailed check,70.11,1206.59,3,No
CUST-12926,Female,1,22,Two year,DSL,No,Yes,Yes,Electronic check,43.29,953.61,0,No
CUST-12927,Male,0,57,Month-to-month,Fiber optic,No,Yes,Yes,Credit card,54.73,2840.52,6,No
CUST-12928,Male,1,4,One year,Fiber optic,No,Yes,No,Bank transfer,96.44,400.62,1,No
CUST-12929,Female,0,41,One year,Fiber optic,No,No,Yes,Bank transfer,63.39,2625.78,0,No
CUST-12930,Male,0,45,Month-to-month,No,Yes,Yes,Yes,Bank transfer,26.08,1227.13,0,No
CUST-12931,Female,0,69,Two year,DSL,Yes,Yes,Yes,Credit card,54.36,3862.5,1,No
CUST-12932,Male,0,51,One year,No,No,No,Yes,Electronic check,18.0,885.44,2,No
CUST-12933,Male,0,23,Month-to-month,DSL,Yes,No,Yes,Mailed check,45.26,1040.23,4,No
CUST-12934,Female,0,42,Month-to-month,No,No,No,No,Bank transfer,32.09,1383.88,3,Yes
CUST-12935,Male,0,59,Month-to-month,Fiber optic,Yes,No,Yes,Credit card,53.59,2942.15,3,No
CUST-12936,Female,0,3,Two year,DSL,No,No,No,Mailed check,75.14,203.2,1,No
CUST-12937,Female,0,7,Month-to-month,Fiber optic,No,Yes,No,Electronic check,87.67,580.66,3,Yes
CUST-12938,Female,1,29,Two year,DSL,No,Yes,Yes,Electronic check,50.95,1426.78,1,No
CUST-12939,Male,0,45,Month-to-month,Fiber optic,No,Yes,Yes,Credit card,61.29,2740.62,0,No
CUST-12940,Female,0,37,Two year,DSL,No,Yes,Yes,Electronic check,47.87,1664.0,0,No
CUST-12941,Female,0,31,Two year,No,No,No,Yes,Electronic check,38.5,1153.14,1,No
CUST-12942,Female,0,69,Month-to-month,DSL,No,No,Yes,Credit card,41.42,2850.22,1,No
CUST-12943,Male,0,18,Month-to-month,No,Yes,Yes,Yes,Credit card,25.7,473.46,1,No
CUST-12944,Female,1,13,Two year,DSL,No,Yes,Yes,Mailed check,54.06,656.41,4,No
CUST-12945,Male,0,16,Month-to-month,Fiber optic,No,No,Yes,Electronic check,101.09,1649.71,1,Yes
CUST-12946,Female,0,29,Month-to-month,No,No,Yes,Yes,Mailed check,34.54,1042.64,2,No
CUST-12947,Male,0,22,Two year,DSL,Yes,No,Yes,Electronic check,45.35,959.21,0,No
CUST-12948,Female,0,47,Two year,DSL,Yes,No,Yes,Electronic check,53.45,2469.09,2,Yes
CUST-12949,Female,0,13,One year,Fiber optic,No,No,Yes,Mailed check,83.58,979.54,1,No
CUST-12950,Male,0,32,Two year,Fiber optic,No,Yes,No,Credit card,89.08,2869.23,1,No
CUST-12951,Female,0,42,One year,No,Yes,No,No,Electronic check,24.44,1057.97,2,No
CUST-12952,Female,0,59,One year,DSL,No,No,No,Bank transfer,55.21,2941.32,0,No
CUST-12953,Male,0,8,Month-to-month,No,No,No,No,Electronic check,18.0,147.82,4,Yes
CUST-12954,Male,1,15,One year,No,No,Yes,Yes,Electronic check,35.52,491.4,1,No
CUST-12955,Female,0,21,One year,Fiber optic,No,No,No,Electronic check,84.46,1820.26,1,No
CUST-12956,Male,0,6,One year,DSL,No,No,Yes,Electronic check,55.46,326.52,0,No
CUST-12957,Male,0,30,Two year,DSL,Yes,No,No,Electronic check,58.56,1678.61,2,No
CUST-12958,Female,0,30,Month-to-month,No,Yes,Yes,Yes,Electronic check,27.09,846.23,3,No
CUST-12959,Male,0,28,One year,Fiber optic,No,Yes,Yes,Electronic check,86.17,2393.0,3,No
CUST-12960,Female,0,20,Month-to-month,Fiber optic,No,No,No,Mailed check,74.23,1344.75,0,No
CUST-12961,Male,0,55,Month-to-month,No,No,Yes,Yes,Electronic check,18.86,1052.73,4,No
CUST-12962,Female,0,16,Month-to-month,DSL,Yes,Yes,Yes,Electronic check,65.83,976.74,6,No
CUST-12963,Male,0,51,Two year,Fiber optic,Yes,No,Yes,Bank transfer,92.8,4914.92,2,No
CUST-12964,Female,0,15,Month-to-month,Fiber optic,Yes,Yes,Yes,Credit card,69.0,957.27,2,No
CUST-12965,Female,0,8,One year,No,Yes,No,No,Mailed check,18.0,140.13,1,No
CUST-12966,Male,0,23,One year,Fiber optic,No,Yes,No,Credit card,109.34,2460.46,6,Yes
CUST-12967,Male,0,26,Two year,Fiber optic,Yes,No,No,Electronic check,87.7,2244.95,3,Yes
CUST-12968,Female,0,32,One year,DSL,No,Yes,Yes,Bank transfer,41.28,1294.64,1,No
CUST-12969,Female,0,2,Month-to-month,No,No,No,Yes,Mailed check,30.88,59.66,1,No
CUST-12970,Female,0,18,Month-to-month,Fiber optic,Yes,No,No,Electronic check,51.51,933.51,3,No
CUST-12971,Male,0,72,One year,Fiber optic,No,No,Yes,Electronic check,84.12,5592.11,1,No
CUST-12972,Female,1,14,Month-to-month,No,No,Yes,Yes,Electronic check,31.37,447.09,2,No
CUST-12973,Female,0,45,Month-to-month,DSL,Yes,Yes,Yes,Bank transfer,45.19,1841.74,4,No
CUST-12974,Male,0,72,Month-to-month,Fiber optic,Yes,Yes,Yes,Electronic check,63.16,4667.13,1,No
CUST-12975,Male,0,72,Month-to-month,No,No,Yes,No,Credit card,28.02,2042.76,2,No
CUST-12976,Male,0,9,Two year,Fiber optic,No,Yes,Yes,Electronic check,98.82,906.55,5,Yes
CUST-12977,Female,0,43,Two year,No,No,No,Yes,Mailed check,18.0,731.07,2,No
CUST-12978,Male,0,44,One year,No,No,Yes,Yes,Mailed check,30.09,1360.46,3,No
CUST-12979,Male,1,38,Month-to-month,Fiber optic,No,Yes,Yes,Credit card,65.71,2506.2,0,No
CUST-12980,Female,0,8,Two year,DSL,No,No,Yes,Electronic check,52.4,438.14,0,No
CUST-12981,Male,0,28,One year,No,No,No,No,Mailed check,33.8,854.62,0,No
CUST-12982,Female,0,28,Two year,Fiber optic,No,Yes,Yes,Bank transfer,80.34,2291.21,1,No
CUST-12983,Female,0,7,Month-to-month,Fiber optic,No,No,Yes,Electronic check,87.11,605.78,1,Yes
CUST-12984,Female,1,19,Month-to-month,Fiber optic,Yes,No,Yes,Mailed check,88.61,1764.97,4,Yes
CUST-12985,Female,1,29,One year,DSL,No,No,No,Electronic check,46.07,1291.35,1,No
CUST-12986,Female,1,22,Two year,DSL,No,Yes,Yes,Credit card,42.15,873.48,3,No
CUST-12987,Female,0,40,Month-to-month,Fiber optic,No,No,No,Credit card,97.81,4037.3,5,Yes
CUST-12988,Female,0,19,Month-to-month,Fiber optic,No,No,Yes,Electronic check,55.1,993.3,2,Yes
CUST-12989,Male,0,26,One year,Fiber optic,Yes,No,Yes,Bank transfer,65.04,1700.21,0,No
CUST-12990,Male,0,47,Two year,DSL,No,No,No,Electronic check,89.88,4012.12,1,No
CUST-12991,Female,0,72,One year,Fiber optic,Yes,Yes,Yes,Credit card,96.23,7218.22,0,No
CUST-12992,Male,0,8,Two year,Fiber optic,Yes,No,Yes,Electronic check,73.73,577.43,1,No
CUST-12993,Female,0,39,One year,DSL,Yes,No,Yes,Mailed check,47.05,1739.58,1,No
CUST-12994,Female,1,16,Two year,Fiber optic,No,No,No,Credit card,82.27,1347.13,3,No
CUST-12995,Female,0,33,Month-to-month,Fiber optic,No,Yes,Yes,Electronic check,86.07,2582.82,2,Yes
CUST-12996,Male,1,7,Month-to-month,Fiber optic,No,No,No,Credit card,92.44,591.47,1,No
CUST-12997,Male,0,56,One year,Fiber optic,Yes,No,No,Bank transfer,89.09,5116.01,3,No
CUST-12998,Male,0,12,One year,No,No,No,No,Mailed check,30.92,351.93,1,No
CUST-12999,Female,0,48,Month-to-month,DSL,Yes,No,No,Electronic check,56.05,2492.72,0,No
CUST-13000,Female,0,8,Month-to-month,DSL,Yes,Yes,No,Bank transfer,38.33,303.0,3,Yes
CUST-13001,Female,0,6,One year,DSL,No,No,Yes,Bank transfer,38.7,217.84,1,No
CUST-13002,Female,0,20,Two year,Fiber optic,Yes,Yes,No,Mailed check,78.53,1646.14,1,No
CUST-13003,Female,0,28,Month-to-month,No,Yes,Yes,Yes,Mailed check,28.19,807.42,1,Yes
CUST-13004,Female,1,72,Two year,Fiber optic,Yes,No,No,Bank transfer,78.36,5830.18,0,No
CUST-13005,Male,0,28,Month-to-month,No,No,No,Yes,Mailed check,33.31,956.01,3,No
CUST-13006,Female,0,9,Month-to-month,Fiber optic,Yes,No,Yes,Bank transfer,74.72,694.62,2,No
CUST-13007,Male,0,43,Month-to-month,DSL,No,Yes,No,Mailed check,36.8,1504.26,3,No
CUST-13008,Female,0,62,Month-to-month,DSL,Yes,No,No,Credit card,60.47,3752.85,5,Yes
CUST-13009,Female,0,11,Month-to-month,Fiber optic,No,No,No,Bank transfer,79.94,911.01,3,Yes
CUST-13010,Male,0,47,One year,Fiber optic,No,No,Yes,Electronic check,74.99,3534.68,0,No
CUST-13011,Female,0,57,One year,Fiber optic,Yes,No,No,Credit card,78.56,4700.0,0,No
CUST-13012,Male,0,43,Month-to-month,Fiber optic,Yes,No,Yes,Credit card,84.71,3751.16,3,No
CUST-13013,Female,0,14,Two year,Fiber optic,Yes,Yes,Yes,Credit card,89.83,1145.22,1,No
CUST-13014,Male,0,28,Two year,DSL,No,No,Yes,Electronic check,52.0,1419.93,4,No
CUST-13015,Male,1,33,Month-to-month,Fiber optic,No,Yes,Yes,Electronic check,78.7,2444.74,2,Yes
CUST-13016,Female,0,55,Month-to-month,Fiber optic,No,No,No,Electronic check,114.32,6484.03,3,Yes
CUST-13017,Male,0,15,Month-to-month,No,Yes,No,No,Credit card,18.0,280.96,2,No
CUST-13018,Female,0,47,One year,DSL,No,Yes,No,Bank transfer,52.74,2441.7,2,No
CUST-13019,Female,0,22,Month-to-month,No,No,No,No,Electronic check,27.29,545.49,0,No
CUST-13020,Male,0,18,One year,DSL,Yes,No,No,Electronic check,80.59,1381.04,0,No
CUST-13021,Male,0,25,One year,DSL,No,No,No,Credit card,38.72,898.59,1,No
CUST-13022,Male,0,1,One year,No,Yes,No,No,Mailed check,29.87,29.26,2,No
CUST-13023,Male,0,2,Month-to-month,No,Yes,Yes,Yes,Bank transfer,21.76,45.59,3,No
CUST-13024,Male,0,3,Month-to-month,No,No,No,Yes,Electronic check,34.73,99.14,3,Yes
CUST-13025,Female,1,34,Month-to-month,DSL,No,Yes,No,Electronic check,45.53,1563.48,2,No
CUST-13026,Male,0,20,Two year,DSL,No,No,Yes,Mailed check,64.07,1312.99,1,No
CUST-13027,Female,0,14,One year,Fiber optic,Yes,No,Yes,Electronic check,88.13,1264.06,1,Yes
CUST-13028,Male,1,24,One year,No,Yes,No,Yes,Electronic check,32.78,725.63,0,No
CUST-13029,Female,0,48,One year,Fiber optic,Yes,Yes,Yes,Mailed check,61.22,2749.51,2,No
CUST-13030,Female,0,23,Month-to-month,DSL,No,Yes,No,Electronic check,34.03,730.53,1,No
CUST-13031,Male,1,9,Month-to-month,Fiber optic,Yes,Yes,No,Credit card,96.65,821.67,0,Yes
CUST-13032,Female,0,72,Month-to-month,DSL,Yes,Yes,No,Bank transfer,54.38,3551.14,5,Yes
CUST-13033,Male,0,24,Month-to-month,DSL,No,No,No,Electronic check,49.52,1165.75,2,Yes
CUST-13034,Male,0,57,Month-to-month,Fiber optic,No,Yes,No,Electronic check,94.25,5432.02,2,No
CUST-13035,Female,0,44,Month-to-month,DSL,No,No,Yes,Mailed check,38.26,1581.03,2,No
CUST-13036,Female,0,17,One year,Fiber optic,No,No,Yes,Mailed check,117.6,1991.18,3,No
CUST-13037,Male,0,72,Month-to-month,Fiber optic,No,No,No,Bank transfer,124.21,8780.72,3,Yes
CUST-13038,Male,0,15,Month-to-month,Fiber optic,No,No,No,Bank transfer,95.98,1317.08,2,No
CUST-13039,Male,0,33,Month-to-month,Fiber optic,Yes,No,Yes,Bank transfer,78.1,2412.34,2,Yes
CUST-13040,Male,1,30,Month-to-month,No,Yes,No,No,Mailed check,28.3,794.79,1,No
CUST-13041,Male,0,32,Month-to-month,Fiber optic,No,No,No,Electronic check,108.6,3382.38,5,No
CUST-13042,Male,0,66,Month-to-month,No,No,No,Yes,Electronic check,39.39,2584.33,1,No
CUST-13043,Female,0,25,Month-to-month,Fiber optic,No,Yes,Yes,Electronic check,106.71,2521.69,2,Yes
CUST-13044,Male,0,29,Two year,Fiber optic,No,No,Yes,Mailed check,82.45,2197.57,1,No
CUST-13045,Female,0,30,Month-to-month,No,No,No,Yes,Electronic check,21.81,615.16,4,No
CUST-13046,Female,1,72,Month-to-month,DSL,No,Yes,Yes,Electronic check,46.64,3042.62,3,No
CUST-13047,Female,0,54,Month-to-month,DSL,No,Yes,Yes,Electronic check,62.07,3392.79,1,No
CUST-13048,Male,0,5,Month-to-month,No,Yes,No,No,Credit card,18.0,90.44,1,No
CUST-13049,Female,0,15,One year,Fiber optic,No,No,No,Electronic check,104.55,1569.12,3,No
CUST-13050,Female,0,26,Month-to-month,DSL,No,No,No,Bank transfer,45.01,1161.56,2,No
CUST-13051,Male,0,65,Two year,No,Yes,Yes,No,Credit card,37.34,2292.76,1,No
CUST-13052,Female,0,70,Two year,DSL,Yes,No,No,Credit card,41.9,2690.51,0,No
CUST-13053,Male,0,24,One year,Fiber optic,No,Yes,Yes,Credit card,68.98,1638.64,2,No
CUST-13054,Female,0,15,Month-to-month,Fiber optic,No,No,Yes,Bank transfer,88.8,1345.24,2,No
CUST-13055,Male,1,21,Month-to-month,Fiber optic,No,Yes,Yes,Electronic check,95.19,2042.14,5,No
CUST-13056,Female,0,27,Month-to-month,Fiber optic,No,Yes,No,Mailed check,87.82,2392.47,3,Yes
CUST-13057,Male,0,20,One year,DSL,Yes,No,Yes,Mailed check,92.85,1854.81,6,No
CUST-13058,Male,0,58,Month-to-month,No,No,No,No,Bank transfer,31.22,1853.36,3,No
CUST-13059,Male,0,19,One year,No,No,No,No,Mailed check,20.24,390.11,2,No
CUST-13060,Male,1,12,Month-to-month,DSL,No,No,Yes,Electronic check,74.53,931.74,1,Yes
CUST-13061,Male,0,21,Month-to-month,DSL,No,Yes,Yes,Electronic check,56.11,1061.52,0,Yes
CUST-13062,Male,0,31,Month-to-month,Fiber optic,Yes,Yes,No,Mailed check,104.1,2975.52,3,No
CUST-13063,Male,0,59,Month-to-month,DSL,No,No,Yes,Credit card,71.27,4150.08,0,No
CUST-13064,Female,1,11,One year,No,No,Yes,Yes,Bank transfer,18.0,190.11,1,No
CUST-13065,Female,0,31,One year,No,No,No,Yes,Electronic check,24.59,725.03,1,No
CUST-13066,Female,0,32,Month-to-month,DSL,No,No,Yes,Credit card,65.59,2123.83,3,Yes
CUST-13067,Female,0,37,Month-to-month,No,No,No,Yes,Bank transfer,24.09,873.92,1,No
CUST-13068,Male,0,19,Two year,No,Yes,Yes,No,Credit card,24.69,459.17,1,No
CUST-13069,Male,1,36,Month-to-month,Fiber optic,Yes,No,Yes,Credit card,84.92,2774.1,1,Yes
CUST-13070,Male,0,43,One year,No,No,No,Yes,Bank transfer,18.38,766.11,2,No
CUST-13071,Male,0,18,Month-to-month,DSL,No,No,No,Credit card,37.46,668.27,3,Yes
CUST-13072,Male,0,29,One year,No,Yes,No,Yes,Mailed check,20.31,554.78,1,No
CUST-13073,Female,1,22,One year,DSL,No,Yes,Yes,Credit card,73.49,1513.09,2,No
CUST-13074,Female,0,13,Month-to-month,Fiber optic,No,Yes,Yes,Electronic check,83.68,1068.87,2,Yes
CUST-13075,Female,0,7,Month-to-month,Fiber optic,Yes,No,No,Credit card,105.39,764.87,1,Yes
CUST-13076,Male,1,15,Month-to-month,DSL,Yes,No,No,Bank transfer,57.54,791.9,6,Yes
CUST-13077,Female,0,16,Month-to-month,Fiber optic,Yes,Yes,Yes,Electronic check,79.49,1203.7,2,No
CUST-13078,Male,1,7,One year,Fiber optic,No,No,No,Bank transfer,104.17,662.62,1,Yes
CUST-13079,Male,0,34,Month-to-month,Fiber optic,No,No,Yes,Electronic check,85.32,2752.48,3,Yes
CUST-13080,Male,0,45,Month-to-month,Fiber optic,Yes,Yes,Yes,Mailed check,83.1,3755.46,2,No
CUST-13081,Female,0,21,Two year,DSL,No,Yes,No,Bank transfer,57.85,1151.45,2,No
CUST-13082,Male,0,24,Two year,DSL,Yes,Yes,No,Mailed check,63.48,1462.34,1,No
CUST-13083,Male,0,17,Month-to-month,DSL,No,No,Yes,Bank transfer,61.56,1088.73,2,No
CUST-13084,Male,0,23,One year,No,No,No,Yes,Bank transfer,25.18,551.46,1,No
CUST-13085,Male,1,36,Month-to-month,Fiber optic,No,Yes,Yes,Credit card,81.48,2877.37,2,No
CUST-13086,Male,0,31,One year,Fiber optic,No,Yes,Yes,Credit card,101.34,3267.37,1,No
CUST-13087,Male,0,23,Month-to-month,Fiber optic,No,Yes,Yes,Electronic check,88.57,1988.68,1,Yes
CUST-13088,Male,0,16,One year,Fiber optic,No,No,Yes,Electronic check,98.24,1454.75,2,No
CUST-13089,Male,0,42,Month-to-month,DSL,No,No,Yes,Electronic check,52.29,2023.8,2,Yes
CUST-13090,Male,0,17,Month-to-month,DSL,No,Yes,Yes,Mailed check,62.08,1092.11,2,No
CUST-13091,Male,0,8,Two year,Fiber optic,No,No,No,Electronic check,86.08,711.25,1,No
CUST-13092,Female,0,27,Month-to-month,DSL,No,Yes,Yes,Mailed check,72.41,1833.24,1,Yes
CUST-13093,Male,0,4,Month-to-month,No,No,No,Yes,Credit card,18.0,71.53,2,Yes
CUST-13094,Female,0,30,Month-to-month,DSL,No,No,Yes,Bank transfer,57.71,1601.47,4,No
CUST-13095,Female,0,32,One year,Fiber optic,No,No,Yes,Bank transfer,86.57,2589.44,5,No
CUST-13096,Male,1,15,Month-to-month,Fiber optic,Yes,No,No,Electronic check,108.1,1683.33,4,Yes
CUST-13097,Male,0,17,One year,Fiber optic,Yes,No,Yes,Electronic check,75.14,1226.65,3,No
CUST-13098,Male,0,47,Month-to-month,No,No,No,Yes,Electronic check,18.0,787.86,1,Yes
CUST-13099,Male,0,72,One year,Fiber optic,Yes,No,No,Electronic check,80.84,5695.74,0,No
CUST-13100,Male,0,25,Two year,DSL,No,No,No,Bank transfer,52.3,1343.63,3,No
CUST-13101,Male,0,15,Month-to-month,Fiber optic,Yes,Yes,No,Credit card,68.71,1056.31,2,Yes
CUST-13102,Male,1,32,One year,DSL,No,No,Yes,Credit card,39.87,1274.81,3,Yes
CUST-13103,Male,1,22,Month-to-month,DSL,No,No,Yes,Credit card,57.15,1284.9,2,Yes
CUST-13104,Female,0,31,Month-to-month,Fiber optic,No,No,No,Electronic check,96.04,3027.63,11,Yes
CUST-13105,Male,0,27,One year,DSL,Yes,No,No,Mailed check,57.21,1613.57,2,No
CUST-13106,Female,0,28,Two year,DSL,No,No,No,Electronic check,66.3,1853.29,4,No
CUST-13107,Male,0,3,Two year,Fiber optic,Yes,Yes,Yes,Electronic check,80.08,237.76,0,No
CUST-13108,Female,0,17,Two year,Fiber optic,Yes,No,Yes,Electronic check,73.44,1293.26,2,No
CUST-13109,Male,0,15,Month-to-month,No,Yes,No,Yes,Bank transfer,24.36,348.72,1,No
CUST-13110,Female,0,15,One year,DSL,No,Yes,No,Mailed check,57.93,846.25,0,No
CUST-13111,Female,0,38,Month-to-month,Fiber optic,Yes,Yes,Yes,Credit card,73.69,2880.97,2,Yes
CUST-13112,Male,0,9,Two year,Fiber optic,Yes,Yes,Yes,Electronic check,84.93,800.13,0,No
CUST-13113,Female,0,3,One year,No,Yes,No,No,Bank transfer,26.18,75.66,0,No
CUST-13114,Male,0,15,Month-to-month,DSL,No,No,No,Bank transfer,58.02,860.26,3,No
CUST-13115,Male,0,12,Two year,Fiber optic,Yes,No,Yes,Bank transfer,99.01,1218.66,0,No
CUST-13116,Female,0,25,One year,Fiber optic,Yes,No,Yes,Mailed check,87.47,2138.26,3,No
CUST-13117,Female,0,12,Two year,DSL,Yes,No,No,Electronic check,72.27,833.11,3,No
CUST-13118,Male,0,20,One year,DSL,No,Yes,Yes,Mailed check,38.64,703.08,0,No
CUST-13119,Female,0,17,Two year,Fiber optic,No,No,Yes,Electronic check,94.84,1502.38,2,No
CUST-13120,Female,0,57,Month-to-month,DSL,No,No,No,Electronic check,53.71,2907.26,5,No
CUST-13121,Female,0,12,Month-to-month,DSL,No,No,Yes,Electronic check,58.41,673.04,5,Yes
CUST-13122,Male,0,37,One year,Fiber optic,No,Yes,Yes,Bank transfer,122.13,4592.97,2,Yes
CUST-13123,Female,0,23,Month-to-month,DSL,No,No,No,Credit card,28.18,599.55,3,No
CUST-13124,Male,0,47,Month-to-month,DSL,Yes,No,No,Electronic check,64.11,2744.74,1,No
CUST-13125,Female,0,69,Two year,Fiber optic,No,No,Yes,Mailed check,100.69,6865.43,3,No
CUST-13126,Female,0,22,Two year,No,Yes,No,Yes,Electronic check,25.33,502.19,1,No
CUST-13127,Female,0,4,Two year,Fiber optic,No,Yes,No,Electronic check,82.47,342.96,0,No
CUST-13128,Female,0,9,Month-to-month,DSL,Yes,Yes,Yes,Mailed check,54.63,461.37,2,No
CUST-13129,Female,0,7,Month-to-month,DSL,No,No,No,Credit card,48.53,348.24,3,No
CUST-13130,Male,0,17,Two year,No,No,No,Yes,Electronic check,18.0,292.82,2,No
CUST-13131,Male,0,14,Month-to-month,Fiber optic,No,Yes,Yes,Electronic check,82.03,1205.6,2,Yes
CUST-13132,Female,0,28,Month-to-month,Fiber optic,Yes,No,Yes,Credit card,130.0,3549.69,4,No
CUST-13133,Male,0,45,Month-to-month,DSL,Yes,No,No,Bank transfer,59.01,2773.63,2,No
CUST-13134,Female,0,4,Two year,DSL,Yes,Yes,Yes,Electronic check,35.42,137.49,2,No
CUST-13135,Male,0,24,Month-to-month,DSL,No,No,No,Electronic check,43.25,1045.3,3,No
CUST-13136,Female,0,13,Month-to-month,No,Yes,No,No,Credit card,28.26,334.1,2,Yes
CUST-13137,Male,0,25,Month-to-month,No,No,No,Yes,Credit card,18.42,445.25,1,No
CUST-13138,Male,0,17,Month-to-month,DSL,No,No,No,Bank transfer,88.33,1412.49,4,No
CUST-13139,Male,0,40,One year,Fiber optic,Yes,No,No,Electronic check,91.38,3724.47,0,No
CUST-13140,Male,0,9,One year,No,Yes,Yes,Yes,Bank transfer,25.82,227.7,0,No
CUST-13141,Male,0,13,One year,No,No,No,No,Mailed check,27.9,361.29,1,No
CUST-13142,Male,0,21,Month-to-month,Fiber optic,No,No,No,Electronic check,77.75,1531.74,1,No
CUST-13143,Female,0,18,Month-to-month,DSL,Yes,Yes,Yes,Electronic check,38.85,641.59,5,No
CUST-13144,Female,0,21,Month-to-month,No,Yes,Yes,No,Electronic check,35.82,753.72,3,Yes
CUST-13145,Female,0,5,Two year,DSL,No,Yes,Yes,Electronic check,58.28,281.6,1,No
CUST-13146,Female,0,62,Month-to-month,DSL,No,No,No,Bank transfer,53.5,3192.74,3,No
CUST-13147,Female,0,16,Month-to-month,DSL,Yes,Yes,Yes,Bank transfer,34.78,581.32,3,No
CUST-13148,Female,0,10,Month-to-month,Fiber optic,No,No,No,Credit card,96.39,884.59,3,Yes
CUST-13149,Male,0,22,Two year,DSL,Yes,No,No,Credit card,45.86,1005.48,2,No
CUST-13150,Female,1,24,One year,Fiber optic,Yes,No,No,Credit card,81.0,1767.11,1,No
CUST-13151,Male,0,72,Month-to-month,No,No,No,Yes,Electronic check,44.57,3217.67,1,No
CUST-13152,Male,0,50,One year,Fiber optic,No,No,No,Mailed check,100.27,4933.01,2,No
CUST-13153,Female,0,18,Month-to-month,No,No,No,No,Electronic check,27.17,493.56,3,No
CUST-13154,Male,0,71,One year,No,No,No,No,Bank transfer,27.74,1994.42,4,No
CUST-13155,Female,0,62,Two year,Fiber optic,Yes,No,No,Electronic check,88.75,5060.98,1,No
CUST-13156,Female,1,10,One year,Fiber optic,No,No,Yes,Bank transfer,66.43,625.2,4,Yes
CUST-13157,Female,0,72,Two year,No,No,Yes,No,Electronic check,40.13,2709.61,2,No
CUST-13158,Female,0,16,Month-to-month,Fiber optic,No,No,Yes,Bank transfer,76.24,1209.12,5,No
CUST-13159,Female,0,26,Month-to-month,DSL,Yes,No,No,Bank transfer,44.39,1083.52,8,Yes
CUST-13160,Male,0,56,One year,No,Yes,No,Yes,Electronic check,33.32,1823.7,1,No
CUST-13161,Female,0,4,One year,Fiber optic,No,No,No,Credit card,81.49,314.98,0,No
CUST-13162,Male,0,21,Month-to-month,No,No,No,Yes,Electronic check,25.2,522.74,1,Yes
CUST-13163,Male,0,30,Month-to-month,Fiber optic,No,Yes,Yes,Electronic check,93.01,2658.21,4,No
CUST-13164,Male,0,49,Month-to-month,DSL,Yes,No,No,Bank transfer,35.01,1781.8,5,No
CUST-13165,Male,0,23,Month-to-month,Fiber optic,No,Yes,Yes,Mailed check,98.78,2373.57,1,Yes
CUST-13166,Female,0,4,Two year,Fiber optic,Yes,Yes,Yes,Credit card,58.18,221.68,2,No
CUST-13167,Male,1,72,Month-to-month,Fiber optic,Yes,No,No,Mailed check,83.18,6211.06,3,No
CUST-13168,Female,0,24,Two year,No,No,Yes,Yes,Electronic check,23.85,583.37,1,No
CUST-13169,Female,0,30,Month-to-month,Fiber optic,No,Yes,Yes,Mailed check,77.64,2175.34,1,No
CUST-13170,Female,0,6,One year,DSL,Yes,Yes,No,Credit card,32.38,191.26,2,No
CUST-13171,Female,1,60,Two year,Fiber optic,No,No,No,Electronic check,76.01,4363.13,2,No
CUST-13172,Male,0,16,One year,DSL,Yes,No,Yes,Electronic check,58.14,949.03,2,Yes
CUST-13173,Male,0,13,Two year,Fiber optic,No,No,Yes,Credit card,99.57,1338.5,0,No
CUST-13174,Female,0,51,Month-to-month,DSL,No,Yes,Yes,Credit card,50.88,2577.77,3,No
CUST-13175,Female,1,7,Month-to-month,DSL,No,Yes,No,Credit card,57.93,403.28,1,No
CUST-13176,Female,0,31,One year,No,Yes,Yes,Yes,Electronic check,24.38,761.83,2,No
CUST-13177,Male,0,12,One year,DSL,Yes,No,Yes,Credit card,43.09,503.8,1,No
CUST-13178,Male,0,34,One year,Fiber optic,No,No,No,Electronic check,79.69,2629.67,2,No
CUST-13179,Male,0,40,One year,Fiber optic,Yes,No,No,Bank transfer,98.34,3872.59,2,No
CUST-13180,Male,1,16,Month-to-month,DSL,Yes,No,No,Electronic check,75.69,1238.59,2,No
CUST-13181,Male,0,58,Month-to-month,No,No,Yes,No,Mailed check,18.0,1040.99,5,No
CUST-13182,Female,0,24,Two year,DSL,No,No,Yes,Credit card,56.62,1252.33,2,No
CUST-13183,Male,0,72,One year,Fiber optic,No,No,Yes,Electronic check,99.5,6598.66,1,No
CUST-13184,Female,0,52,One year,Fiber optic,No,No,No,Electronic check,107.43,5376.0,1,Yes
CUST-13185,Female,0,26,One year,Fiber optic,No,No,Yes,Bank transfer,77.25,2006.31,1,No
CUST-13186,Female,0,26,Two year,DSL,Yes,No,Yes,Credit card,60.52,1508.41,0,No
CUST-13187,Male,0,7,Two year,No,Yes,No,No,Mailed check,29.74,199.29,2,No
CUST-13188,Male,0,51,Month-to-month,No,Yes,Yes,No,Bank transfer,30.98,1633.97,2,No
CUST-13189,Female,1,14,Two year,Fiber optic,No,No,No,Credit card,90.95,1311.87,0,No
CUST-13190,Male,0,28,Month-to-month,Fiber optic,No,No,No,Bank transfer,75.46,2052.32,0,No
CUST-13191,Female,0,72,Month-to-month,Fiber optic,No,Yes,Yes,Mailed check,90.14,6539.97,3,No
CUST-13192,Female,0,57,Two year,Fiber optic,No,No,Yes,Bank transfer,87.52,4828.08,1,No
CUST-13193,Male,1,11,Month-to-month,Fiber optic,No,Yes,Yes,Electronic check,78.25,852.57,7,No
CUST-13194,Female,0,24,Month-to-month,DSL,No,Yes,Yes,Electronic check,42.96,970.32,2,Yes
CUST-13195,Male,0,31,One year,Fiber optic,Yes,Yes,No,Electronic check,81.48,2461.9,0,No
CUST-13196,Male,0,62,Two year,DSL,Yes,No,Yes,Mailed check,72.06,4451.52,4,No
CUST-13197,Female,1,56,Month-to-month,DSL,Yes,Yes,Yes,Electronic check,63.81,3452.71,2,Yes
CUST-13198,Female,1,36,One year,Fiber optic,Yes,No,No,Electronic check,92.79,3386.82,4,No
CUST-13199,Male,0,34,Month-to-month,DSL,Yes,Yes,Yes,Mailed check,75.12,2401.09,3,No
CUST-13200,Female,0,24,Month-to-month,Fiber optic,Yes,No,Yes,Credit card,99.36,2150.74,1,Yes
CUST-13201,Female,0,30,One year,Fiber optic,No,No,No,Electronic check,65.33,2032.77,4,No
CUST-13202,Female,0,20,One year,DSL,No,Yes,Yes,Credit card,58.04,1107.51,0,No
CUST-13203,Male,0,43,One year,DSL,Yes,No,No,Electronic check,70.5,2843.08,1,No
CUST-13204,Male,0,35,One year,DSL,Yes,No,Yes,Mailed check,44.87,1525.7,2,No
CUST-13205,Female,0,50,Two year,Fiber optic,Yes,Yes,No,Credit card,82.38,3861.08,1,No
CUST-13206,Female,1,49,Two year,DSL,No,No,Yes,Electronic check,55.45,2744.31,1,No
CUST-13207,Female,0,14,Month-to-month,Fiber optic,No,Yes,Yes,Bank transfer,76.0,1006.53,3,No
CUST-13208,Male,0,2,One year,Fiber optic,No,Yes,Yes,Bank transfer,70.76,148.42,2,No
CUST-13209,Male,0,13,One year,Fiber optic,Yes,No,Yes,Bank transfer,78.48,960.52,2,No
CUST-13210,Female,0,30,Month-to-month,DSL,Yes,Yes,No,Electronic check,38.6,1105.01,9,Yes
CUST-13211,Male,0,20,One year,DSL,No,No,Yes,Mailed check,63.7,1249.44,2,No
CUST-13212,Male,1,19,One year,DSL,Yes,Yes,Yes,Electronic check,31.04,531.07,0,No
CUST-13213,Female,0,13,Month-to-month,DSL,Yes,No,Yes,Mailed check,37.3,436.73,2,No
CUST-13214,Female,0,33,Month-to-month,No,No,No,Yes,Electronic check,20.75,640.31,3,No
CUST-13215,Male,0,4,Month-to-month,DSL,No,Yes,Yes,Bank transfer,69.59,253.93,2,No
CUST-13216,Male,0,36,Month-to-month,DSL,No,No,No,Credit card,54.89,2003.74,1,No
CUST-13217,Male,1,37,Two year,No,No,No,No,Electronic check,38.68,1475.27,0,Yes
CUST-13218,Female,0,49,Month-to-month,No,No,No,Yes,Bank transfer,32.52,1532.76,1,No
CUST-13219,Male,0,72,One year,Fiber optic,No,No,Yes,Credit card,82.37,5797.07,0,No
CUST-13220,Female,0,2,One year,Fiber optic,Yes,No,Yes,Mailed check,80.61,159.91,2,No
CUST-13221,Male,0,36,Month-to-month,DSL,No,Yes,Yes,Credit card,50.8,1672.02,1,No
CUST-13222,Female,0,41,Month-to-month,No,Yes,No,Yes,Electronic check,18.0,716.21,2,Yes
CUST-13223,Female,1,13,Month-to-month,Fiber optic,No,Yes,Yes,Electronic check,54.46,739.06,4,No
CUST-13224,Female,0,21,Month-to-month,Fiber optic,No,No,Yes,Electronic check,103.46,2023.1,3,Yes
CUST-13225,Female,1,16,Month-to-month,DSL,No,Yes,No,Credit card,61.52,898.35,3,Yes
CUST-13226,Female,0,37,Month-to-month,Fiber optic,No,No,Yes,Bank transfer,88.55,3086.61,1,No
CUST-13227,Male,0,53,Two year,Fiber optic,No,Yes,Yes,Electronic check,105.27,5480.18,1,No
CUST-13228,Female,1,8,One year,DSL,No,No,Yes,Mailed check,59.04,486.65,2,No
CUST-13229,Female,0,33,Month-to-month,Fiber optic,No,No,Yes,Electronic check,97.22,3058.24,5,Yes
CUST-13230,Female,0,61,Month-to-month,DSL,No,Yes,Yes,Credit card,54.91,3187.99,3,No
CUST-13231,Male,1,14,Two year,Fiber optic,Yes,Yes,Yes,Mailed check,74.67,994.65,3,No
CUST-13232,Female,0,11,Month-to-month,DSL,No,Yes,Yes,Electronic check,30.23,341.28,2,Yes
CUST-13233,Male,1,10,One year,No,No,Yes,No,Electronic check,18.59,180.37,2,No
CUST-13234,Female,0,12,Month-to-month,Fiber optic,Yes,No,Yes,Bank transfer,58.65,668.45,2,No
CUST-13235,Female,1,72,Two year,Fiber optic,No,No,No,Electronic check,91.28,6089.37,1,No
CUST-13236,Male,0,72,Month-to-month,Fiber optic,Yes,No,Yes,Credit card,100.35,6638.58,5,No
CUST-13237,Female,0,66,Month-to-month,Fiber optic,No,Yes,Yes,Credit card,90.95,6279.48,3,No
CUST-13238,Female,1,19,One year,DSL,No,No,Yes,Mailed check,60.44,1117.25,1,No
CUST-13239,Male,0,68,Month-to-month,Fiber optic,No,Yes,Yes,Bank transfer,81.02,5018.39,3,Yes
CUST-13240,Male,0,10,One year,DSL,No,Yes,Yes,Electronic check,71.68,742.57,2,Yes
CUST-13241,Male,0,44,Month-to-month,DSL,No,No,Yes,Electronic check,37.61,1726.06,2,Yes
CUST-13242,Female,0,15,Month-to-month,No,No,No,No,Electronic check,40.38,566.63,3,No
CUST-13243,Female,1,8,Month-to-month,DSL,No,Yes,Yes,Bank transfer,39.14,296.69,0,No
CUST-13244,Female,0,32,One year,No,No,Yes,Yes,Electronic check,29.73,993.14,2,No
CUST-13245,Female,0,33,Two year,No,Yes,No,Yes,Bank transfer,34.02,1013.17,2,No
CUST-13246,Female,0,35,Month-to-month,Fiber optic,Yes,Yes,Yes,Bank transfer,47.79,1586.72,3,Yes
CUST-13247,Male,1,38,Two year,DSL,No,Yes,Yes,Credit card,61.26,2245.17,2,No
CUST-13248,Male,1,31,Two year,Fiber optic,Yes,No,No,Bank transfer,91.85,2891.75,0,Yes
CUST-13249,Male,1,22,Month-to-month,No,No,Yes,Yes,Bank transfer,19.48,409.44,2,No
CUST-13250,Male,0,26,Month-to-month,Fiber optic,No,No,Yes,Electronic check,66.49,1643.63,1,No
CUST-13251,Female,0,44,Month-to-month,DSL,Yes,No,Yes,Credit card,55.59,2468.93,3,No
CUST-13252,Male,0,30,Month-to-month,DSL,Yes,Yes,No,Electronic check,62.43,1924.08,2,No
CUST-13253,Male,0,17,One year,Fiber optic,No,No,No,Electronic check,90.19,1401.29,0,No
CUST-13254,Male,0,13,Month-to-month,DSL,No,No,No,Bank transfer,57.62,690.21,4,Yes
CUST-13255,Male,0,26,Month-to-month,DSL,No,Yes,No,Credit card,55.29,1436.0,5,No
CUST-13256,Male,0,60,One year,Fiber optic,Yes,Yes,No,Electronic check,88.93,5053.77,4,No
CUST-13257,Male,0,39,Month-to-month,Fiber optic,Yes,No,No,Credit card,88.29,3444.36,1,Yes
CUST-13258,Female,0,63,Two year,DSL,Yes,Yes,Yes,Mailed check,57.96,3381.43,0,No
CUST-13259,Male,0,19,One year,No,No,No,Yes,Bank transfer,29.69,575.65,2,No
CUST-13260,Male,0,29,Month-to-month,DSL,No,No,No,Bank transfer,68.73,1889.89,2,No
CUST-13261,Male,1,32,Month-to-month,DSL,No,No,Yes,Bank transfer,67.53,2053.46,6,Yes
CUST-13262,Female,0,45,Month-to-month,DSL,Yes,No,No,Credit card,80.99,3377.93,1,Yes
CUST-13263,Female,1,19,Two year,DSL,Yes,No,No,Electronic check,54.72,968.63,2,No
CUST-13264,Female,0,39,Month-to-month,Fiber optic,No,No,Yes,Bank transfer,87.52,3378.2,0,No
CUST-13265,Female,0,58,Two year,DSL,Yes,No,Yes,Mailed check,57.96,3319.0,0,No
CUST-13266,Female,0,23,Two year,No,Yes,No,No,Bank transfer,30.33,713.99,2,No
CUST-13267,Female,0,12,Month-to-month,No,No,No,Yes,Credit card,35.74,426.56,3,Yes
CUST-13268,Male,0,59,One year,DSL,Yes,Yes,Yes,Mailed check,35.5,2019.48,4,No
CUST-13269,Female,0,41,One year,Fiber optic,No,Yes,Yes,Electronic check,80.34,3361.31,2,No
CUST-13270,Male,0,7,Month-to-month,Fiber optic,No,No,No,Credit card,91.96,580.97,4,No
CUST-13271,Male,1,24,Two year,No,Yes,Yes,Yes,Electronic check,19.94,481.19,2,No
CUST-13272,Female,0,72,Month-to-month,DSL,Yes,No,Yes,Electronic check,69.98,4945.43,2,No
CUST-13273,Male,0,37,Two year,Fiber optic,No,Yes,No,Bank transfer,86.49,2986.02,3,No
CUST-13274,Male,0,26,One year,DSL,Yes,Yes,Yes,Electronic check,47.85,1238.67,0,No
CUST-13275,Female,0,10,Month-to-month,DSL,No,Yes,No,Credit card,46.0,482.1,0,No
CUST-13276,Male,0,10,Month-to-month,No,Yes,Yes,No,Electronic check,18.0,171.36,3,No
CUST-13277,Male,0,43,Month-to-month,DSL,No,No,No,Electronic check,41.34,1770.05,3,No
CUST-13278,Female,0,11,Month-to-month,Fiber optic,Yes,Yes,No,Bank transfer,105.88,1125.0,2,No
CUST-13279,Female,0,32,One year,DSL,Yes,No,No,Electronic check,72.62,2228.26,0,No
CUST-13280,Male,1,23,Month-to-month,No,No,Yes,Yes,Bank transfer,18.0,391.67,0,No
CUST-13281,Female,1,31,Two year,Fiber optic,No,No,Yes,Electronic check,84.84,2457.4,2,No
CUST-13282,Female,0,22,Month-to-month,DSL,Yes,No,Yes,Bank transfer,58.52,1204.22,3,No
CUST-13283,Male,1,35,Month-to-month,Fiber optic,Yes,Yes,Yes,Mailed check,70.48,2506.74,5,No
CUST-13284,Male,0,49,Month-to-month,DSL,No,No,Yes,Bank transfer,29.6,1375.59,1,No
CUST-13285,Male,0,22,Month-to-month,DSL,Yes,Yes,Yes,Electronic check,58.78,1266.48,5,No
CUST-13286,Male,1,46,One year,Fiber optic,No,No,Yes,Credit card,98.03,4202.77,1,No
CUST-13287,Male,0,64,Month-to-month,No,Yes,Yes,Yes,Electronic check,18.73,1117.07,2,No
CUST-13288,Male,0,32,One year,Fiber optic,No,No,No,Mailed check,75.03,2372.39,1,No
CUST-13289,Male,0,43,One year,DSL,No,Yes,Yes,Electronic check,46.41,1970.63,3,No
CUST-13290,Male,0,8,Month-to-month,DSL,Yes,Yes,No,Electronic check,42.09,328.59,1,Yes
CUST-13291,Male,0,22,Month-to-month,Fiber optic,Yes,No,Yes,Electronic check,72.52,1601.79,2,No
CUST-13292,Male,0,6,Month-to-month,DSL,No,No,Yes,Electronic check,37.62,224.72,2,Yes
CUST-13293,Male,0,16,Month-to-month,Fiber optic,Yes,No,Yes,Bank transfer,91.07,1355.12,3,Yes
CUST-13294,Male,0,23,One year,Fiber optic,Yes,No,Yes,Bank transfer,74.01,1546.2,4,Yes
CUST-13295,Female,0,72,Month-to-month,No,Yes,No,Yes,Electronic check,29.08,1969.39,2,No
CUST-13296,Male,0,13,Month-to-month,Fiber optic,Yes,No,Yes,Electronic check,74.67,936.38,1,Yes
CUST-13297,Female,1,25,Month-to-month,No,No,No,Yes,Electronic check,32.35,753.19,2,Yes
CUST-13298,Female,0,11,Month-to-month,Fiber optic,No,No,No,Mailed check,71.36,763.22,3,No
CUST-13299,Female,0,21,Two year,Fiber optic,No,No,Yes,Electronic check,108.32,2059.7,1,No
CUST-13300,Female,0,36,Two year,DSL,Yes,No,Yes,Electronic check,41.64,1456.47,0,No
CUST-13301,Male,0,40,One year,Fiber optic,No,No,No,Mailed check,95.51,3639.67,2,No
CUST-13302,Female,0,19,Month-to-month,DSL,No,Yes,Yes,Bank transfer,56.59,1122.47,3,No
CUST-13303,Male,0,15,Month-to-month,DSL,Yes,Yes,No,Electronic check,37.35,577.97,3,Yes
CUST-13304,Male,0,70,Month-to-month,Fiber optic,No,No,Yes,Credit card,78.43,5724.38,5,Yes
CUST-13305,Male,0,18,Two year,DSL,Yes,No,No,Bank transfer,56.02,1007.17,2,No
CUST-13306,Male,0,3,Month-to-month,No,No,Yes,Yes,Bank transfer,25.75,80.8,3,No
CUST-13307,Male,0,58,Month-to-month,No,Yes,No,No,Electronic check,32.74,1763.13,1,No
CUST-13308,Male,0,3,One year,Fiber optic,Yes,No,Yes,Mailed check,102.1,300.13,0,No
CUST-13309,Female,0,58,One year,Fiber optic,Yes,No,No,Credit card,88.29,5179.71,3,No
CUST-13310,Female,0,6,Month-to-month,DSL,Yes,Yes,Yes,Bank transfer,50.09,292.21,2,Yes
CUST-13311,Male,0,7,Month-to-month,DSL,Yes,Yes,Yes,Electronic check,54.78,357.41,1,No
CUST-13312,Female,0,9,Two year,DSL,No,No,Yes,Bank transfer,46.0,413.22,1,No
CUST-13313,Male,0,17,Month-to-month,Fiber optic,No,Yes,Yes,Bank transfer,91.84,1632.54,2,No
CUST-13314,Male,0,59,Two year,No,No,Yes,Yes,Credit card,32.56,1879.92,5,No
CUST-13315,Female,0,10,Month-to-month,DSL,Yes,Yes,No,Mailed check,32.19,301.7,2,No
CUST-13316,Female,0,36,Two year,DSL,No,No,No,Bank transfer,59.16,1929.72,2,No
CUST-13317,Male,0,30,Two year,DSL,No,Yes,Yes,Electronic check,56.38,1548.65,2,No
CUST-13318,Male,0,26,Month-to-month,Fiber optic,No,No,No,Bank transfer,84.09,2222.65,1,No
CUST-13319,Male,0,51,Two year,DSL,No,No,No,Electronic check,62.92,3121.57,6,No
CUST-13320,Male,0,28,Month-to-month,Fiber optic,Yes,No,No,Credit card,83.51,2177.74,2,Yes
CUST-13321,Male,1,30,Month-to-month,DSL,No,Yes,No,Bank transfer,47.03,1451.7,3,No
CUST-13322,Female,0,42,Month-to-month,DSL,No,No,No,Bank transfer,45.58,1848.26,5,Yes
CUST-13323,Female,0,17,One year,Fiber optic,No,No,No,Bank transfer,40.83,707.56,1,No
CUST-13324,Male,0,25,Month-to-month,No,Yes,No,Yes,Electronic check,28.36,724.44,3,Yes
CUST-13325,Female,0,32,Month-to-month,DSL,Yes,Yes,No,Electronic check,53.37,1720.93,2,No
CUST-13326,Male,0,48,Two year,DSL,No,Yes,Yes,Mailed check,64.77,3251.86,2,No
CUST-13327,Male,0,22,Two year,DSL,No,No,Yes,Mailed check,58.29,1326.65,3,No
CUST-13328,Male,0,25,Month-to-month,Fiber optic,No,No,Yes,Credit card,86.66,1990.62,7,Yes
CUST-13329,Female,0,35,Month-to-month,Fiber optic,Yes,Yes,Yes,Bank transfer,92.49,3080.51,2,No
CUST-13330,Female,0,23,Month-to-month,Fiber optic,No,No,Yes,Electronic check,75.97,1822.61,0,No
CUST-13331,Female,0,14,Month-to-month,Fiber optic,Yes,Yes,Yes,Mailed check,63.11,882.13,2,No
CUST-13332,Male,0,42,Two year,No,No,No,No,Mailed check,18.94,768.9,1,No
CUST-13333,Female,0,28,Two year,DSL,No,Yes,No,Bank transfer,68.61,1977.43,1,No
CUST-13334,Male,0,18,Month-to-month,DSL,No,No,Yes,Bank transfer,48.94,877.23,2,No
CUST-13335,Male,0,9,Month-to-month,Fiber optic,Yes,Yes,Yes,Bank transfer,102.42,880.86,3,No
CUST-13336,Female,1,4,Month-to-month,Fiber optic,No,Yes,No,Credit card,108.37,407.77,0,Yes
CUST-13337,Male,0,36,Month-to-month,DSL,Yes,No,Yes,Electronic check,51.33,1898.97,2,No
CUST-13338,Female,0,13,Month-to-month,No,No,Yes,No,Credit card,25.44,339.69,3,No
CUST-13339,Female,0,5,Month-to-month,Fiber optic,No,No,No,Electronic check,85.9,445.71,2,Yes
CUST-13340,Female,0,12,Month-to-month,No,Yes,No,Yes,Credit card,22.34,272.81,2,No
CUST-13341,Male,0,32,Month-to-month,No,No,No,Yes,Electronic check,24.57,729.38,4,No
CUST-13342,Male,0,13,Two year,Fiber optic,No,Yes,No,Bank transfer,114.21,1422.8,2,No
CUST-13343,Female,0,32,One year,No,Yes,Yes,Yes,Bank transfer,41.21,1251.78,1,No
CUST-13344,Female,0,16,Month-to-month,Fiber optic,No,No,Yes,Mailed check,95.09,1428.13,1,Yes
CUST-13345,Female,1,25,Month-to-month,Fiber optic,Yes,Yes,Yes,Electronic check,66.04,1682.6,5,No
CUST-13346,Female,1,26,Two year,Fiber optic,No,Yes,No,Bank transfer,95.18,2273.36,2,No
CUST-13347,Male,0,41,Month-to-month,No,Yes,No,No,Electronic check,29.59,1178.94,2,No
CUST-13348,Male,0,42,Two year,Fiber optic,Yes,Yes,Yes,Electronic check,66.8,2889.2,2,No
CUST-13349,Female,0,25,Month-to-month,Fiber optic,Yes,No,No,Bank transfer,65.76,1674.18,1,Yes
CUST-13350,Male,1,11,Two year,DSL,No,Yes,No,Bank transfer,52.44,542.33,1,No
CUST-13351,Female,1,55,Month-to-month,No,Yes,Yes,No,Electronic check,28.3,1409.1,2,No
CUST-13352,Male,0,18,Two year,Fiber optic,No,No,Yes,Mailed check,121.76,2108.53,0,No
CUST-13353,Female,0,1,Month-to-month,Fiber optic,No,No,Yes,Credit card,83.63,82.71,4,Yes
CUST-13354,Female,0,31,Two year,Fiber optic,Yes,Yes,No,Mailed check,96.59,3078.71,2,No
CUST-13355,Male,0,32,One year,Fiber optic,No,Yes,Yes,Mailed check,87.41,2739.15,4,No
CUST-13356,Male,0,19,Month-to-month,DSL,Yes,No,No,Bank transfer,48.05,858.02,4,No
CUST-13357,Female,0,6,One year,Fiber optic,Yes,No,No,Electronic check,87.15,524.82,4,No
CUST-13358,Male,0,5,Month-to-month,DSL,Yes,No,Yes,Credit card,63.62,305.47,5,Yes
CUST-13359,Female,0,20,Month-to-month,DSL,No,Yes,Yes,Electronic check,40.64,832.1,4,No
CUST-13360,Female,0,10,Month-to-month,DSL,No,No,Yes,Bank transfer,41.32,373.31,2,Yes
CUST-13361,Female,0,48,One year,Fiber optic,Yes,No,No,Bank transfer,91.26,4217.8,2,No
CUST-13362,Male,0,19,Two year,DSL,No,No,Yes,Bank transfer,43.74,800.6,2,No
CUST-13363,Female,0,17,Month-to-month,DSL,Yes,No,No,Credit card,65.61,1102.17,2,No
CUST-13364,Male,0,72,One year,No,No,Yes,No,Mailed check,23.72,1628.72,1,No
CUST-13365,Female,0,2,Two year,Fiber optic,No,Yes,Yes,Credit card,69.43,133.34,2,No
CUST-13366,Female,0,25,One year,No,Yes,Yes,Yes,Bank transfer,18.0,454.61,0,No
CUST-13367,Male,0,4,Month-to-month,Fiber optic,Yes,Yes,No,Credit card,84.72,313.71,6,Yes
CUST-13368,Male,0,59,Month-to-month,DSL,No,Yes,No,Electronic check,49.51,2733.47,7,Yes
CUST-13369,Male,0,5,Month-to-month,Fiber optic,No,No,No,Credit card,96.22,440.38,2,No
CUST-13370,Female,0,33,Month-to-month,Fiber optic,No,No,No,Bank transfer,97.23,3011.81,3,Yes
CUST-13371,Male,0,29,Month-to-month,No,No,No,Yes,Credit card,22.09,625.18,3,Yes
CUST-13372,Male,0,4,Two year,DSL,Yes,No,Yes,Mailed check,71.51,265.57,0,No
CUST-13373,Female,0,33,One year,No,No,Yes,Yes,Bank transfer,37.21,1118.73,1,Yes
CUST-13374,Female,0,16,One year,Fiber optic,Yes,Yes,No,Mailed check,80.6,1353.41,2,No
CUST-13375,Female,0,38,Month-to-month,No,Yes,No,No,Bank transfer,19.39,713.35,2,Yes
CUST-13376,Female,0,15,Month-to-month,DSL,No,No,Yes,Bank transfer,53.69,825.23,6,Yes
CUST-13377,Female,0,33,One year,Fiber optic,No,No,Yes,Credit card,57.83,1929.08,3,Yes
CUST-13378,Female,0,23,Month-to-month,DSL,Yes,No,No,Mailed check,34.97,743.9,4,No
CUST-13379,Male,0,33,Two year,No,Yes,No,Yes,Bank transfer,32.44,1045.84,3,No
CUST-13380,Female,0,37,Month-to-month,DSL,Yes,Yes,Yes,Credit card,45.44,1656.33,4,Yes
CUST-13381,Female,0,21,Month-to-month,Fiber optic,No,Yes,No,Bank transfer,82.93,1608.7,2,Yes
CUST-13382,Female,0,18,One year,Fiber optic,No,Yes,Yes,Mailed check,82.49,1361.21,1,Yes
CUST-13383,Female,1,37,One year,Fiber optic,No,No,Yes,Mailed check,102.11,3549.44,2,No
CUST-13384,Female,0,16,Month-to-month,Fiber optic,No,No,No,Bank transfer,68.56,1030.32,4,No
CUST-13385,Male,0,21,One year,Fiber optic,No,No,Yes,Credit card,79.27,1567.46,0,No
CUST-13386,Female,0,67,Month-to-month,DSL,Yes,No,Yes,Electronic check,47.28,2970.73,1,No
CUST-13387,Female,0,25,Month-to-month,Fiber optic,No,No,No,Electronic check,69.02,1694.54,2,No
CUST-13388,Male,1,42,Month-to-month,Fiber optic,Yes,Yes,No,Electronic check,87.39,3465.41,6,Yes
CUST-13389,Female,0,14,One year,Fiber optic,Yes,Yes,No,Electronic check,74.14,1054.33,4,No
CUST-13390,Male,1,33,One year,DSL,Yes,No,No,Electronic check,46.36,1388.79,1,Yes
CUST-13391,Female,0,22,Month-to-month,Fiber optic,No,No,Yes,Credit card,92.89,2029.81,7,Yes
CUST-13392,Female,0,18,One year,No,Yes,No,No,Electronic check,27.62,505.1,0,No
CUST-13393,Male,1,3,One year,No,No,Yes,No,Mailed check,22.84,66.15,2,No
CUST-13394,Male,0,10,Month-to-month,No,No,No,Yes,Credit card,19.63,186.06,3,Yes
CUST-13395,Female,0,72,Month-to-month,Fiber optic,No,Yes,No,Credit card,83.13,5659.13,3,Yes
CUST-13396,Male,0,22,Month-to-month,DSL,Yes,No,Yes,Mailed check,56.94,1188.97,1,Yes
CUST-13397,Female,1,25,Month-to-month,Fiber optic,No,Yes,No,Electronic check,102.55,2352.54,2,No
CUST-13398,Male,0,47,Two year,DSL,No,Yes,Yes,Mailed check,37.61,1745.17,3,No
CUST-13399,Female,0,31,Two year,Fiber optic,No,Yes,Yes,Credit card,52.32,1611.42,3,No
CUST-13400,Female,0,18,Month-to-month,DSL,Yes,No,No,Credit card,39.34,678.67,3,No
CUST-13401,Female,0,19,Month-to-month,No,No,Yes,Yes,Electronic check,36.16,716.77,4,No
CUST-13402,Male,0,9,Month-to-month,DSL,No,Yes,Yes,Credit card,51.89,484.19,2,No
CUST-13403,Female,0,35,Month-to-month,DSL,No,Yes,Yes,Electronic check,54.7,1808.63,3,No
CUST-13404,Male,0,36,Month-to-month,No,Yes,No,Yes,Credit card,27.1,985.39,1,No
CUST-13405,Male,1,25,Month-to-month,DSL,No,No,Yes,Credit card,64.82,1486.77,2,No
CUST-13406,Male,0,22,Month-to-month,DSL,No,No,Yes,Electronic check,68.04,1517.36,1,Yes
CUST-13407,Female,0,36,Month-to-month,Fiber optic,Yes,Yes,No,Electronic check,88.08,3203.63,2,Yes
CUST-13408,Female,0,9,Month-to-month,No,Yes,No,Yes,Bank transfer,20.41,175.16,4,No
CUST-13409,Male,0,32,Month-to-month,DSL,Yes,No,No,Mailed check,61.08,1872.54,1,No
CUST-13410,Male,1,70,Month-to-month,Fiber optic,No,Yes,Yes,Credit card,103.05,7126.59,3,No
CUST-13411,Female,0,14,Month-to-month,DSL,Yes,No,Yes,Mailed check,56.41,743.91,3,No
CUST-13412,Male,0,20,Month-to-month,Fiber optic,No,Yes,Yes,Credit card,86.23,1700.36,2,No
CUST-13413,Male,0,58,Month-to-month,DSL,No,Yes,Yes,Electronic check,71.74,4298.75,2,No
CUST-13414,Female,0,25,Two year,Fiber optic,Yes,Yes,Yes,Credit card,79.02,1909.8,2,No
CUST-13415,Male,0,44,Month-to-month,Fiber optic,Yes,No,No,Bank transfer,68.54,2806.62,3,Yes
CUST-13416,Female,0,33,One year,No,Yes,No,Yes,Electronic check,25.39,824.11,0,No
CUST-13417,Female,0,35,Month-to-month,Fiber optic,Yes,No,Yes,Electronic check,93.86,3278.14,3,Yes
CUST-13418,Male,1,14,Month-to-month,Fiber optic,No,No,No,Electronic check,98.88,1355.11,1,Yes
CUST-13419,Male,0,13,Month-to-month,Fiber optic,Yes,No,Yes,Bank transfer,98.96,1162.43,2,Yes
CUST-13420,Female,0,40,One year,DSL,No,No,Yes,Credit card,62.9,2517.1,1,No
CUST-13421,Female,0,6,Two year,DSL,No,Yes,Yes,Credit card,70.64,383.79,1,No
CUST-13422,Female,0,21,Month-to-month,Fiber optic,Yes,No,No,Bank transfer,76.12,1538.72,0,No
CUST-13423,Male,0,36,Month-to-month,DSL,Yes,Yes,Yes,Bank transfer,56.0,1939.77,2,No
CUST-13424,Female,0,20,One year,DSL,No,Yes,Yes,Credit card,60.84,1249.62,0,No
CUST-13425,Female,0,22,Month-to-month,Fiber optic,No,No,Yes,Mailed check,85.34,1932.71,5,No
CUST-13426,Male,0,46,Month-to-month,DSL,Yes,No,No,Bank transfer,75.39,3524.25,4,No
CUST-13427,Female,0,62,Two year,DSL,No,Yes,Yes,Electronic check,49.74,3154.94,1,No
CUST-13428,Female,1,72,Month-to-month,Fiber optic,No,No,Yes,Electronic check,87.35,5866.86,2,No
CUST-13429,Male,0,59,One year,Fiber optic,Yes,Yes,Yes,Electronic check,90.67,5389.2,2,No
CUST-13430,Male,1,17,Month-to-month,DSL,Yes,Yes,No,Credit card,32.66,562.08,2,No
CUST-13431,Female,0,12,Month-to-month,Fiber optic,Yes,No,Yes,Bank transfer,70.5,860.14,6,No
CUST-13432,Male,0,17,Two year,DSL,No,Yes,Yes,Credit card,47.07,815.62,4,No
CUST-13433,Male,0,36,Month-to-month,No,No,No,No,Electronic check,18.0,599.07,2,No
CUST-13434,Male,0,19,Month-to-month,Fiber optic,No,Yes,Yes,Electronic check,63.59,1133.89,2,No
CUST-13435,Female,0,14,Month-to-month,Fiber optic,No,No,Yes,Electronic check,99.28,1414.31,4,Yes
CUST-13436,Male,0,68,Month-to-month,Fiber optic,No,Yes,Yes,Mailed check,94.97,5954.85,3,No
CUST-13437,Female,0,18,Month-to-month,Fiber optic,No,Yes,Yes,Credit card,70.5,1165.72,4,Yes
CUST-13438,Female,0,34,Month-to-month,Fiber optic,No,No,Yes,Electronic check,76.84,2734.29,1,Yes
CUST-13439,Female,0,34,Month-to-month,Fiber optic,Yes,Yes,No,Credit card,76.3,2711.37,3,No
CUST-13440,Female,0,3,Month-to-month,No,Yes,Yes,Yes,Electronic check,24.67,70.35,0,No
CUST-13441,Male,0,65,One year,No,No,Yes,Yes,Electronic check,33.93,1987.98,1,No
CUST-13442,Male,0,8,Month-to-month,Fiber optic,No,Yes,No,Electronic check,97.0,744.75,4,Yes
CUST-13443,Male,0,6,Two year,No,No,No,Yes,Electronic check,22.64,122.78,3,Yes
CUST-13444,Female,0,16,Month-to-month,DSL,No,No,Yes,Bank transfer,45.04,664.06,1,No
CUST-13445,Female,0,12,Month-to-month,Fiber optic,No,Yes,No,Credit card,86.72,971.56,3,Yes
CUST-13446,Male,0,58,Two year,Fiber optic,No,Yes,No,Credit card,88.67,5275.73,0,Yes
CUST-13447,Female,0,30,Two year,DSL,No,Yes,No,Electronic check,43.07,1235.6,2,No
CUST-13448,Female,0,15,Month-to-month,No,No,No,Yes,Mailed check,30.35,410.23,1,No
CUST-13449,Male,0,6,Month-to-month,No,No,Yes,Yes,Mailed check,43.13,257.63,1,Yes
CUST-13450,Male,0,33,Two year,No,No,Yes,Yes,Electronic check,27.22,818.03,2,No
CUST-13451,Male,0,20,Month-to-month,Fiber optic,Yes,No,Yes,Mailed check,69.03,1427.63,1,No
CUST-13452,Male,0,36,Month-to-month,Fiber optic,No,No,No,Electronic check,65.5,2208.93,1,No
CUST-13453,Male,0,30,Month-to-month,Fiber optic,No,No,Yes,Electronic check,84.58,2374.13,1,No
CUST-13454,Female,0,12,Two year,DSL,No,No,Yes,Credit card,50.12,577.11,2,No
CUST-13455,Female,0,40,One year,No,No,Yes,Yes,Bank transfer,18.0,659.6,1,No
CUST-13456,Female,0,7,Month-to-month,DSL,No,Yes,Yes,Bank transfer,69.18,437.51,4,Yes
CUST-13457,Male,0,19,Two year,No,No,No,Yes,Mailed check,32.06,631.68,1,No
CUST-13458,Female,0,21,Month-to-month,Fiber optic,Yes,No,Yes,Mailed check,89.45,1934.05,0,Yes
CUST-13459,Male,0,23,One year,DSL,Yes,Yes,Yes,Mailed check,67.68,1614.93,0,No
CUST-13460,Male,0,7,Month-to-month,DSL,No,Yes,Yes,Electronic check,64.84,454.54,3,No
CUST-13461,Female,0,56,One year,Fiber optic,Yes,Yes,Yes,Credit card,76.01,3839.17,0,No
CUST-13462,Female,0,12,Month-to-month,DSL,No,No,Yes,Bank transfer,54.29,681.42,4,Yes
CUST-13463,Male,0,4,Month-to-month,No,No,Yes,Yes,Mailed check,24.14,97.17,7,Yes
CUST-13464,Male,0,31,Month-to-month,DSL,No,No,Yes,Bank transfer,41.71,1244.12,3,No
CUST-13465,Female,0,72,Two year,Fiber optic,Yes,No,Yes,Credit card,96.9,7045.53,1,No
CUST-13466,Female,0,3,Month-to-month,DSL,No,No,No,Electronic check,64.13,189.51,4,Yes
CUST-13467,Male,0,46,Month-to-month,DSL,Yes,No,Yes,Credit card,51.94,2391.21,2,No
CUST-13468,Female,0,25,Month-to-month,DSL,No,Yes,No,Electronic check,51.02,1305.62,2,Yes
CUST-13469,Female,0,7,One year,No,Yes,Yes,Yes,Electronic check,34.86,253.91,2,No
CUST-13470,Male,0,21,One year,Fiber optic,No,No,No,Credit card,97.99,2097.94,4,No
CUST-13471,Female,0,71,Month-to-month,No,No,No,No,Electronic check,41.51,3048.33,4,Yes
CUST-13472,Female,0,60,Month-to-month,Fiber optic,No,No,Yes,Bank transfer,100.48,5939.24,3,Yes
CUST-13473,Female,1,72,One year,DSL,Yes,No,Yes,Mailed check,66.36,4542.91,0,No
CUST-13474,Male,1,41,Month-to-month,DSL,No,Yes,No,Mailed check,67.57,2771.78,2,No
CUST-13475,Male,0,16,Month-to-month,Fiber optic,Yes,Yes,No,Credit card,77.45,1218.64,3,No
CUST-13476,Female,0,45,Month-to-month,DSL,Yes,No,No,Electronic check,50.17,2050.87,5,No
CUST-13477,Female,0,13,Month-to-month,DSL,Yes,No,No,Electronic check,63.0,807.89,3,Yes
CUST-13478,Male,0,22,Two year,Fiber optic,No,No,Yes,Electronic check,70.94,1502.43,4,No
CUST-13479,Female,0,13,One year,DSL,No,No,No,Credit card,59.38,737.57,1,No
CUST-13480,Female,0,41,Month-to-month,Fiber optic,No,Yes,No,Credit card,69.4,2869.97,1,No
CUST-13481,Male,0,38,Two year,Fiber optic,Yes,No,No,Electronic check,105.2,4128.53,2,No
CUST-13482,Female,0,14,Month-to-month,Fiber optic,No,Yes,Yes,Mailed check,85.84,1117.1,2,No
CUST-13483,Male,0,53,Two year,Fiber optic,Yes,No,No,Bank transfer,118.79,6417.11,3,No
CUST-13484,Male,0,65,Month-to-month,Fiber optic,Yes,No,Yes,Credit card,90.57,5447.88,2,No
CUST-13485,Male,0,16,Two year,Fiber optic,No,No,No,Bank transfer,93.83,1481.02,1,No
CUST-13486,Male,0,33,Two year,DSL,Yes,No,No,Credit card,73.63,2495.89,1,No
CUST-13487,Female,0,67,Two year,DSL,No,Yes,Yes,Electronic check,78.37,5439.07,0,No
CUST-13488,Male,1,31,Month-to-month,DSL,No,No,Yes,Mailed check,36.97,1084.6,1,No
CUST-13489,Female,0,19,Two year,Fiber optic,Yes,No,Yes,Bank transfer,75.44,1466.11,1,No
CUST-13490,Male,0,23,One year,Fiber optic,Yes,No,Yes,Electronic check,78.03,1851.75,0,No
CUST-13491,Female,0,16,Month-to-month,Fiber optic,Yes,Yes,Yes,Mailed check,91.3,1352.61,1,No
CUST-13492,Male,1,54,Month-to-month,DSL,No,Yes,Yes,Credit card,59.91,3098.4,0,No
CUST-13493,Female,1,50,One year,DSL,No,No,Yes,Credit card,34.84,1770.42,1,No
CUST-13494,Female,0,13,Two year,DSL,No,No,Yes,Electronic check,45.54,534.13,1,No
CUST-13495,Female,0,15,One year,No,Yes,No,Yes,Mailed check,32.06,477.92,0,No
CUST-13496,Male,0,6,Month-to-month,DSL,Yes,Yes,No,Mailed check,47.93,276.69,2,Yes
CUST-13497,Male,0,37,One year,Fiber optic,No,No,Yes,Electronic check,74.62,2699.22,0,No
CUST-13498,Male,1,9,Month-to-month,DSL,No,Yes,No,Electronic check,36.81,318.98,2,Yes
CUST-13499,Male,0,72,Month-to-month,Fiber optic,No,Yes,Yes,Electronic check,46.4,3104.88,2,No
CUST-13500,Male,0,12,One year,Fiber optic,No,No,Yes,Credit card,85.03,971.67,1,Yes
CUST-13501,Female,0,3,One year,DSL,Yes,No,Yes,Mailed check,73.49,226.89,1,Yes
CUST-13502,Male,0,8,One year,Fiber optic,No,Yes,No,Electronic check,46.05,365.36,1,No
CUST-13503,Male,0,30,Month-to-month,Fiber optic,No,No,Yes,Mailed check,97.34,2837.33,3,Yes
CUST-13504,Male,0,23,Month-to-month,Fiber optic,Yes,No,Yes,Electronic check,93.17,2155.49,1,No
CUST-13505,Female,0,11,One year,No,Yes,No,No,Credit card,29.74,303.39,3,No
CUST-13506,Female,0,22,Month-to-month,No,No,No,Yes,Bank transfer,22.04,442.5,1,Yes
CUST-13507,Female,1,15,Two year,Fiber optic,Yes,No,No,Mailed check,100.02,1473.75,1,Yes
CUST-13508,Male,0,36,Two year,No,Yes,Yes,Yes,Bank transfer,22.44,728.52,0,No
CUST-13509,Male,1,9,Two year,No,No,Yes,Yes,Electronic check,30.85,256.03,3,No
CUST-13510,Female,0,27,Two year,Fiber optic,Yes,Yes,Yes,Mailed check,85.39,2323.0,0,No
CUST-13511,Female,0,28,Month-to-month,Fiber optic,No,Yes,Yes,Electronic check,99.67,2888.97,2,Yes
CUST-13512,Male,0,23,Month-to-month,Fiber optic,No,No,No,Electronic check,76.88,1667.15,3,Yes
CUST-13513,Male,0,33,Two year,Fiber optic,Yes,No,Yes,Electronic check,84.37,2665.54,2,No
CUST-13514,Male,0,22,Month-to-month,Fiber optic,No,No,Yes,Electronic check,75.03,1654.14,3,Yes
CUST-13515,Female,0,40,Two year,No,Yes,No,Yes,Bank transfer,18.0,734.93,0,No
CUST-13516,Male,0,23,Month-to-month,No,Yes,No,No,Electronic check,42.43,916.41,2,No
CUST-13517,Female,0,56,Two year,DSL,No,No,Yes,Electronic check,62.99,3611.63,0,No
CUST-13518,Female,0,27,Month-to-month,Fiber optic,Yes,Yes,Yes,Electronic check,79.64,2248.93,3,No
CUST-13519,Female,1,53,Two year,Fiber optic,Yes,No,Yes,Electronic check,84.51,4090.16,0,No
CUST-13520,Female,1,15,Month-to-month,No,No,No,No,Electronic check,35.06,491.04,1,Yes
CUST-13521,Male,1,10,One year,Fiber optic,No,Yes,No,Electronic check,70.08,707.09,2,No
CUST-13522,Female,0,40,Two year,DSL,No,Yes,No,Credit card,36.97,1339.03,2,No
CUST-13523,Male,1,24,Month-to-month,DSL,No,No,No,Electronic check,42.93,971.25,3,No
CUST-13524,Male,0,2,Month-to-month,DSL,No,Yes,No,Bank transfer,63.34,130.07,4,Yes
CUST-13525,Male,1,13,Month-to-month,DSL,No,No,Yes,Credit card,40.91,532.99,2,Yes
CUST-13526,Male,0,31,One year,DSL,No,No,No,Credit card,64.66,1996.63,1,No
CUST-13527,Male,0,22,One year,DSL,Yes,Yes,Yes,Mailed check,78.23,1706.94,1,No
CUST-13528,Male,1,12,One year,No,No,Yes,No,Electronic check,19.39,226.97,1,No
CUST-13529,Male,0,24,Month-to-month,Fiber optic,Yes,No,Yes,Mailed check,76.34,1859.77,3,Yes
CUST-13530,Male,0,27,Month-to-month,Fiber optic,Yes,Yes,No,Bank transfer,113.51,3156.2,3,Yes
CUST-13531,Male,0,4,Two year,Fiber optic,No,No,Yes,Mailed check,109.79,447.64,3,No
CUST-13532,Male,0,52,One year,DSL,Yes,No,Yes,Electronic check,56.19,2841.09,3,No
CUST-13533,Female,0,61,Month-to-month,Fiber optic,Yes,No,No,Credit card,63.11,3914.38,2,No
CUST-13534,Male,1,13,Month-to-month,No,No,No,Yes,Mailed check,26.88,354.15,2,No
CUST-13535,Male,1,72,Month-to-month,Fiber optic,No,No,Yes,Electronic check,93.16,6495.27,4,Yes
CUST-13536,Male,1,22,Two year,Fiber optic,No,No,Yes,Credit card,103.66,2166.76,2,No
CUST-13537,Male,0,14,One year,DSL,No,No,No,Bank transfer,46.46,625.35,1,No
CUST-13538,Female,0,14,One year,Fiber optic,Yes,Yes,Yes,Credit card,95.85,1307.03,2,No
CUST-13539,Female,0,72,One year,Fiber optic,No,Yes,No,Electronic check,74.02,4914.21,1,No
CUST-13540,Female,0,9,Two year,DSL,No,No,No,Electronic check,58.77,493.37,1,No
CUST-13541,Female,0,27,Month-to-month,Fiber optic,No,Yes,No,Electronic check,84.44,2086.8,4,Yes
CUST-13542,Male,0,30,Month-to-month,Fiber optic,Yes,No,Yes,Bank transfer,113.51,3101.68,3,No
CUST-13543,Female,1,40,Month-to-month,DSL,No,No,Yes,Credit card,56.02,2206.86,1,Yes
CUST-13544,Male,0,25,Two year,DSL,No,No,Yes,Credit card,62.9,1579.99,0,Yes
CUST-13545,Female,0,72,One year,Fiber optic,No,Yes,Yes,Bank transfer,87.07,6219.08,5,No
CUST-13546,Male,0,72,Month-to-month,DSL,No,No,No,Bank transfer,59.25,4304.46,1,No
CUST-13547,Female,0,64,Two year,Fiber optic,No,No,No,Electronic check,67.68,4162.69,0,No
CUST-13548,Male,0,32,Month-to-month,No,No,No,No,Mailed check,34.27,1118.35,2,No
CUST-13549,Female,0,46,Month-to-month,Fiber optic,Yes,Yes,No,Electronic check,108.98,5074.04,2,No
CUST-13550,Male,0,19,One year,DSL,No,Yes,No,Bank transfer,78.76,1506.41,1,Yes
CUST-13551,Female,0,54,Two year,Fiber optic,Yes,No,Yes,Credit card,95.5,5233.74,2,No
CUST-13552,Female,1,15,Month-to-month,Fiber optic,Yes,No,Yes,Bank transfer,115.77,1623.2,4,Yes
CUST-13553,Female,0,11,Month-to-month,Fiber optic,No,No,Yes,Mailed check,103.55,1122.48,1,No
CUST-13554,Male,0,10,Two year,No,Yes,Yes,Yes,Electronic check,33.11,336.46,0,No
CUST-13555,Male,0,37,One year,Fiber optic,No,Yes,Yes,Mailed check,83.68,2832.48,2,No
CUST-13556,Female,0,69,One year,DSL,Yes,Yes,Yes,Electronic check,34.86,2254.1,3,No
CUST-13557,Male,0,72,Month-to-month,Fiber optic,No,No,Yes,Credit card,96.62,6773.27,0,Yes
CUST-13558,Male,0,2,Month-to-month,No,No,No,Yes,Bank transfer,25.38,48.83,3,No
CUST-13559,Male,1,48,Month-to-month,Fiber optic,Yes,No,Yes,Electronic check,103.75,5164.74,2,No
CUST-13560,Male,0,10,Month-to-month,No,No,Yes,Yes,Mailed check,28.46,288.21,1,Yes
CUST-13561,Male,0,72,Two year,Fiber optic,Yes,Yes,No,Electronic check,90.29,5890.29,4,No
CUST-13562,Male,0,7,One year,No,No,Yes,Yes,Electronic check,30.55,207.37,2,No
CUST-13563,Female,0,4,Two year,Fiber optic,No,Yes,No,Mailed check,89.8,364.35,0,Yes
CUST-13564,Female,0,49,Month-to-month,No,No,No,Yes,Mailed check,26.47,1297.52,2,Yes
CUST-13565,Male,1,18,Month-to-month,No,No,Yes,Yes,Electronic check,34.81,614.44,1,No
CUST-13566,Male,0,17,One year,No,No,Yes,Yes,Mailed check,18.0,279.31,2,No
CUST-13567,Male,0,12,Month-to-month,No,No,No,No,Electronic check,18.09,225.22,3,No
CUST-13568,Female,0,14,Month-to-month,Fiber optic,No,No,No,Electronic check,104.85,1412.47,1,Yes
CUST-13569,Male,0,51,Month-to-month,Fiber optic,No,No,Yes,Electronic check,90.66,4261.82,4,Yes
CUST-13570,Female,1,10,Month-to-month,Fiber optic,No,Yes,Yes,Bank transfer,89.93,820.73,1,Yes
CUST-13571,Female,0,22,Month-to-month,Fiber optic,No,No,Yes,Bank transfer,98.7,2209.77,1,Yes
CUST-13572,Female,0,9,Month-to-month,Fiber optic,No,Yes,Yes,Mailed check,111.56,995.87,1,No
CUST-13573,Male,0,26,Two year,Fiber optic,No,Yes,No,Credit card,83.39,2033.21,1,No
CUST-13574,Female,0,17,Month-to-month,Fiber optic,No,No,Yes,Bank transfer,92.82,1546.23,1,No
CUST-13575,Female,0,34,One year,Fiber optic,Yes,No,Yes,Bank transfer,107.67,3814.37,3,No
CUST-13576,Female,0,38,One year,No,Yes,Yes,Yes,Mailed check,26.91,995.94,2,No
CUST-13577,Female,0,69,Month-to-month,Fiber optic,No,No,No,Credit card,54.96,3635.51,2,Yes
CUST-13578,Female,0,72,Month-to-month,Fiber optic,Yes,No,Yes,Mailed check,74.27,5059.33,2,No
CUST-13579,Male,1,14,Month-to-month,No,No,No,Yes,Bank transfer,41.22,535.15,1,Yes
CUST-13580,Female,0,41,Month-to-month,Fiber optic,Yes,Yes,Yes,Mailed check,79.0,3357.28,2,No
CUST-13581,Female,0,16,Month-to-month,Fiber optic,Yes,No,Yes,Credit card,106.61,1579.05,4,Yes
CUST-13582,Male,0,37,Two year,Fiber optic,No,Yes,Yes,Bank transfer,112.87,3792.75,1,No
CUST-13583,Male,0,36,Month-to-month,Fiber optic,Yes,Yes,No,Credit card,76.15,2525.83,3,No
CUST-13584,Female,0,35,Month-to-month,Fiber optic,No,Yes,No,Electronic check,69.51,2256.24,1,Yes
CUST-13585,Male,0,43,Two year,DSL,No,No,Yes,Bank transfer,51.14,2119.14,1,No
CUST-13586,Male,0,28,One year,DSL,No,No,Yes,Mailed check,67.62,1962.41,1,Yes
CUST-13587,Female,0,18,One year,No,No,Yes,Yes,Mailed check,21.63,358.23,3,No
CUST-13588,Female,0,26,Month-to-month,No,No,Yes,Yes,Electronic check,25.98,622.84,4,Yes
CUST-13589,Female,0,72,Two year,Fiber optic,Yes,No,No,Credit card,96.14,6683.72,2,No
CUST-13590,Male,0,15,One year,No,No,No,Yes,Electronic check,27.83,432.33,0,No
CUST-13591,Male,0,19,One year,Fiber optic,No,No,Yes,Bank transfer,97.29,1920.7,3,No
CUST-13592,Female,0,13,One year,DSL,Yes,No,Yes,Mailed check,30.36,411.53,4,No
CUST-13593,Female,0,3,Month-to-month,Fiber optic,No,No,Yes,Mailed check,82.57,227.64,2,Yes
CUST-13594,Male,1,23,Two year,DSL,No,No,Yes,Credit card,41.22,953.48,1,No
CUST-13595,Male,0,39,Two year,DSL,Yes,Yes,No,Credit card,46.82,1820.74,1,No
CUST-13596,Male,0,11,One year,No,Yes,No,No,Bank transfer,18.0,179.11,1,No
CUST-13597,Female,0,62,Month-to-month,Fiber optic,No,Yes,Yes,Electronic check,82.62,5126.7,2,No
CUST-13598,Male,0,34,One year,DSL,No,No,Yes,Electronic check,71.19,2431.51,2,No
CUST-13599,Female,0,51,Month-to-month,Fiber optic,No,No,No,Electronic check,80.96,4122.53,2,No
CUST-13600,Male,0,31,One year,Fiber optic,No,Yes,Yes,Mailed check,82.66,2389.0,1,No
CUST-13601,Female,0,21,Month-to-month,Fiber optic,Yes,No,Yes,Electronic check,82.85,1652.59,3,Yes
CUST-13602,Male,1,18,Two year,DSL,Yes,Yes,No,Mailed check,36.09,638.68,0,No
CUST-13603,Female,0,30,Two year,Fiber optic,No,No,No,Electronic check,94.39,2607.23,2,No
CUST-13604,Female,0,32,Month-to-month,Fiber optic,Yes,Yes,Yes,Electronic check,96.06,2839.62,4,Yes
CUST-13605,Male,1,16,One year,Fiber optic,No,No,No,Credit card,80.41,1292.8,2,No
CUST-13606,Male,1,21,Two year,No,Yes,Yes,No,Credit card,28.1,545.71,2,No
CUST-13607,Female,0,72,Month-to-month,Fiber optic,No,Yes,Yes,Mailed check,69.24,4499.21,3,Yes
CUST-13608,Female,0,27,Month-to-month,No,Yes,No,No,Electronic check,18.0,450.89,3,No
CUST-13609,Female,0,29,Month-to-month,No,No,No,Yes,Electronic check,23.98,633.88,2,Yes
CUST-13610,Female,0,71,Two year,DSL,Yes,No,Yes,Electronic check,53.74,3595.16,1,No
CUST-13611,Female,0,33,Month-to-month,DSL,Yes,Yes,No,Bank transfer,53.17,1779.2,2,No
CUST-13612,Female,0,24,Month-to-month,Fiber optic,No,No,Yes,Mailed check,114.87,2806.21,5,Yes
CUST-13613,Male,1,50,Month-to-month,No,Yes,Yes,Yes,Credit card,23.72,1079.93,3,No
CUST-13614,Female,0,42,Month-to-month,DSL,No,No,No,Mailed check,70.03,2898.94,2,No
CUST-13615,Male,0,30,Month-to-month,DSL,No,No,Yes,Electronic check,58.33,1597.99,4,No
CUST-13616,Male,0,31,One year,Fiber optic,No,Yes,Yes,Credit card,68.86,1980.98,1,No
CUST-13617,Male,0,19,Month-to-month,No,Yes,Yes,No,Credit card,29.55,571.29,1,No
CUST-13618,Male,1,9,One year,DSL,No,Yes,Yes,Credit card,63.06,593.5,1,No
CUST-13619,Male,0,38,One year,Fiber optic,No,Yes,Yes,Credit card,75.52,2699.7,1,No
CUST-13620,Female,0,6,Two year,DSL,No,Yes,No,Credit card,41.31,251.94,2,No
CUST-13621,Male,0,9,Month-to-month,No,Yes,No,No,Mailed check,18.0,154.11,2,Yes
CUST-13622,Male,0,21,One year,Fiber optic,Yes,Yes,Yes,Credit card,71.65,1531.3,2,No
CUST-13623,Male,0,19,One year,Fiber optic,No,No,Yes,Bank transfer,100.23,1876.85,1,No
CUST-13624,Female,0,41,Month-to-month,No,No,No,No,Mailed check,24.93,1003.61,0,Yes
CUST-13625,Female,0,49,Month-to-month,Fiber optic,No,Yes,Yes,Mailed check,112.98,5653.9,2,Yes
CUST-13626,Female,0,72,Month-to-month,No,No,No,Yes,Bank transfer,23.39,1691.65,2,No
CUST-13627,Male,0,5,One year,DSL,No,No,No,Electronic check,43.62,228.03,3,No
CUST-13628,Female,0,35,Month-to-month,DSL,No,Yes,No,Bank transfer,50.79,1696.64,4,Yes
CUST-13629,Female,0,34,Two year,Fiber optic,No,No,No,Mailed check,96.34,3417.33,2,No
CUST-13630,Male,0,31,Two year,DSL,No,No,Yes,Mailed check,59.95,1903.24,1,No
CUST-13631,Female,0,38,One year,No,Yes,No,No,Mailed check,24.36,901.6,4,No
CUST-13632,Male,0,44,Two year,Fiber optic,No,No,No,Credit card,113.96,4889.35,1,No
CUST-13633,Female,0,64,One year,DSL,Yes,Yes,No,Credit card,47.18,3125.85,1,No
CUST-13634,Female,0,31,Month-to-month,Fiber optic,Yes,Yes,Yes,Credit card,119.17,3650.3,2,No
CUST-13635,Male,0,72,Month-to-month,Fiber optic,No,No,No,Bank transfer,68.1,4661.11,2,No
CUST-13636,Female,1,32,Two year,Fiber optic,No,Yes,No,Credit card,91.71,2659.5,3,No
CUST-13637,Male,0,17,Month-to-month,DSL,Yes,No,No,Electronic check,55.51,891.76,0,No
CUST-13638,Male,0,30,Two year,No,No,No,No,Mailed check,20.56,575.2,1,No
CUST-13639,Female,0,12,Month-to-month,Fiber optic,No,No,Yes,Electronic check,97.02,1070.4,5,No
CUST-13640,Female,0,12,Month-to-month,No,No,No,No,Electronic check,27.11,325.64,1,No
CUST-13641,Female,0,22,One year,Fiber optic,No,No,No,Bank transfer,118.04,2491.33,0,No
CUST-13642,Female,0,20,Two year,Fiber optic,No,No,No,Electronic check,91.17,1666.91,1,No
CUST-13643,Male,0,62,Two year,DSL,No,No,Yes,Credit card,49.87,2934.27,2,No
CUST-13644,Female,0,22,Month-to-month,Fiber optic,No,Yes,Yes,Credit card,92.15,1867.37,4,Yes
CUST-13645,Female,0,10,Month-to-month,DSL,Yes,No,No,Electronic check,72.31,715.76,2,Yes
CUST-13646,Female,0,26,One year,No,Yes,Yes,Yes,Electronic check,18.0,451.17,1,No
CUST-13647,Female,0,31,Two year,DSL,No,No,No,Credit card,52.74,1700.63,0,No
CUST-13648,Female,1,28,Month-to-month,Fiber optic,Yes,No,No,Credit card,77.75,2158.05,2,No
CUST-13649,Female,0,10,One year,Fiber optic,No,No,Yes,Credit card,82.99,842.21,3,Yes
CUST-13650,Male,0,67,Month-to-month,Fiber optic,Yes,No,Yes,Bank transfer,100.26,6383.43,4,No
CUST-13651,Male,0,4,One year,Fiber optic,Yes,No,Yes,Credit card,105.84,428.92,3,No
CUST-13652,Male,0,27,Month-to-month,Fiber optic,Yes,Yes,Yes,Credit card,65.94,1798.55,1,No
CUST-13653,Female,0,9,Two year,Fiber optic,No,No,Yes,Electronic check,77.33,729.82,0,No
CUST-13654,Female,0,52,Month-to-month,No,No,No,Yes,Credit card,25.76,1338.41,2,No
CUST-13655,Male,0,35,One year,Fiber optic,No,No,No,Bank transfer,112.57,4087.57,2,Yes
CUST-13656,Female,0,31,One year,Fiber optic,No,No,No,Mailed check,98.06,3131.22,2,No
CUST-13657,Female,0,21,Month-to-month,No,No,No,No,Mailed check,36.93,804.94,2,No
CUST-13658,Male,0,63,Month-to-month,DSL,No,Yes,Yes,Credit card,64.4,4000.09,3,No
CUST-13659,Male,1,21,One year,DSL,No,No,Yes,Electronic check,94.7,1856.58,2,No
CUST-13660,Female,0,72,One year,DSL,No,No,No,Bank transfer,58.94,4191.49,1,No
CUST-13661,Male,0,12,One year,Fiber optic,No,No,Yes,Electronic check,100.54,1252.68,0,No
CUST-13662,Female,0,26,One year,Fiber optic,No,No,No,Bank transfer,100.2,2724.94,2,No
CUST-13663,Female,0,43,Month-to-month,DSL,Yes,No,No,Mailed check,58.67,2628.43,5,No
CUST-13664,Female,1,37,Two year,DSL,No,Yes,Yes,Electronic check,55.22,1974.18,2,No
CUST-13665,Male,0,24,Month-to-month,DSL,No,No,No,Electronic check,52.94,1296.7,1,Yes
CUST-13666,Female,0,5,One year,Fiber optic,No,Yes,No,Mailed check,85.66,416.85,1,No
CUST-13667,Male,0,29,Two year,DSL,Yes,No,No,Electronic check,45.59,1326.99,3,No
CUST-13668,Male,0,19,Two year,Fiber optic,No,No,Yes,Electronic check,84.91,1556.44,1,No
CUST-13669,Male,0,15,Month-to-month,No,No,No,Yes,Mailed check,39.64,562.06,1,Yes
CUST-13670,Male,1,45,Month-to-month,Fiber optic,Yes,No,Yes,Bank transfer,62.0,2695.82,2,No
CUST-13671,Male,0,4,One year,No,No,No,Yes,Bank transfer,23.93,90.55,0,No
CUST-13672,Female,0,25,Month-to-month,No,No,No,No,Electronic check,21.61,520.6,1,No
CUST-13673,Male,0,1,One year,Fiber optic,No,Yes,Yes,Bank transfer,108.48,108.66,1,No
CUST-13674,Female,0,37,Month-to-month,Fiber optic,Yes,No,Yes,Bank transfer,97.68,3361.57,2,No
CUST-13675,Male,1,45,Month-to-month,No,Yes,No,Yes,Bank transfer,31.37,1413.89,3,No
CUST-13676,Male,0,28,Month-to-month,Fiber optic,No,No,Yes,Credit card,91.03,2322.22,0,Yes
CUST-13677,Female,0,17,One year,Fiber optic,No,No,Yes,Credit card,83.48,1277.54,0,No
CUST-13678,Female,0,62,One year,DSL,Yes,Yes,Yes,Credit card,72.45,4200.02,1,No
CUST-13679,Female,0,65,Month-to-month,Fiber optic,No,Yes,Yes,Bank transfer,91.51,5533.66,1,No
CUST-13680,Female,0,33,Month-to-month,No,No,Yes,No,Electronic check,23.01,778.4,1,No
CUST-13681,Male,0,72,Month-to-month,Fiber optic,No,No,Yes,Electronic check,64.67,4718.66,1,No
CUST-13682,Male,0,12,One year,Fiber optic,No,No,Yes,Bank transfer,72.91,874.85,1,No
CUST-13683,Female,0,23,One year,Fiber optic,Yes,Yes,No,Bank transfer,89.12,2061.9,0,No
CUST-13684,Female,0,2,Two year,No,No,Yes,Yes,Bank transfer,18.16,36.31,0,No
CUST-13685,Male,0,9,Two year,Fiber optic,Yes,Yes,No,Bank transfer,121.01,1115.15,1,No
CUST-13686,Male,0,8,Month-to-month,Fiber optic,Yes,No,Yes,Bank transfer,57.88,453.85,3,Yes
CUST-13687,Female,0,37,Two year,Fiber optic,Yes,No,Yes,Electronic check,84.5,2822.25,1,No
CUST-13688,Female,0,9,Month-to-month,Fiber optic,Yes,No,Yes,Credit card,83.83,776.74,2,Yes
CUST-13689,Male,0,14,One year,No,Yes,No,Yes,Credit card,28.98,393.81,1,No
CUST-13690,Male,0,16,Month-to-month,DSL,No,Yes,No,Electronic check,70.56,1173.26,0,No
CUST-13691,Female,0,7,One year,No,No,Yes,Yes,Bank transfer,28.71,207.76,3,No
CUST-13692,Male,0,27,One year,DSL,Yes,No,Yes,Credit card,75.24,1950.1,0,No
CUST-13693,Male,0,31,Month-to-month,No,Yes,No,Yes,Bank transfer,35.31,1138.43,1,No
CUST-13694,Male,0,5,Two year,Fiber optic,Yes,Yes,Yes,Mailed check,107.59,488.87,1,No
CUST-13695,Female,0,41,Two year,Fiber optic,No,Yes,No,Credit card,88.95,3644.42,2,No
CUST-13696,Male,0,11,Two year,Fiber optic,No,No,Yes,Bank transfer,60.73,669.55,0,No
CUST-13697,Male,0,16,Month-to-month,Fiber optic,No,No,No,Bank transfer,82.73,1358.05,4,Yes
CUST-13698,Male,0,35,Two year,Fiber optic,No,No,Yes,Mailed check,92.03,3126.76,2,No
CUST-13699,Female,1,16,One year,DSL,No,No,Yes,Credit card,20.64,309.14,3,No
CUST-13700,Male,0,9,One year,DSL,No,No,Yes,Credit card,62.34,508.65,1,Yes
CUST-13701,Male,0,26,Month-to-month,DSL,No,Yes,Yes,Electronic check,64.36,1623.24,2,No
CUST-13702,Male,0,52,Two year,Fiber optic,No,No,No,Bank transfer,101.47,5107.56,1,No
CUST-13703,Female,0,48,One year,Fiber optic,No,Yes,Yes,Bank transfer,107.53,4921.05,1,No
CUST-13704,Female,0,14,One year,DSL,Yes,Yes,Yes,Electronic check,50.53,704.15,2,Yes
CUST-13705,Female,0,11,Two year,Fiber optic,Yes,No,Yes,Credit card,102.23,1101.69,3,No
CUST-13706,Male,0,13,Month-to-month,DSL,No,No,Yes,Credit card,33.19,395.83,3,No
CUST-13707,Female,0,48,One year,DSL,Yes,No,Yes,Electronic check,64.64,2815.0,3,No
CUST-13708,Male,0,12,Month-to-month,Fiber optic,No,No,Yes,Bank transfer,87.18,1081.27,0,Yes
CUST-13709,Female,1,70,Month-to-month,Fiber optic,No,Yes,No,Electronic check,92.2,6527.04,5,No
CUST-13710,Male,0,35,Month-to-month,DSL,No,Yes,No,Electronic check,59.55,2020.67,2,No
CUST-13711,Female,0,23,Month-to-month,No,Yes,Yes,Yes,Electronic check,23.16,519.02,2,No
CUST-13712,Female,0,14,Month-to-month,Fiber optic,No,Yes,Yes,Bank transfer,66.21,850.22,5,No
CUST-13713,Male,0,26,Month-to-month,Fiber optic,Yes,No,Yes,Credit card,95.82,2340.55,1,No
CUST-13714,Female,0,9,Month-to-month,DSL,Yes,No,No,Bank transfer,57.67,531.34,4,No
CUST-13715,Male,0,6,One year,Fiber optic,Yes,Yes,Yes,Electronic check,90.55,499.27,2,No
CUST-13716,Male,0,35,Month-to-month,No,Yes,No,No,Electronic check,18.72,600.02,2,No
CUST-13717,Male,0,23,Month-to-month,Fiber optic,Yes,No,Yes,Electronic check,77.45,1752.26,0,No
CUST-13718,Female,0,42,Month-to-month,DSL,No,No,Yes,Electronic check,73.9,3184.47,2,No
CUST-13719,Male,0,30,Month-to-month,Fiber optic,No,Yes,Yes,Bank transfer,96.31,2764.82,2,Yes
CUST-13720,Female,0,14,Month-to-month,Fiber optic,No,No,Yes,Credit card,101.41,1415.27,3,Yes
CUST-13721,Female,0,48,Two year,DSL,Yes,Yes,No,Credit card,51.31,2549.91,2,No
CUST-13722,Female,0,15,One year,Fiber optic,No,No,No,Electronic check,62.48,968.82,2,No
CUST-13723,Female,0,58,Month-to-month,DSL,No,No,Yes,Electronic check,37.6,2115.52,4,No
CUST-13724,Male,0,15,Month-to-month,No,Yes,No,Yes,Bank transfer,28.94,409.95,2,No
CUST-13725,Female,0,7,Month-to-month,Fiber optic,No,No,Yes,Bank transfer,108.5,748.89,1,Yes
CUST-13726,Male,0,65,One year,Fiber optic,No,No,Yes,Electronic check,105.1,7095.61,5,No
CUST-13727,Female,0,15,Two year,No,No,No,No,Credit card,22.36,336.08,1,No
CUST-13728,Male,0,16,Month-to-month,Fiber optic,No,No,No,Bank transfer,110.65,1847.09,4,Yes
CUST-13729,Female,0,7,Month-to-month,DSL,No,No,Yes,Mailed check,73.36,506.79,1,Yes
CUST-13730,Female,1,22,One year,Fiber optic,No,No,No,Credit card,60.56,1203.25,4,No
CUST-13731,Female,0,8,Month-to-month,Fiber optic,No,No,No,Mailed check,69.55,538.12,2,Yes
CUST-13732,Male,0,62,Month-to-month,Fiber optic,No,Yes,Yes,Bank transfer,60.11,3859.16,0,No
CUST-13733,Female,0,18,One year,No,No,No,Yes,Credit card,28.21,459.65,2,No
CUST-13734,Male,0,11,One year,Fiber optic,Yes,No,Yes,Credit card,85.26,931.03,3,No
CUST-13735,Male,0,25,Month-to-month,No,No,Yes,No,Electronic check,39.62,947.59,1,No
CUST-13736,Male,0,72,Two year,DSL,No,No,Yes,Electronic check,53.03,3667.21,1,No
CUST-13737,Female,0,26,Month-to-month,DSL,No,Yes,No,Bank transfer,45.51,1165.62,1,No
CUST-13738,Female,0,20,Month-to-month,DSL,Yes,No,No,Electronic check,57.49,1105.85,7,Yes
CUST-13739,Female,0,24,One year,Fiber optic,No,Yes,Yes,Bank transfer,94.33,2350.08,3,No
CUST-13740,Male,0,44,One year,DSL,Yes,Yes,Yes,Credit card,71.66,2981.52,0,No
CUST-13741,Male,0,41,One year,DSL,No,No,No,Electronic check,82.99,3449.75,0,No
CUST-13742,Female,0,29,One year,No,No,Yes,Yes,Electronic check,23.91,633.72,1,No
CUST-13743,Male,0,49,One year,DSL,Yes,Yes,Yes,Mailed check,51.2,2383.23,1,No
CUST-13744,Male,0,26,Two year,DSL,Yes,Yes,No,Credit card,50.5,1212.89,2,No
CUST-13745,Female,0,21,One year,Fiber optic,Yes,No,Yes,Mailed check,65.21,1277.56,2,Yes
CUST-13746,Male,1,25,Month-to-month,DSL,Yes,No,No,Credit card,60.38,1486.31,4,No
CUST-13747,Female,1,15,One year,DSL,Yes,No,Yes,Bank transfer,49.06,700.09,2,No
CUST-13748,Female,0,44,Month-to-month,DSL,No,No,Yes,Electronic check,61.22,2443.88,1,No
CUST-13749,Female,0,15,One year,DSL,Yes,Yes,Yes,Electronic check,43.8,676.45,2,No
CUST-13750,Female,0,3,Month-to-month,No,No,Yes,Yes,Bank transfer,34.08,102.37,2,Yes
CUST-13751,Female,0,6,Month-to-month,Fiber optic,Yes,No,Yes,Electronic check,78.04,488.5,3,No
CUST-13752,Female,0,32,One year,Fiber optic,No,Yes,No,Electronic check,74.52,2432.49,3,Yes
CUST-13753,Male,0,13,One year,Fiber optic,No,No,Yes,Mailed check,81.51,1042.53,1,Yes
CUST-13754,Male,1,41,Month-to-month,Fiber optic,Yes,No,Yes,Mailed check,65.66,2608.75,5,Yes
CUST-13755,Male,1,23,Month-to-month,No,No,No,No,Credit card,20.86,499.95,4,No
CUST-13756,Female,0,44,Two year,Fiber optic,No,No,No,Credit card,83.76,3551.15,0,No
CUST-13757,Female,0,3,Two year,DSL,Yes,No,No,Bank transfer,66.65,196.31,2,No
CUST-13758,Male,0,14,Month-to-month,DSL,Yes,No,Yes,Electronic check,27.6,367.17,1,No
CUST-13759,Female,0,10,Month-to-month,DSL,No,Yes,Yes,Mailed check,64.62,608.76,2,No
CUST-13760,Male,1,72,Month-to-month,No,Yes,Yes,No,Electronic check,18.0,1330.78,1,No
CUST-13761,Female,0,17,Month-to-month,Fiber optic,Yes,No,No,Bank transfer,77.12,1228.52,2,No
CUST-13762,Female,0,5,Month-to-month,DSL,Yes,Yes,Yes,Bank transfer,65.54,302.01,2,No
CUST-13763,Female,0,31,Two year,DSL,No,Yes,No,Mailed check,39.64,1240.2,1,No
CUST-13764,Male,0,10,Month-to-month,No,No,No,No,Electronic check,18.0,184.71,5,Yes
CUST-13765,Male,0,47,Month-to-month,Fiber optic,Yes,No,Yes,Credit card,68.1,3326.26,2,No
CUST-13766,Female,0,53,Month-to-month,DSL,No,No,No,Electronic check,36.78,1949.62,1,No
CUST-13767,Female,0,10,Month-to-month,No,Yes,No,Yes,Bank transfer,23.93,227.91,1,No
CUST-13768,Female,0,13,Month-to-month,Fiber optic,No,Yes,Yes,Bank transfer,76.49,971.13,1,No
CUST-13769,Male,0,29,Month-to-month,Fiber optic,No,No,Yes,Bank transfer,101.47,2730.62,1,No
CUST-13770,Male,0,48,Month-to-month,Fiber optic,No,No,Yes,Electronic check,88.96,3978.87,5,Yes
CUST-13771,Male,0,31,One year,Fiber optic,Yes,No,Yes,Credit card,77.01,2469.58,1,No
CUST-13772,Female,0,17,Month-to-month,DSL,No,No,No,Bank transfer,63.39,1107.0,1,No
CUST-13773,Male,0,7,One year,No,No,Yes,No,Bank transfer,29.91,197.2,1,No
CUST-13774,Male,0,72,Two year,Fiber optic,No,No,Yes,Bank transfer,64.64,4454.03,0,No
CUST-13775,Male,0,32,Month-to-month,Fiber optic,Yes,No,Yes,Electronic check,36.37,1215.0,3,Yes
CUST-13776,Female,0,72,Month-to-month,Fiber optic,Yes,No,Yes,Mailed check,65.11,4494.52,3,No
CUST-13777,Female,0,36,Two year,No,Yes,No,Yes,Credit card,30.13,1029.43,0,No
CUST-13778,Female,0,72,Month-to-month,DSL,No,Yes,Yes,Mailed check,57.81,3871.05,1,No
CUST-13779,Male,0,12,Month-to-month,DSL,No,No,Yes,Bank transfer,47.5,547.91,2,No
CUST-13780,Male,0,13,Two year,Fiber optic,Yes,No,Yes,Mailed check,94.88,1177.37,2,No
CUST-13781,Male,0,20,One year,DSL,No,No,No,Credit card,62.3,1258.74,0,No
CUST-13782,Male,0,11,Two year,Fiber optic,No,No,Yes,Credit card,105.93,1109.31,0,No
CUST-13783,Female,0,5,Month-to-month,Fiber optic,No,No,No,Credit card,99.26,480.77,1,Yes
CUST-13784,Female,0,14,Month-to-month,DSL,No,No,No,Bank transfer,49.96,663.2,2,Yes
CUST-13785,Female,0,35,Month-to-month,DSL,No,No,No,Mailed check,62.6,2076.88,3,No
CUST-13786,Male,0,8,Month-to-month,Fiber optic,No,No,No,Credit card,91.82,688.81,2,Yes
CUST-13787,Male,1,9,Month-to-month,DSL,Yes,Yes,Yes,Mailed check,48.32,423.85,3,No
CUST-13788,Female,0,15,Month-to-month,DSL,No,No,Yes,Credit card,40.34,583.54,6,No
CUST-13789,Male,1,10,Month-to-month,Fiber optic,No,No,Yes,Credit card,65.01,590.74,1,No
CUST-13790,Male,0,15,Month-to-month,DSL,No,Yes,Yes,Electronic check,62.04,967.48,5,No
CUST-13791,Male,1,22,Month-to-month,Fiber optic,No,No,Yes,Mailed check,93.1,1950.5,2,No
CUST-13792,Male,1,8,Month-to-month,No,Yes,No,Yes,Credit card,19.82,160.7,0,Yes
CUST-13793,Female,1,15,One year,Fiber optic,No,Yes,No,Electronic check,77.83,1209.54,7,No
CUST-13794,Female,0,23,Month-to-month,Fiber optic,Yes,No,Yes,Electronic check,99.5,2063.54,3,Yes
CUST-13795,Male,0,11,One year,Fiber optic,No,Yes,No,Electronic check,82.04,828.91,0,No
CUST-13796,Female,0,7,Month-to-month,No,No,No,Yes,Credit card,18.0,117.0,2,No
CUST-13797,Male,0,12,Month-to-month,No,No,Yes,No,Mailed check,22.41,277.7,5,No
CUST-13798,Male,0,17,Two year,No,No,Yes,No,Electronic check,31.2,520.83,1,No
CUST-13799,Male,1,4,Two year,DSL,Yes,Yes,Yes,Electronic check,52.63,199.3,1,No
CUST-13800,Female,0,36,Month-to-month,DSL,No,Yes,Yes,Bank transfer,48.08,1569.18,4,No
CUST-13801,Female,0,18,Month-to-month,DSL,Yes,No,No,Mailed check,47.63,776.21,3,Yes
CUST-13802,Female,0,12,Two year,DSL,No,No,No,Electronic check,66.31,785.09,0,No
CUST-13803,Male,0,5,Month-to-month,DSL,No,No,No,Mailed check,55.96,281.31,0,No
CUST-13804,Male,0,32,Month-to-month,No,No,No,Yes,Bank transfer,26.31,806.39,2,Yes
CUST-13805,Female,0,53,Month-to-month,DSL,No,Yes,Yes,Mailed check,62.43,3120.45,5,Yes
CUST-13806,Male,0,14,Month-to-month,DSL,No,No,No,Bank transfer,36.02,514.8,1,No
CUST-13807,Male,1,72,One year,No,Yes,No,Yes,Bank transfer,24.69,1830.53,3,No
CUST-13808,Female,0,22,One year,No,No,Yes,No,Bank transfer,35.39,745.57,1,No
CUST-13809,Female,0,23,Month-to-month,DSL,No,No,No,Electronic check,56.04,1304.75,3,Yes
CUST-13810,Male,0,43,Month-to-month,DSL,No,No,Yes,Mailed check,54.7,2423.7,5,Yes
CUST-13811,Male,1,34,Month-to-month,No,Yes,No,Yes,Credit card,18.34,596.78,2,No
CUST-13812,Female,1,8,One year,No,No,Yes,Yes,Electronic check,20.07,148.37,2,No
CUST-13813,Male,0,14,Two year,Fiber optic,No,No,Yes,Credit card,77.01,1029.9,0,No
CUST-13814,Male,0,48,Month-to-month,Fiber optic,No,Yes,Yes,Mailed check,106.58,4652.1,6,No
CUST-13815,Male,0,34,One year,Fiber optic,No,No,Yes,Bank transfer,71.32,2195.48,2,No
CUST-13816,Male,0,72,Month-to-month,Fiber optic,No,No,Yes,Electronic check,82.04,6047.41,4,No
CUST-13817,Female,0,30,One year,DSL,No,No,Yes,Bank transfer,46.49,1433.5,0,No
CUST-13818,Female,0,35,Month-to-month,Fiber optic,Yes,Yes,Yes,Electronic check,87.19,3042.76,2,Yes
CUST-13819,Female,0,12,Month-to-month,No,No,Yes,Yes,Bank transfer,23.82,294.0,2,No
CUST-13820,Male,0,53,Month-to-month,Fiber optic,Yes,No,Yes,Electronic check,78.22,4312.65,3,No
CUST-13821,Male,0,2,Two year,DSL,No,No,No,Electronic check,37.19,74.6,2,No
CUST-13822,Female,1,26,Month-to-month,Fiber optic,No,No,Yes,Electronic check,76.31,2056.88,2,No
CUST-13823,Male,0,36,Month-to-month,Fiber optic,No,No,Yes,Credit card,85.63,3199.45,0,No
CUST-13824,Female,0,29,Two year,DSL,No,Yes,No,Credit card,60.04,1638.61,3,No
CUST-13825,Female,0,23,One year,DSL,No,No,Yes,Mailed check,49.91,1196.79,2,No
CUST-13826,Male,1,21,Month-to-month,DSL,No,No,No,Electronic check,63.23,1391.03,4,No
CUST-13827,Female,0,23,Month-to-month,No,No,No,Yes,Credit card,32.17,696.97,3,Yes
CUST-13828,Female,0,9,Two year,DSL,No,No,Yes,Electronic check,61.38,549.15,2,No
CUST-13829,Male,0,29,Month-to-month,No,Yes,No,Yes,Electronic check,19.88,537.84,1,No
CUST-13830,Female,0,12,Month-to-month,Fiber optic,No,No,No,Electronic check,74.24,854.4,4,No
CUST-13831,Male,1,14,Month-to-month,No,No,No,Yes,Electronic check,22.6,314.37,1,No
CUST-13832,Female,0,8,Month-to-month,No,No,No,Yes,Credit card,35.25,255.36,2,Yes
CUST-13833,Female,0,72,One year,No,No,No,Yes,Bank transfer,28.74,2062.87,2,No
CUST-13834,Male,0,27,Two year,No,Yes,No,No,Electronic check,18.78,493.22,0,No
CUST-13835,Female,0,6,Month-to-month,Fiber optic,Yes,Yes,No,Bank transfer,86.28,475.52,2,No
CUST-13836,Male,0,25,Two year,DSL,Yes,No,Yes,Bank transfer,50.58,1267.79,7,No
CUST-13837,Female,0,52,One year,DSL,Yes,No,Yes,Electronic check,60.44,3272.94,0,No
CUST-13838,Female,0,28,One year,Fiber optic,No,No,Yes,Electronic check,103.05,2597.83,4,No
CUST-13839,Female,0,22,Month-to-month,DSL,No,No,Yes,Electronic check,49.51,1051.91,2,No
CUST-13840,Female,1,11,Month-to-month,Fiber optic,Yes,No,No,Mailed check,81.05,819.28,2,Yes
CUST-13841,Male,1,28,One year,DSL,Yes,Yes,No,Electronic check,51.11,1332.37,4,Yes
CUST-13842,Female,1,40,One year,Fiber optic,Yes,No,Yes,Mailed check,66.35,2584.4,2,No
CUST-13843,Male,0,40,Month-to-month,DSL,No,Yes,Yes,Electronic check,62.37,2354.32,1,Yes
CUST-13844,Female,0,26,Month-to-month,DSL,No,No,Yes,Bank transfer,54.66,1417.41,1,Yes
CUST-13845,Male,0,26,Month-to-month,Fiber optic,No,No,No,Electronic check,81.0,1978.82,2,No
CUST-13846,Female,1,58,Month-to-month,Fiber optic,Yes,No,Yes,Bank transfer,86.38,5092.4,3,Yes
CUST-13847,Male,0,54,Month-to-month,No,No,Yes,No,Bank transfer,37.74,1890.29,2,No
CUST-13848,Female,0,20,Month-to-month,Fiber optic,No,No,Yes,Credit card,67.73,1403.44,2,No
CUST-13849,Male,0,72,Month-to-month,Fiber optic,No,No,No,Mailed check,96.63,6679.49,5,Yes
CUST-13850,Female,0,6,Two year,DSL,No,No,Yes,Mailed check,52.54,286.32,0,No
CUST-13851,Male,1,27,Two year,DSL,No,No,Yes,Electronic check,47.27,1167.73,2,No
CUST-13852,Male,0,30,Month-to-month,Fiber optic,Yes,No,Yes,Electronic check,86.43,2540.76,3,No
CUST-13853,Male,0,11,Month-to-month,DSL,No,No,Yes,Electronic check,54.31,619.34,5,No
CUST-13854,Male,0,5,Month-to-month,No,No,Yes,Yes,Electronic check,26.8,130.98,2,No
CUST-13855,Female,0,11,Month-to-month,No,No,Yes,No,Bank transfer,18.0,191.57,1,No
CUST-13856,Male,0,46,Two year,DSL,No,No,No,Credit card,56.67,2648.22,1,No
CUST-13857,Male,1,46,Month-to-month,Fiber optic,No,Yes,No,Mailed check,73.77,3169.57,4,No
CUST-13858,Male,0,38,Two year,Fiber optic,No,No,No,Credit card,87.34,3323.99,2,No
CUST-13859,Male,0,12,Month-to-month,DSL,Yes,Yes,Yes,Mailed check,67.74,758.21,4,Yes
CUST-13860,Female,0,47,Two year,Fiber optic,Yes,Yes,Yes,Bank transfer,84.65,4084.94,2,No
CUST-13861,Female,0,13,One year,Fiber optic,Yes,No,Yes,Bank transfer,103.32,1386.4,2,No
CUST-13862,Male,0,29,One year,No,Yes,No,Yes,Electronic check,31.65,852.77,3,Yes
CUST-13863,Female,0,23,Two year,DSL,No,Yes,Yes,Mailed check,58.39,1237.67,0,No
CUST-13864,Female,1,17,Month-to-month,Fiber optic,Yes,No,Yes,Credit card,80.26,1376.04,4,Yes
CUST-13865,Female,0,37,Month-to-month,DSL,Yes,No,No,Electronic check,54.16,1999.85,4,No
CUST-13866,Female,0,42,Month-to-month,DSL,Yes,Yes,Yes,Mailed check,71.52,2983.42,4,No
CUST-13867,Female,0,12,Two year,Fiber optic,Yes,No,No,Electronic check,103.51,1212.85,4,No
CUST-13868,Male,0,24,Two year,Fiber optic,No,No,Yes,Bank transfer,82.35,1816.94,1,No
CUST-13869,Female,0,41,Month-to-month,Fiber optic,No,No,Yes,Electronic check,102.84,4250.03,2,No
CUST-13870,Male,1,1,One year,No,Yes,No,Yes,Mailed check,21.76,20.11,0,No
CUST-13871,Male,0,32,Month-to-month,DSL,No,No,Yes,Electronic check,50.79,1595.17,5,No
CUST-13872,Female,1,41,Month-to-month,Fiber optic,Yes,No,Yes,Electronic check,63.46,2477.09,1,No
CUST-13873,Male,0,33,One year,DSL,Yes,No,No,Mailed check,56.38,1766.95,5,No
CUST-13874,Female,0,34,Month-to-month,No,Yes,Yes,No,Electronic check,25.32,882.31,1,No
CUST-13875,Female,0,22,Month-to-month,DSL,Yes,Yes,No,Bank transfer,58.77,1252.21,3,No
CUST-13876,Female,0,39,One year,DSL,No,No,Yes,Electronic check,69.75,2649.54,2,No
CUST-13877,Male,1,7,Month-to-month,Fiber optic,No,No,No,Credit card,62.71,454.09,5,No
CUST-13878,Male,0,11,Month-to-month,Fiber optic,Yes,No,No,Mailed check,92.29,998.68,2,Yes
CUST-13879,Male,0,33,Month-to-month,Fiber optic,No,No,Yes,Electronic check,69.64,2344.62,1,No
CUST-13880,Female,0,39,Month-to-month,No,No,No,No,Electronic check,18.0,722.66,1,No
CUST-13881,Male,1,52,One year,Fiber optic,No,No,Yes,Credit card,77.47,4045.48,0,No
CUST-13882,Female,0,68,Two year,Fiber optic,Yes,No,Yes,Electronic check,90.74,5686.3,1,No
CUST-13883,Male,0,13,Month-to-month,No,Yes,No,No,Mailed check,43.12,514.49,4,No
CUST-13884,Male,0,9,Two year,Fiber optic,No,No,Yes,Credit card,85.5,742.71,1,No
CUST-13885,Male,1,45,One year,DSL,No,Yes,Yes,Electronic check,72.45,2965.31,0,No
CUST-13886,Male,0,16,Two year,No,No,No,Yes,Credit card,31.8,480.83,0,No
CUST-13887,Male,0,23,One year,Fiber optic,Yes,No,No,Mailed check,95.39,2043.15,0,No
CUST-13888,Male,1,42,Month-to-month,Fiber optic,Yes,Yes,Yes,Electronic check,91.78,3491.56,3,No
CUST-13889,Female,0,27,One year,Fiber optic,No,No,No,Credit card,82.88,2147.84,2,No
CUST-13890,Female,0,38,Month-to-month,DSL,No,No,No,Mailed check,43.47,1548.54,3,No
CUST-13891,Female,0,12,Month-to-month,No,No,No,Yes,Electronic check,29.82,327.51,3,Yes
CUST-13892,Male,0,30,Month-to-month,DSL,No,No,Yes,Bank transfer,58.31,1765.95,6,Yes
CUST-13893,Male,0,29,Month-to-month,No,Yes,No,No,Credit card,21.51,646.82,4,No
CUST-13894,Female,0,52,Month-to-month,No,Yes,Yes,No,Mailed check,21.5,1110.16,1,No
CUST-13895,Female,0,60,Two year,No,No,Yes,Yes,Bank transfer,36.19,2257.05,4,No
CUST-13896,Female,0,16,Month-to-month,DSL,No,Yes,Yes,Electronic check,42.35,626.75,3,No
CUST-13897,Male,0,10,Month-to-month,Fiber optic,No,No,Yes,Electronic check,78.99,801.93,3,No
CUST-13898,Male,0,40,Two year,DSL,No,Yes,Yes,Electronic check,46.24,1778.09,0,No
CUST-13899,Female,0,4,Month-to-month,Fiber optic,No,No,Yes,Credit card,73.05,284.44,3,No
CUST-13900,Female,0,42,Month-to-month,Fiber optic,No,No,Yes,Electronic check,83.69,3513.71,3,No
CUST-13901,Female,0,44,Two year,Fiber optic,No,Yes,Yes,Credit card,48.64,2177.81,1,No
CUST-13902,Female,0,15,Two year,Fiber optic,No,Yes,Yes,Electronic check,57.96,790.3,3,No
CUST-13903,Male,0,1,One year,No,Yes,No,Yes,Mailed check,29.88,28.63,0,No
CUST-13904,Female,0,48,Month-to-month,DSL,Yes,No,Yes,Bank transfer,50.04,2437.37,3,No
CUST-13905,Female,0,63,Month-to-month,Fiber optic,No,No,Yes,Electronic check,74.15,4579.12,3,No
CUST-13906,Female,1,60,Two year,Fiber optic,Yes,Yes,Yes,Electronic check,99.61,5685.18,2,No
CUST-13907,Female,0,61,Two year,DSL,No,Yes,Yes,Electronic check,43.45,2401.58,1,No
CUST-13908,Male,0,7,Month-to-month,Fiber optic,Yes,No,No,Mailed check,76.3,481.31,1,No
CUST-13909,Female,0,25,Two year,Fiber optic,Yes,Yes,No,Electronic check,73.25,1764.88,3,No
CUST-13910,Male,0,29,One year,Fiber optic,Yes,Yes,Yes,Electronic check,113.6,3203.91,4,Yes
CUST-13911,Female,0,26,Month-to-month,Fiber optic,No,Yes,No,Electronic check,88.53,2150.65,2,No
CUST-13912,Male,0,39,Month-to-month,No,No,No,No,Credit card,18.0,716.0,3,No
CUST-13913,Female,1,9,Month-to-month,No,No,Yes,No,Mailed check,18.0,163.38,3,Yes
CUST-13914,Female,0,4,Two year,DSL,No,Yes,No,Credit card,58.13,215.83,1,No
CUST-13915,Male,0,3,Month-to-month,Fiber optic,No,No,No,Electronic check,76.09,211.88,2,Yes
CUST-13916,Male,0,48,One year,No,Yes,No,Yes,Electronic check,25.16,1243.54,2,No
CUST-13917,Female,0,7,Month-to-month,DSL,No,No,No,Mailed check,75.66,549.66,0,No
CUST-13918,Male,1,26,One year,Fiber optic,No,No,Yes,Electronic check,118.08,3216.51,1,No
CUST-13919,Female,0,14,Month-to-month,Fiber optic,No,Yes,Yes,Electronic check,76.97,1080.8,0,Yes
CUST-13920,Female,0,15,Two year,DSL,No,No,Yes,Mailed check,47.36,738.33,1,No
CUST-13921,Female,0,20,Month-to-month,Fiber optic,No,No,Yes,Bank transfer,97.09,1790.88,1,No
CUST-13922,Male,0,15,One year,Fiber optic,No,Yes,No,Electronic check,87.14,1206.95,1,No
CUST-13923,Male,0,4,One year,DSL,No,Yes,Yes,Credit card,35.1,127.23,5,No
CUST-13924,Female,0,20,Month-to-month,DSL,No,Yes,No,Credit card,73.69,1445.46,2,No
CUST-13925,Female,0,12,Two year,No,Yes,No,No,Mailed check,30.28,339.13,0,No
CUST-13926,Female,0,11,Month-to-month,No,No,Yes,No,Mailed check,18.0,195.09,1,No
CUST-13927,Male,0,72,Two year,Fiber optic,No,No,No,Bank transfer,91.43,5932.02,1,No
CUST-13928,Female,0,6,Month-to-month,Fiber optic,No,No,Yes,Electronic check,93.78,551.08,2,Yes
CUST-13929,Female,0,19,One year,DSL,Yes,No,No,Bank transfer,46.58,914.45,3,No
CUST-13930,Female,0,28,Two year,No,No,No,No,Electronic check,37.18,1050.24,0,No
CUST-13931,Male,0,72,Two year,DSL,Yes,Yes,No,Credit card,49.59,3410.21,4,No
CUST-13932,Female,0,8,Month-to-month,No,No,Yes,Yes,Mailed check,18.0,131.07,5,No
CUST-13933,Female,1,58,Month-to-month,Fiber optic,No,No,Yes,Mailed check,70.18,3813.13,1,No
CUST-13934,Male,0,20,Two year,DSL,Yes,No,Yes,Bank transfer,49.91,973.81,3,No
CUST-13935,Female,0,21,Month-to-month,Fiber optic,No,No,Yes,Credit card,95.21,1876.72,4,Yes
CUST-13936,Female,0,37,Two year,No,No,No,Yes,Electronic check,30.96,1164.27,2,No
CUST-13937,Male,0,64,Month-to-month,No,Yes,No,Yes,Bank transfer,32.33,2152.53,2,No
CUST-13938,Female,1,15,Month-to-month,Fiber optic,Yes,No,No,Credit card,79.86,1109.75,2,No
CUST-13939,Female,0,29,One year,DSL,Yes,No,No,Mailed check,51.47,1344.73,1,No
CUST-13940,Female,0,26,Month-to-month,Fiber optic,No,Yes,Yes,Electronic check,82.28,1952.4,6,Yes
CUST-13941,Male,1,25,Month-to-month,Fiber optic,Yes,No,No,Credit card,76.35,1947.69,1,No
CUST-13942,Female,0,42,Month-to-month,Fiber optic,No,No,No,Credit card,118.77,4529.55,2,Yes
CUST-13943,Female,0,13,Two year,DSL,No,No,No,Electronic check,53.78,707.48,2,No
CUST-13944,Male,0,17,One year,No,Yes,Yes,No,Electronic check,18.0,294.0,1,Yes
CUST-13945,Female,0,4,Two year,Fiber optic,No,No,No,Electronic check,72.95,281.25,0,No
CUST-13946,Male,0,35,Month-to-month,DSL,Yes,Yes,Yes,Credit card,45.39,1603.81,2,No
CUST-13947,Male,0,24,Month-to-month,DSL,No,No,Yes,Credit card,68.15,1550.45,2,Yes
CUST-13948,Female,0,63,Month-to-month,DSL,No,Yes,Yes,Mailed check,46.15,2969.97,1,No
CUST-13949,Male,0,8,Month-to-month,Fiber optic,No,Yes,Yes,Credit card,99.73,729.37,2,No
CUST-13950,Male,0,72,Month-to-month,DSL,Yes,Yes,No,Electronic check,47.03,3412.36,3,No
CUST-13951,Male,0,39,Month-to-month,Fiber optic,No,No,Yes,Mailed check,59.77,2413.77,3,No
CUST-13952,Female,0,38,Month-to-month,DSL,No,No,Yes,Electronic check,29.97,1053.14,2,No
CUST-13953,Male,0,14,One year,DSL,No,No,No,Credit card,76.44,1052.25,2,No
CUST-13954,Female,0,19,Month-to-month,DSL,No,Yes,No,Electronic check,72.68,1375.61,3,Yes
CUST-13955,Female,0,16,Month-to-month,Fiber optic,No,No,Yes,Credit card,79.48,1169.88,1,Yes
CUST-13956,Female,0,55,Month-to-month,Fiber optic,No,No,No,Credit card,106.32,5739.33,0,Yes
CUST-13957,Female,0,4,Month-to-month,Fiber optic,No,No,Yes,Credit card,90.14,338.16,1,Yes
CUST-13958,Male,0,21,One year,Fiber optic,No,No,Yes,Mailed check,85.69,1822.84,2,No
CUST-13959,Male,0,22,Two year,Fiber optic,Yes,No,No,Mailed check,69.39,1503.96,2,No
CUST-13960,Female,0,16,Two year,Fiber optic,No,No,No,Electronic check,87.73,1349.7,4,No
CUST-13961,Female,0,10,Month-to-month,DSL,No,Yes,No,Electronic check,36.25,366.67,2,No
CUST-13962,Female,0,1,Month-to-month,Fiber optic,Yes,Yes,Yes,Bank transfer,88.58,89.45,3,Yes
CUST-13963,Male,0,21,Two year,DSL,No,No,Yes,Electronic check,34.31,671.22,4,No
CUST-13964,Male,0,35,Two year,Fiber optic,Yes,Yes,No,Mailed check,98.47,3115.11,2,No
CUST-13965,Female,1,24,Month-to-month,Fiber optic,No,Yes,Yes,Electronic check,86.93,1955.47,2,Yes
CUST-13966,Female,0,10,Month-to-month,Fiber optic,No,No,No,Bank transfer,92.68,956.81,3,No
CUST-13967,Male,0,23,One year,Fiber optic,No,No,Yes,Electronic check,77.32,1706.39,3,Yes
CUST-13968,Female,1,64,Two year,Fiber optic,Yes,Yes,No,Electronic check,101.99,6071.79,2,No
CUST-13969,Female,1,13,Month-to-month,DSL,No,No,Yes,Electronic check,60.41,750.19,0,Yes
CUST-13970,Male,0,27,Month-to-month,No,Yes,Yes,No,Electronic check,21.05,544.18,0,No
CUST-13971,Female,0,30,Two year,DSL,Yes,Yes,No,Bank transfer,46.5,1350.41,3,No
CUST-13972,Male,1,6,One year,DSL,No,Yes,No,Electronic check,48.41,281.02,2,No
CUST-13973,Male,0,18,Month-to-month,DSL,No,No,No,Bank transfer,22.24,378.11,2,No
CUST-13974,Male,0,18,Month-to-month,No,No,Yes,Yes,Bank transfer,25.32,430.58,0,No
CUST-13975,Female,0,24,One year,No,No,No,Yes,Electronic check,38.52,942.84,1,No
CUST-13976,Female,0,54,One year,DSL,Yes,Yes,Yes,Mailed check,47.57,2567.34,0,No
CUST-13977,Female,0,8,One year,DSL,Yes,Yes,Yes,Electronic check,53.43,428.27,0,No
CUST-13978,Female,0,56,Month-to-month,Fiber optic,No,Yes,Yes,Electronic check,75.49,3925.5,3,No
CUST-13979,Male,0,37,Month-to-month,DSL,No,No,Yes,Credit card,65.62,2546.28,6,No
CUST-13980,Male,0,72,One year,DSL,Yes,No,Yes,Mailed check,40.63,2670.72,2,No
CUST-13981,Male,0,2,Month-to-month,Fiber optic,No,Yes,No,Credit card,99.41,199.29,0,No
CUST-13982,Female,1,72,Month-to-month,Fiber optic,No,No,No,Credit card,85.81,6249.24,2,Yes
CUST-13983,Female,0,6,Month-to-month,Fiber optic,No,Yes,No,Electronic check,100.16,564.94,3,No
CUST-13984,Female,1,11,Month-to-month,Fiber optic,Yes,Yes,No,Credit card,104.26,1045.46,0,Yes
CUST-13985,Male,1,11,One year,Fiber optic,Yes,Yes,No,Electronic check,85.45,949.91,0,No
CUST-13986,Male,0,36,Month-to-month,Fiber optic,No,Yes,Yes,Mailed check,79.61,2822.41,3,No
CUST-13987,Male,0,19,One year,DSL,Yes,No,Yes,Bank transfer,51.49,1022.12,5,No
CUST-13988,Male,0,12,One year,DSL,No,No,Yes,Mailed check,73.94,895.43,2,No
CUST-13989,Male,1,72,Month-to-month,No,No,No,Yes,Credit card,28.08,2101.74,2,No
CUST-13990,Female,0,2,Two year,DSL,Yes,No,Yes,Credit card,83.73,166.64,1,No
CUST-13991,Female,0,47,Month-to-month,Fiber optic,Yes,No,Yes,Mailed check,81.2,3719.7,1,No
CUST-13992,Male,1,22,Two year,DSL,Yes,Yes,No,Credit card,61.5,1409.53,3,No
CUST-13993,Male,0,12,Month-to-month,DSL,Yes,Yes,No,Credit card,66.88,820.87,5,Yes
CUST-13994,Female,1,14,Two year,Fiber optic,No,Yes,No,Bank transfer,75.61,958.3,4,No
CUST-13995,Male,0,18,Month-to-month,DSL,No,Yes,Yes,Bank transfer,42.1,748.35,1,No
CUST-13996,Male,0,11,One year,Fiber optic,Yes,Yes,Yes,Bank transfer,79.54,807.06,1,Yes
CUST-13997,Female,0,42,Month-to-month,Fiber optic,Yes,Yes,Yes,Bank transfer,102.16,4471.62,2,No
CUST-13998,Female,0,16,Month-to-month,Fiber optic,Yes,No,Yes,Electronic check,86.97,1393.37,0,No
CUST-13999,Female,0,38,Month-to-month,Fiber optic,No,Yes,Yes,Electronic check,68.01,2500.88,5,No
CUST-14000,Male,1,14,Month-to-month,DSL,Yes,No,Yes,Mailed check,73.48,1074.0,5,Yes
CUST-14001,Female,0,27,Month-to-month,No,Yes,No,Yes,Credit card,34.94,896.66,3,No
CUST-14002,Male,0,27,Month-to-month,No,No,Yes,Yes,Electronic check,32.16,839.27,2,Yes
CUST-14003,Male,1,23,One year,DSL,No,Yes,Yes,Electronic check,53.03,1170.82,4,No
CUST-14004,Female,0,58,Month-to-month,Fiber optic,Yes,No,Yes,Mailed check,97.83,5218.84,1,Yes
CUST-14005,Female,0,62,Month-to-month,Fiber optic,Yes,No,Yes,Electronic check,106.5,6091.34,1,No
CUST-14006,Male,1,40,Two year,Fiber optic,No,No,Yes,Credit card,58.97,2332.02,3,Yes
CUST-14007,Female,0,50,One year,DSL,No,No,Yes,Mailed check,38.07,1733.21,1,No
CUST-14008,Male,0,39,Month-to-month,DSL,Yes,Yes,Yes,Bank transfer,51.79,2099.77,5,No
CUST-14009,Male,0,15,Month-to-month,DSL,No,No,No,Credit card,60.48,861.06,3,Yes
CUST-14010,Male,0,21,Month-to-month,DSL,No,No,Yes,Credit card,38.17,760.05,2,Yes
CUST-14011,Female,0,2,One year,Fiber optic,No,No,Yes,Credit card,65.27,120.23,2,No
CUST-14012,Female,0,9,Two year,No,No,Yes,No,Credit card,28.01,240.19,4,No
CUST-14013,Male,0,6,One year,Fiber optic,No,No,No,Mailed check,74.11,446.29,1,No
CUST-14014,Male,0,12,Two year,Fiber optic,Yes,No,No,Bank transfer,60.67,759.81,1,No
CUST-14015,Male,0,28,One year,DSL,Yes,No,Yes,Bank transfer,33.34,867.24,0,No
CUST-14016,Male,0,15,Two year,Fiber optic,Yes,No,No,Mailed check,87.15,1211.32,3,No
CUST-14017,Male,0,43,One year,Fiber optic,No,No,Yes,Mailed check,85.69,3392.89,0,No
CUST-14018,Male,0,10,One year,No,Yes,No,No,Credit card,23.1,227.74,2,No
CUST-14019,Female,0,36,One year,Fiber optic,Yes,No,No,Electronic check,77.72,2567.34,2,No
CUST-14020,Male,1,9,One year,Fiber optic,Yes,No,Yes,Credit card,85.8,705.16,2,No
CUST-14021,Male,0,55,Month-to-month,DSL,Yes,Yes,Yes,Bank transfer,76.45,4253.32,1,No
CUST-14022,Female,0,10,Month-to-month,No,No,No,Yes,Electronic check,21.08,214.76,2,No
CUST-14023,Male,0,33,Month-to-month,DSL,No,Yes,No,Mailed check,65.7,2053.44,1,No
CUST-14024,Male,0,12,Month-to-month,DSL,Yes,No,No,Mailed check,58.8,696.53,1,No
CUST-14025,Male,1,68,Two year,Fiber optic,Yes,Yes,No,Mailed check,96.55,6639.66,0,No
CUST-14026,Male,0,66,One year,DSL,No,No,No,Electronic check,70.97,4249.75,2,No
CUST-14027,Male,0,32,Month-to-month,DSL,No,No,Yes,Electronic check,45.02,1433.83,2,Yes
CUST-14028,Female,0,31,Month-to-month,No,No,Yes,Yes,Mailed check,18.0,526.15,7,No
CUST-14029,Male,0,41,Month-to-month,DSL,Yes,Yes,No,Electronic check,55.33,2180.74,3,No
CUST-14030,Female,0,36,Two year,DSL,No,Yes,Yes,Electronic check,36.92,1267.12,0,No
CUST-14031,Female,1,45,Two year,DSL,Yes,No,Yes,Credit card,69.79,3164.94,1,No
CUST-14032,Male,0,10,Month-to-month,DSL,No,No,Yes,Bank transfer,64.95,630.2,2,Yes
CUST-14033,Male,0,23,Month-to-month,No,No,No,Yes,Credit card,18.0,419.8,4,No
CUST-14034,Male,0,13,Two year,Fiber optic,No,Yes,No,Bank transfer,76.46,941.59,0,No
CUST-14035,Male,0,65,One year,No,No,No,Yes,Mailed check,18.0,1147.99,1,No
CUST-14036,Female,0,7,Two year,No,No,Yes,Yes,Credit card,34.1,247.28,0,No
CUST-14037,Female,0,72,Month-to-month,Fiber optic,No,Yes,Yes,Bank transfer,96.43,6704.94,4,No
CUST-14038,Male,0,24,Month-to-month,Fiber optic,No,No,No,Mailed check,84.57,2002.27,4,No
CUST-14039,Male,0,46,One year,Fiber optic,No,Yes,Yes,Electronic check,61.72,2840.56,0,No
CUST-14040,Male,1,15,Month-to-month,Fiber optic,Yes,No,Yes,Electronic check,88.07,1369.74,2,No
CUST-14041,Female,0,6,Two year,Fiber optic,No,No,Yes,Electronic check,64.16,383.19,3,No
CUST-14042,Female,1,64,One year,Fiber optic,No,No,Yes,Electronic check,93.36,5926.55,1,No
CUST-14043,Male,0,34,Month-to-month,Fiber optic,No,Yes,No,Credit card,68.76,2396.28,2,No
CUST-14044,Male,0,8,Month-to-month,Fiber optic,Yes,Yes,Yes,Credit card,90.06,755.59,7,Yes
CUST-14045,Male,1,21,One year,DSL,No,No,No,Electronic check,93.32,2027.94,0,No
CUST-14046,Male,0,20,Two year,Fiber optic,No,Yes,No,Electronic check,49.51,909.81,1,No
CUST-14047,Male,0,33,Month-to-month,Fiber optic,Yes,No,Yes,Mailed check,99.94,3302.94,0,Yes
CUST-14048,Male,0,10,One year,Fiber optic,No,No,No,Electronic check,100.76,956.54,5,No
CUST-14049,Male,0,7,Month-to-month,Fiber optic,Yes,Yes,Yes,Bank transfer,77.17,519.78,5,Yes
CUST-14050,Male,1,26,Two year,Fiber optic,No,Yes,Yes,Electronic check,89.12,2309.62,2,No
CUST-14051,Male,0,10,One year,Fiber optic,No,Yes,No,Mailed check,91.57,844.09,2,Yes
CUST-14052,Female,0,65,Month-to-month,DSL,No,Yes,Yes,Credit card,51.85,3383.66,2,No
CUST-14053,Female,0,43,One year,Fiber optic,No,No,No,Mailed check,110.88,4501.12,4,No
CUST-14054,Male,0,42,One year,DSL,No,No,Yes,Credit card,70.23,3017.3,3,No
CUST-14055,Male,0,2,One year,DSL,No,No,Yes,Mailed check,73.74,140.96,1,No
CUST-14056,Female,1,15,Month-to-month,DSL,Yes,Yes,Yes,Mailed check,58.19,792.13,3,Yes
CUST-14057,Female,0,18,One year,Fiber optic,No,Yes,Yes,Mailed check,78.55,1399.52,2,No
CUST-14058,Male,1,9,Two year,Fiber optic,No,No,Yes,Bank transfer,69.02,628.89,2,No
CUST-14059,Female,0,36,Month-to-month,DSL,No,No,Yes,Credit card,79.56,2842.81,4,No
CUST-14060,Male,0,33,Month-to-month,No,No,No,No,Electronic check,27.97,938.4,2,Yes
CUST-14061,Male,0,40,Two year,Fiber optic,No,Yes,No,Mailed check,57.08,2330.1,4,No
CUST-14062,Female,0,49,One year,Fiber optic,No,No,No,Bank transfer,74.75,3319.47,0,Yes
CUST-14063,Female,1,47,Month-to-month,Fiber optic,No,Yes,No,Mailed check,96.36,4077.48,2,No
CUST-14064,Female,0,72,Two year,Fiber optic,No,No,No,Bank transfer,61.54,4137.05,1,No
CUST-14065,Male,0,23,Month-to-month,Fiber optic,No,No,No,Electronic check,73.71,1582.85,1,No
CUST-14066,Female,0,20,Two year,DSL,No,No,Yes,Electronic check,44.86,883.21,1,No
CUST-14067,Male,0,36,Month-to-month,DSL,No,No,No,Mailed check,46.0,1547.21,2,Yes
CUST-14068,Female,0,55,Month-to-month,Fiber optic,No,No,Yes,Mailed check,101.24,5316.13,4,Yes
CUST-14069,Male,1,4,Two year,No,No,Yes,No,Bank transfer,18.0,69.7,3,Yes
CUST-14070,Male,0,11,One year,Fiber optic,No,No,No,Credit card,71.37,777.34,2,Yes
CUST-14071,Female,0,14,Month-to-month,Fiber optic,No,No,No,Electronic check,89.0,1307.63,0,Yes
CUST-14072,Female,0,25,Two year,DSL,Yes,Yes,Yes,Mailed check,49.96,1253.18,3,No
CUST-14073,Female,0,15,Two year,Fiber optic,No,No,Yes,Mailed check,91.89,1295.51,1,No
CUST-14074,Male,0,50,Two year,No,No,No,Yes,Credit card,24.21,1153.23,2,No
CUST-14075,Male,0,27,Month-to-month,Fiber optic,Yes,Yes,No,Bank transfer,75.45,1846.69,3,No
CUST-14076,Female,0,21,Month-to-month,Fiber optic,No,Yes,No,Credit card,111.96,2263.93,2,Yes
CUST-14077,Female,0,33,One year,DSL,No,Yes,Yes,Mailed check,65.01,2120.45,0,Yes
CUST-14078,Male,1,3,Two year,DSL,No,Yes,No,Bank transfer,51.78,161.94,2,No
CUST-14079,Female,1,32,Month-to-month,DSL,Yes,No,Yes,Credit card,61.11,1838.61,1,No
CUST-14080,Female,0,10,Month-to-month,Fiber optic,No,No,No,Electronic check,83.33,780.39,5,Yes
CUST-14081,Male,0,44,Month-to-month,Fiber optic,Yes,Yes,No,Credit card,83.73,3325.29,6,No
CUST-14082,Female,0,4,Month-to-month,DSL,No,No,No,Mailed check,41.64,164.24,1,No
CUST-14083,Female,0,34,One year,No,No,Yes,No,Credit card,24.6,877.7,5,No
CUST-14084,Female,0,11,Month-to-month,No,Yes,No,No,Electronic check,23.0,241.81,5,Yes
CUST-14085,Female,0,56,One year,Fiber optic,Yes,No,Yes,Electronic check,95.84,5231.11,1,Yes
CUST-14086,Male,0,5,One year,No,Yes,Yes,Yes,Electronic check,20.44,92.87,2,Yes
CUST-14087,Female,1,24,Month-to-month,No,Yes,Yes,Yes,Electronic check,46.82,1107.53,1,Yes
CUST-14088,Female,1,39,Two year,DSL,Yes,No,Yes,Electronic check,45.21,1642.33,4,Yes
CUST-14089,Female,0,30,Month-to-month,No,No,Yes,Yes,Electronic check,33.74,913.42,1,Yes
CUST-14090,Female,0,30,Month-to-month,Fiber optic,Yes,No,Yes,Electronic check,99.37,2988.69,1,Yes
CUST-14091,Male,0,7,Month-to-month,DSL,No,Yes,Yes,Electronic check,63.07,407.11,2,No
CUST-14092,Male,0,6,Month-to-month,DSL,No,Yes,No,Mailed check,43.73,240.13,0,No
CUST-14093,Male,0,29,Month-to-month,Fiber optic,Yes,No,Yes,Bank transfer,83.88,2272.62,3,Yes
CUST-14094,Female,1,26,Two year,No,Yes,Yes,Yes,Electronic check,18.0,430.86,4,No
CUST-14095,Female,0,9,Month-to-month,Fiber optic,Yes,No,No,Bank transfer,53.36,477.04,1,No
CUST-14096,Female,0,8,Month-to-month,Fiber optic,Yes,No,No,Bank transfer,66.14,497.4,1,No
CUST-14097,Male,0,21,Two year,DSL,Yes,No,Yes,Electronic check,60.65,1274.5,2,No
CUST-14098,Female,0,17,Two year,No,No,No,No,Electronic check,18.0,300.46,1,Yes
CUST-14099,Male,0,72,Month-to-month,DSL,No,No,Yes,Bank transfer,33.67,2310.38,2,No
CUST-14100,Male,0,59,Month-to-month,Fiber optic,No,No,No,Credit card,75.0,4110.74,3,No
CUST-14101,Female,0,42,Month-to-month,Fiber optic,Yes,Yes,No,Electronic check,92.93,3906.61,1,No
CUST-14102,Male,0,64,Month-to-month,DSL,No,No,Yes,Mailed check,60.51,3789.79,2,No
CUST-14103,Male,0,13,Month-to-month,No,Yes,No,No,Electronic check,20.25,265.34,2,No
CUST-14104,Male,0,15,One year,No,Yes,Yes,No,Credit card,23.11,338.32,0,No
CUST-14105,Male,0,53,Month-to-month,Fiber optic,Yes,No,No,Bank transfer,68.27,3691.89,3,No
CUST-14106,Male,1,24,Month-to-month,Fiber optic,No,No,Yes,Mailed check,106.31,2506.67,2,No
CUST-14107,Female,0,25,One year,No,No,No,Yes,Bank transfer,33.15,846.87,2,No
CUST-14108,Female,0,8,Month-to-month,DSL,Yes,No,No,Credit card,62.29,489.56,1,Yes
CUST-14109,Male,0,51,Month-to-month,DSL,Yes,No,Yes,Bank transfer,62.58,3332.86,0,No
CUST-14110,Male,0,36,Two year,Fiber optic,No,Yes,No,Mailed check,80.1,2964.28,1,No
CUST-14111,Male,0,19,Month-to-month,Fiber optic,No,Yes,Yes,Mailed check,94.29,1680.58,4,Yes
CUST-14112,Male,0,15,Month-to-month,Fiber optic,Yes,No,Yes,Electronic check,71.86,1087.91,2,No
CUST-14113,Female,0,57,Month-to-month,Fiber optic,Yes,No,Yes,Credit card,98.08,5142.06,1,No
CUST-14114,Male,1,13,One year,Fiber optic,Yes,No,No,Bank transfer,102.92,1387.07,1,No
CUST-14115,Male,0,5,One year,DSL,Yes,No,Yes,Mailed check,52.13,248.11,6,Yes
CUST-14116,Male,0,59,Month-to-month,DSL,Yes,Yes,Yes,Credit card,72.62,4162.79,1,No
CUST-14117,Male,1,60,Month-to-month,DSL,No,Yes,No,Bank transfer,57.07,3092.61,1,No
CUST-14118,Male,0,13,Month-to-month,Fiber optic,Yes,Yes,No,Electronic check,69.98,937.16,3,Yes
CUST-14119,Male,0,72,Month-to-month,Fiber optic,No,Yes,Yes,Bank transfer,74.97,5625.46,1,No
CUST-14120,Female,0,22,Two year,No,No,No,Yes,Credit card,18.0,384.35,1,No
CUST-14121,Female,0,13,Two year,Fiber optic,No,No,No,Credit card,82.59,996.56,3,No
CUST-14122,Female,0,35,Month-to-month,Fiber optic,No,Yes,Yes,Mailed check,61.37,2156.72,4,Yes
CUST-14123,Male,0,7,Month-to-month,DSL,Yes,No,No,Credit card,56.65,374.55,2,Yes
CUST-14124,Female,0,10,One year,Fiber optic,Yes,No,Yes,Mailed check,111.2,1160.89,1,No
CUST-14125,Female,1,29,Month-to-month,No,No,Yes,No,Mailed check,35.14,964.79,2,No
CUST-14126,Male,0,26,Month-to-month,DSL,No,Yes,Yes,Bank transfer,60.57,1553.38,2,No
CUST-14127,Male,0,46,Two year,Fiber optic,No,Yes,Yes,Electronic check,71.3,2976.17,1,No
CUST-14128,Female,0,8,Month-to-month,DSL,No,No,Yes,Electronic check,44.26,371.25,3,Yes
CUST-14129,Male,0,72,Month-to-month,DSL,Yes,No,Yes,Bank transfer,63.88,4537.01,4,No
CUST-14130,Male,0,17,Month-to-month,Fiber optic,No,No,No,Electronic check,97.63,1736.57,5,Yes
CUST-14131,Female,0,25,One year,Fiber optic,No,No,Yes,Mailed check,106.96,2527.25,0,No
CUST-14132,Female,1,16,One year,Fiber optic,Yes,No,Yes,Credit card,99.98,1566.21,1,Yes
CUST-14133,Female,0,7,Month-to-month,No,No,Yes,No,Credit card,24.95,157.67,4,No
CUST-14134,Female,0,23,One year,No,No,Yes,Yes,Electronic check,27.03,631.45,1,No
CUST-14135,Female,0,39,Month-to-month,Fiber optic,No,No,No,Credit card,74.56,2689.59,5,No
CUST-14136,Female,0,20,Two year,DSL,Yes,No,No,Mailed check,55.58,1071.3,0,No
CUST-14137,Male,0,11,Month-to-month,Fiber optic,No,No,No,Electronic check,74.83,823.5,2,Yes
CUST-14138,Female,0,47,Month-to-month,Fiber optic,No,Yes,No,Bank transfer,76.57,3283.26,4,No
CUST-14139,Female,0,48,One year,Fiber optic,No,Yes,Yes,Electronic check,94.61,4620.82,1,No
CUST-14140,Female,0,19,Month-to-month,Fiber optic,No,No,No,Bank transfer,87.04,1688.21,1,Yes
CUST-14141,Female,0,31,One year,Fiber optic,No,No,Yes,Bank transfer,103.3,3137.17,3,No
CUST-14142,Male,0,46,Month-to-month,DSL,No,No,Yes,Bank transfer,61.48,2801.68,2,No
CUST-14143,Male,0,38,Month-to-month,DSL,Yes,Yes,Yes,Credit card,51.78,1798.68,1,No
CUST-14144,Male,0,30,Month-to-month,Fiber optic,No,Yes,Yes,Credit card,87.83,2548.71,3,Yes
CUST-14145,Male,0,37,Month-to-month,No,Yes,No,No,Mailed check,25.51,968.51,2,Yes
CUST-14146,Male,0,32,Month-to-month,Fiber optic,No,No,No,Mailed check,50.32,1470.86,2,Yes
CUST-14147,Female,0,24,Month-to-month,No,Yes,Yes,Yes,Mailed check,26.01,654.34,4,No
CUST-14148,Female,1,8,Month-to-month,Fiber optic,No,No,Yes,Bank transfer,100.27,780.45,4,Yes
CUST-14149,Male,0,10,Two year,DSL,No,No,No,Mailed check,65.55,591.24,2,No
CUST-14150,Male,0,33,One year,Fiber optic,No,No,Yes,Electronic check,79.13,2483.31,2,No
CUST-14151,Female,1,16,Month-to-month,No,No,Yes,No,Mailed check,18.0,280.83,2,No
CUST-14152,Female,0,33,Month-to-month,Fiber optic,Yes,No,Yes,Bank transfer,102.5,3530.95,2,No
CUST-14153,Female,0,7,Month-to-month,Fiber optic,No,Yes,Yes,Credit card,92.39,650.46,5,Yes
CUST-14154,Male,0,12,Month-to-month,Fiber optic,No,Yes,Yes,Electronic check,89.37,1058.64,3,Yes
CUST-14155,Male,0,20,Month-to-month,DSL,No,Yes,Yes,Bank transfer,71.62,1496.9,1,Yes
CUST-14156,Female,0,2,Month-to-month,DSL,Yes,Yes,No,Credit card,59.22,111.84,1,No
CUST-14157,Male,1,11,Two year,DSL,No,No,Yes,Mailed check,47.42,499.16,3,No
CUST-14158,Male,0,14,One year,Fiber optic,No,Yes,Yes,Electronic check,88.79,1262.0,0,No
CUST-14159,Male,0,27,Month-to-month,No,Yes,Yes,Yes,Credit card,24.56,656.07,3,Yes
CUST-14160,Male,0,19,Month-to-month,DSL,No,Yes,No,Electronic check,50.1,888.0,5,No
CUST-14161,Male,1,28,Month-to-month,DSL,No,Yes,Yes,Bank transfer,26.83,760.89,3,No
CUST-14162,Female,0,24,Month-to-month,Fiber optic,Yes,Yes,Yes,Mailed check,84.28,1901.5,4,Yes
CUST-14163,Male,1,18,Month-to-month,No,Yes,Yes,No,Credit card,32.9,582.69,2,No
CUST-14164,Female,0,14,Month-to-month,Fiber optic,Yes,Yes,No,Bank transfer,76.97,1108.19,2,No
CUST-14165,Female,0,25,Month-to-month,Fiber optic,No,No,No,Credit card,69.98,1646.7,3,Yes
CUST-14166,Male,0,55,Month-to-month,Fiber optic,No,No,Yes,Bank transfer,82.91,4624.78,0,No
CUST-14167,Male,0,14,One year,Fiber optic,No,Yes,Yes,Electronic check,63.63,916.88,1,No
CUST-14168,Female,0,72,Month-to-month,No,No,No,No,Electronic check,30.02,2048.42,4,No
CUST-14169,Female,1,25,Two year,DSL,No,Yes,Yes,Electronic check,61.07,1419.06,3,No
CUST-14170,Male,0,44,Month-to-month,No,Yes,Yes,No,Bank transfer,23.72,1075.04,0,No
CUST-14171,Male,0,31,Month-to-month,Fiber optic,No,Yes,No,Bank transfer,87.24,2623.33,1,Yes
CUST-14172,Female,0,35,Month-to-month,Fiber optic,No,Yes,Yes,Electronic check,83.85,2778.34,3,Yes
CUST-14173,Male,0,11,Month-to-month,DSL,Yes,Yes,No,Credit card,70.95,703.62,2,No
CUST-14174,Male,0,16,Month-to-month,No,Yes,Yes,No,Mailed check,25.3,376.1,0,No
CUST-14175,Male,0,4,Month-to-month,Fiber optic,No,No,No,Electronic check,84.7,330.96,4,Yes
CUST-14176,Male,0,20,Month-to-month,Fiber optic,Yes,Yes,Yes,Bank transfer,90.15,1846.85,0,No
CUST-14177,Female,1,37,Month-to-month,Fiber optic,No,Yes,Yes,Bank transfer,88.27,3185.45,2,Yes
CUST-14178,Male,0,20,Month-to-month,DSL,Yes,No,Yes,Electronic check,47.39,892.4,4,No
CUST-14179,Male,0,46,One year,DSL,No,No,No,Credit card,60.4,2887.82,1,No
CUST-14180,Female,0,17,One year,DSL,Yes,No,Yes,Electronic check,79.89,1297.49,1,No
CUST-14181,Male,1,13,One year,DSL,No,No,No,Electronic check,50.74,609.82,2,Yes
CUST-14182,Male,0,15,Two year,Fiber optic,Yes,No,No,Bank transfer,84.39,1318.7,2,No
CUST-14183,Female,0,39,Month-to-month,Fiber optic,Yes,No,No,Mailed check,84.97,3179.4,1,Yes
CUST-14184,Male,0,68,Two year,Fiber optic,No,Yes,Yes,Mailed check,66.05,4367.21,2,No
CUST-14185,Female,0,72,Month-to-month,Fiber optic,No,No,No,Electronic check,74.3,5480.66,2,No
CUST-14186,Male,1,37,Month-to-month,DSL,No,No,Yes,Electronic check,53.2,1856.5,3,No
CUST-14187,Male,1,44,One year,Fiber optic,Yes,Yes,No,Mailed check,93.0,4007.41,3,No
CUST-14188,Male,0,5,Month-to-month,Fiber optic,Yes,Yes,Yes,Credit card,94.74,487.87,2,No
CUST-14189,Female,0,7,Month-to-month,Fiber optic,No,Yes,Yes,Bank transfer,89.89,590.51,6,Yes
CUST-14190,Male,0,11,Month-to-month,DSL,No,No,No,Electronic check,69.57,791.41,4,Yes
CUST-14191,Male,0,58,Month-to-month,No,No,No,Yes,Credit card,29.82,1606.27,2,No
CUST-14192,Female,1,57,Month-to-month,Fiber optic,Yes,No,No,Credit card,92.33,5411.23,4,Yes
CUST-14193,Male,0,72,One year,No,No,Yes,Yes,Electronic check,32.95,2275.33,0,No
CUST-14194,Female,0,11,Month-to-month,Fiber optic,No,No,Yes,Electronic check,86.87,938.62,3,No
CUST-14195,Male,0,22,Month-to-month,Fiber optic,Yes,No,Yes,Electronic check,79.57,1720.17,3,Yes
CUST-14196,Female,0,4,Month-to-month,No,Yes,No,Yes,Bank transfer,28.62,106.56,3,No
CUST-14197,Male,0,6,Two year,No,Yes,No,No,Electronic check,28.52,158.46,1,No
CUST-14198,Female,0,18,Two year,No,No,No,Yes,Credit card,29.14,527.96,3,No
CUST-14199,Male,0,11,One year,No,No,No,No,Mailed check,26.66,300.24,3,No
CUST-14200,Female,0,11,Month-to-month,No,Yes,No,No,Bank transfer,18.0,182.27,2,No
CUST-14201,Female,0,14,Month-to-month,Fiber optic,No,No,No,Electronic check,84.78,1202.0,2,Yes
CUST-14202,Male,1,62,Month-to-month,DSL,No,No,No,Mailed check,51.25,3015.71,4,No
CUST-14203,Male,0,50,One year,Fiber optic,No,No,Yes,Bank transfer,92.55,4577.16,0,No
CUST-14204,Male,0,10,Month-to-month,Fiber optic,No,No,Yes,Credit card,85.91,842.08,2,Yes
CUST-14205,Female,0,49,One year,Fiber optic,Yes,No,No,Electronic check,79.52,3941.11,3,No
CUST-14206,Female,0,12,Month-to-month,Fiber optic,No,No,No,Bank transfer,97.99,1153.89,2,Yes
CUST-14207,Female,0,5,Two year,Fiber optic,No,No,No,Bank transfer,94.68,432.67,2,No
CUST-14208,Male,0,14,Month-to-month,No,No,Yes,Yes,Bank transfer,46.88,618.12,4,No
CUST-14209,Female,0,29,Month-to-month,Fiber optic,No,No,No,Bank transfer,85.74,2386.15,2,No
CUST-14210,Male,0,11,Month-to-month,DSL,No,No,Yes,Electronic check,40.28,436.81,2,No
CUST-14211,Female,1,36,One year,Fiber optic,Yes,Yes,Yes,Electronic check,87.09,2901.52,2,Yes
CUST-14212,Male,0,15,Two year,Fiber optic,No,Yes,Yes,Bank transfer,37.72,537.89,2,No
CUST-14213,Female,0,31,Month-to-month,DSL,No,No,Yes,Bank transfer,31.57,890.02,3,No
CUST-14214,Female,0,9,Two year,Fiber optic,Yes,No,Yes,Bank transfer,95.68,816.67,1,No
CUST-14215,Female,0,23,Month-to-month,No,Yes,No,Yes,Electronic check,25.95,582.99,1,No
CUST-14216,Male,0,11,Month-to-month,DSL,Yes,Yes,No,Electronic check,49.68,568.61,2,Yes
CUST-14217,Male,1,19,Month-to-month,Fiber optic,No,No,No,Bank transfer,114.35,2013.23,2,Yes
CUST-14218,Female,0,72,Month-to-month,Fiber optic,No,No,Yes,Bank transfer,102.34,6662.12,2,No
CUST-14219,Male,0,16,Two year,Fiber optic,Yes,No,No,Bank transfer,77.03,1179.03,2,No
CUST-14220,Male,0,7,Month-to-month,Fiber optic,No,No,No,Electronic check,81.08,562.56,2,Yes
CUST-14221,Female,0,25,Month-to-month,Fiber optic,No,No,No,Bank transfer,55.28,1369.87,2,Yes
CUST-14222,Female,0,25,Month-to-month,Fiber optic,No,Yes,No,Credit card,92.1,2191.62,4,No
CUST-14223,Female,0,25,One year,No,No,Yes,No,Mailed check,30.21,683.98,0,No
CUST-14224,Female,0,35,Two year,DSL,No,Yes,Yes,Electronic check,61.33,2227.87,1,Yes
CUST-14225,Male,0,16,Two year,Fiber optic,Yes,Yes,Yes,Electronic check,100.39,1566.5,1,No
CUST-14226,Male,0,37,Month-to-month,Fiber optic,Yes,No,Yes,Electronic check,83.95,3157.19,5,Yes
CUST-14227,Female,0,23,Month-to-month,DSL,No,No,Yes,Bank transfer,48.32,1066.46,1,Yes
CUST-14228,Male,0,7,Month-to-month,No,Yes,Yes,Yes,Electronic check,24.72,177.31,1,No
CUST-14229,Male,0,41,Two year,Fiber optic,Yes,No,Yes,Electronic check,85.03,3548.05,1,No
CUST-14230,Male,0,26,Month-to-month,DSL,Yes,Yes,Yes,Credit card,43.3,1029.35,3,No
CUST-14231,Female,0,36,Two year,DSL,No,Yes,Yes,Credit card,42.38,1384.86,0,No
CUST-14232,Female,1,8,Two year,DSL,No,Yes,Yes,Credit card,61.26,452.03,3,No
CUST-14233,Male,0,43,One year,Fiber optic,No,Yes,No,Bank transfer,81.96,3606.68,1,Yes
CUST-14234,Male,0,72,One year,Fiber optic,No,No,Yes,Mailed check,65.07,4406.13,1,No
CUST-14235,Male,1,7,Month-to-month,Fiber optic,No,No,Yes,Electronic check,105.1,705.81,3,Yes
CUST-14236,Female,0,47,Month-to-month,Fiber optic,No,Yes,Yes,Mailed check,111.39,5165.85,2,No
CUST-14237,Male,0,26,Month-to-month,Fiber optic,No,Yes,No,Electronic check,100.27,2601.32,3,Yes
CUST-14238,Female,0,23,Month-to-month,No,Yes,No,Yes,Credit card,22.67,502.6,1,No
CUST-14239,Male,0,43,One year,No,No,No,Yes,Credit card,18.99,789.75,1,No
CUST-14240,Male,0,40,Month-to-month,DSL,No,No,Yes,Mailed check,59.38,2254.62,3,No
CUST-14241,Male,0,55,Two year,Fiber optic,No,No,No,Electronic check,69.11,3474.43,0,No
CUST-14242,Female,0,8,Two year,No,Yes,No,Yes,Bank transfer,29.45,217.25,3,No
CUST-14243,Male,0,57,Month-to-month,Fiber optic,No,No,No,Bank transfer,89.47,5270.43,0,No
CUST-14244,Male,0,30,Month-to-month,DSL,No,No,Yes,Bank transfer,70.18,2202.85,5,Yes
CUST-14245,Male,0,4,Month-to-month,DSL,Yes,No,Yes,Credit card,45.76,187.39,1,No
CUST-14246,Male,0,16,Month-to-month,No,No,Yes,No,Electronic check,34.61,523.78,4,No
CUST-14247,Male,0,27,One year,Fiber optic,Yes,No,Yes,Electronic check,83.58,2091.47,0,No
CUST-14248,Female,0,16,One year,Fiber optic,Yes,Yes,No,Electronic check,97.62,1525.02,0,No
CUST-14249,Male,0,21,One year,No,Yes,No,No,Electronic check,28.29,543.12,0,No
CUST-14250,Male,0,14,Month-to-month,DSL,Yes,No,No,Mailed check,49.27,715.46,3,Yes
CUST-14251,Male,0,72,Two year,No,Yes,Yes,No,Credit card,22.23,1625.13,1,No
CUST-14252,Female,0,38,One year,Fiber optic,No,No,Yes,Electronic check,108.73,4321.85,2,Yes
CUST-14253,Male,1,24,Two year,Fiber optic,Yes,No,Yes,Mailed check,85.43,2108.62,0,No
CUST-14254,Male,0,9,Two year,DSL,Yes,No,Yes,Electronic check,47.36,409.77,3,No
CUST-14255,Male,0,55,One year,DSL,No,No,No,Credit card,77.28,4025.47,3,No
CUST-14256,Male,0,34,Month-to-month,Fiber optic,No,Yes,No,Bank transfer,93.49,3258.41,0,No
CUST-14257,Male,1,10,Two year,DSL,No,No,Yes,Electronic check,49.53,489.46,1,No
CUST-14258,Female,0,10,Month-to-month,DSL,No,Yes,Yes,Electronic check,40.35,416.3,1,No
CUST-14259,Male,0,21,Month-to-month,DSL,No,No,No,Bank transfer,44.26,881.91,3,No
CUST-14260,Male,0,25,Month-to-month,Fiber optic,No,No,No,Bank transfer,92.15,2262.22,4,No
CUST-14261,Male,0,37,Month-to-month,No,No,No,Yes,Electronic check,34.88,1251.17,2,No
CUST-14262,Male,1,22,Month-to-month,DSL,No,No,Yes,Electronic check,44.38,905.57,0,No
CUST-14263,Female,0,39,Month-to-month,DSL,No,Yes,Yes,Electronic check,64.41,2464.58,0,No
CUST-14264,Female,0,16,Two year,Fiber optic,Yes,No,Yes,Mailed check,91.49,1335.74,2,No
CUST-14265,Female,0,22,One year,Fiber optic,Yes,No,Yes,Electronic check,86.69,1823.68,1,No
CUST-14266,Male,0,57,Two year,Fiber optic,No,No,No,Mailed check,98.99,5529.85,3,Yes
CUST-14267,Female,0,40,Two year,No,Yes,No,Yes,Electronic check,25.02,922.59,0,No
CUST-14268,Male,0,23,Month-to-month,DSL,Yes,No,No,Bank transfer,65.76,1532.24,1,No
CUST-14269,Female,0,30,One year,Fiber optic,No,No,Yes,Mailed check,79.75,2221.76,2,No
CUST-14270,Female,0,22,One year,No,No,Yes,No,Credit card,39.37,874.22,1,No
CUST-14271,Female,0,6,Month-to-month,Fiber optic,Yes,No,Yes,Bank transfer,90.1,488.5,3,No
CUST-14272,Female,0,70,Two year,Fiber optic,No,Yes,Yes,Credit card,119.0,8357.7,1,No
CUST-14273,Male,1,11,Two year,No,Yes,No,Yes,Credit card,18.0,190.09,2,No
CUST-14274,Male,0,17,Month-to-month,DSL,No,No,No,Bank transfer,56.33,975.33,1,Yes
CUST-14275,Female,0,72,Two year,DSL,Yes,Yes,No,Bank transfer,69.11,4897.92,0,No
CUST-14276,Male,0,9,Month-to-month,DSL,No,No,No,Mailed check,39.5,340.22,2,No
CUST-14277,Female,0,21,Two year,No,Yes,Yes,Yes,Credit card,21.67,454.85,0,No
CUST-14278,Female,0,59,One year,No,No,Yes,Yes,Credit card,31.84,1800.07,0,No
CUST-14279,Female,0,72,Month-to-month,DSL,Yes,Yes,No,Electronic check,54.1,3714.01,2,No
CUST-14280,Male,0,34,Two year,Fiber optic,No,No,Yes,Electronic check,84.35,2764.29,1,No
CUST-14281,Female,0,56,Month-to-month,Fiber optic,Yes,No,Yes,Bank transfer,70.9,3996.5,3,No
CUST-14282,Male,0,20,Month-to-month,DSL,No,Yes,Yes,Mailed check,43.11,855.5,1,No
CUST-14283,Male,0,1,One year,No,No,No,No,Credit card,29.76,30.87,0,No
CUST-14284,Male,0,52,One year,Fiber optic,No,No,No,Credit card,99.99,4679.94,3,No
CUST-14285,Female,0,23,Month-to-month,No,No,Yes,No,Electronic check,25.97,552.04,6,No
CUST-14286,Female,0,18,One year,Fiber optic,No,No,Yes,Mailed check,114.03,1999.32,1,Yes
CUST-14287,Female,0,16,Month-to-month,DSL,No,No,No,Credit card,60.29,965.11,2,Yes
CUST-14288,Female,0,39,Month-to-month,Fiber optic,No,No,Yes,Bank transfer,74.97,2670.89,1,Yes
CUST-14289,Male,1,38,One year,Fiber optic,No,No,Yes,Electronic check,73.75,2646.09,1,No
CUST-14290,Male,0,23,Month-to-month,DSL,No,Yes,Yes,Credit card,64.75,1561.12,6,No
CUST-14291,Female,0,33,Month-to-month,DSL,No,No,No,Electronic check,63.85,1999.83,3,No
CUST-14292,Male,0,9,Two year,No,Yes,Yes,No,Mailed check,20.59,177.38,1,No
CUST-14293,Male,0,20,Two year,Fiber optic,Yes,No,Yes,Credit card,98.12,1836.4,1,No
CUST-14294,Female,0,9,One year,Fiber optic,No,No,Yes,Credit card,74.23,603.03,1,No
CUST-14295,Female,0,9,One year,DSL,No,Yes,No,Bank transfer,56.2,476.83,1,No
CUST-14296,Male,0,30,Two year,Fiber optic,Yes,No,No,Electronic check,105.51,2925.3,2,No
CUST-14297,Female,0,24,Two year,Fiber optic,Yes,Yes,Yes,Mailed check,89.28,2050.83,2,No
CUST-14298,Male,0,16,Month-to-month,DSL,Yes,Yes,No,Electronic check,39.02,583.62,1,No
CUST-14299,Male,0,19,Month-to-month,DSL,Yes,No,Yes,Bank transfer,63.36,1156.41,3,Yes
CUST-14300,Male,0,32,Month-to-month,Fiber optic,No,Yes,Yes,Bank transfer,76.63,2305.97,3,No
CUST-14301,Female,0,39,Month-to-month,Fiber optic,Yes,No,Yes,Bank transfer,87.84,3553.73,1,No
CUST-14302,Male,0,35,Month-to-month,DSL,No,No,No,Bank transfer,32.46,1072.14,4,No
CUST-14303,Male,0,4,One year,No,Yes,No,Yes,Electronic check,23.9,88.74,1,No
CUST-14304,Female,1,1,One year,DSL,No,No,Yes,Mailed check,57.76,58.59,0,No
CUST-14305,Female,0,12,Two year,No,Yes,No,No,Credit card,18.0,220.7,0,No
CUST-14306,Female,0,2,Month-to-month,DSL,No,No,Yes,Credit card,69.26,136.36,4,No
CUST-14307,Female,1,65,Month-to-month,Fiber optic,No,No,No,Bank transfer,77.22,4777.05,2,No
CUST-14308,Female,0,19,Month-to-month,Fiber optic,Yes,Yes,No,Credit card,69.36,1350.97,1,No
CUST-14309,Female,0,7,Month-to-month,Fiber optic,No,No,No,Bank transfer,77.85,545.22,1,No
CUST-14310,Female,0,18,Month-to-month,No,No,No,Yes,Bank transfer,36.75,633.13,3,No
CUST-14311,Female,0,3,Two year,DSL,Yes,No,No,Bank transfer,57.91,166.58,1,No
CUST-14312,Male,0,7,Month-to-month,DSL,No,No,Yes,Electronic check,44.62,281.25,2,No
CUST-14313,Male,0,17,One year,DSL,No,No,Yes,Credit card,68.66,1060.59,1,No
CUST-14314,Female,0,15,Month-to-month,Fiber optic,No,Yes,No,Mailed check,104.08,1436.68,0,No
CUST-14315,Male,0,17,Month-to-month,No,Yes,No,Yes,Electronic check,18.0,286.75,5,No
CUST-14316,Female,0,33,Two year,DSL,No,No,No,Electronic check,39.84,1365.89,2,No
CUST-14317,Male,0,46,Two year,Fiber optic,No,Yes,Yes,Bank transfer,93.64,4407.51,1,No
CUST-14318,Female,0,26,Month-to-month,Fiber optic,No,No,No,Bank transfer,91.17,2147.76,3,Yes
CUST-14319,Male,1,48,Two year,No,Yes,No,No,Mailed check,18.0,779.53,2,No
CUST-14320,Female,0,15,Month-to-month,Fiber optic,Yes,No,No,Mailed check,74.82,1108.69,4,Yes
CUST-14321,Male,1,53,Two year,No,No,No,Yes,Bank transfer,18.0,912.47,0,No
CUST-14322,Male,0,26,Month-to-month,Fiber optic,No,No,No,Bank transfer,79.38,2105.79,0,No
CUST-14323,Male,0,43,Month-to-month,No,Yes,No,No,Electronic check,23.09,1038.67,3,No
CUST-14324,Female,0,15,One year,Fiber optic,No,Yes,Yes,Electronic check,87.64,1280.56,2,No
CUST-14325,Male,0,25,Two year,DSL,No,Yes,No,Electronic check,47.38,1097.57,1,No
CUST-14326,Female,0,72,Two year,No,No,No,Yes,Bank transfer,26.09,1942.09,1,No
CUST-14327,Male,1,25,Month-to-month,Fiber optic,Yes,No,Yes,Mailed check,73.93,1780.55,2,Yes
CUST-14328,Male,0,46,Two year,DSL,No,No,Yes,Credit card,62.89,2784.71,2,No
CUST-14329,Female,0,50,Month-to-month,Fiber optic,No,No,Yes,Electronic check,62.73,3154.21,8,Yes
CUST-14330,Male,0,37,Month-to-month,No,Yes,Yes,Yes,Bank transfer,21.39,756.27,1,No
CUST-14331,Male,0,41,Month-to-month,Fiber optic,Yes,No,No,Electronic check,85.66,3284.49,2,No
CUST-14332,Female,0,16,Month-to-month,DSL,No,Yes,Yes,Mailed check,45.71,739.51,3,Yes
CUST-14333,Female,1,11,Month-to-month,No,No,No,Yes,Mailed check,26.62,271.74,2,No
CUST-14334,Female,0,9,One year,Fiber optic,No,No,No,Bank transfer,86.54,705.57,0,No
CUST-14335,Male,0,32,Month-to-month,DSL,No,No,Yes,Mailed check,48.09,1499.74,2,No
CUST-14336,Female,0,24,One year,DSL,No,Yes,No,Electronic check,72.91,1583.76,3,No
CUST-14337,Male,0,30,Month-to-month,DSL,No,No,No,Electronic check,40.74,1244.97,5,Yes
CUST-14338,Female,1,8,One year,Fiber optic,No,No,Yes,Mailed check,96.76,810.18,3,Yes
CUST-14339,Female,1,13,Month-to-month,DSL,Yes,Yes,No,Mailed check,70.68,957.73,2,Yes
CUST-14340,Male,0,45,Month-to-month,DSL,Yes,Yes,Yes,Credit card,57.7,2394.96,3,No
CUST-14341,Male,1,27,One year,Fiber optic,No,Yes,No,Electronic check,83.3,2338.52,1,No
CUST-14342,Male,0,26,Two year,No,Yes,No,Yes,Electronic check,30.28,721.87,0,No
CUST-14343,Male,0,20,Two year,Fiber optic,No,Yes,No,Bank transfer,92.53,1763.83,4,No
CUST-14344,Male,0,12,Month-to-month,Fiber optic,No,No,Yes,Bank transfer,73.33,803.15,3,No
CUST-14345,Female,0,54,Two year,Fiber optic,No,Yes,No,Electronic check,95.02,5250.96,0,No
CUST-14346,Male,0,60,One year,DSL,No,Yes,Yes,Electronic check,45.72,2561.22,1,No
CUST-14347,Male,0,25,Two year,No,No,Yes,No,Electronic check,18.0,449.88,0,No
CUST-14348,Female,0,21,Month-to-month,DSL,Yes,No,Yes,Credit card,38.09,811.32,2,No
CUST-14349,Male,1,63,Month-to-month,DSL,Yes,Yes,No,Credit card,54.7,3298.59,1,No
CUST-14350,Female,1,13,Month-to-month,Fiber optic,No,Yes,Yes,Credit card,70.55,933.98,4,No
CUST-14351,Female,0,16,Two year,DSL,Yes,Yes,Yes,Electronic check,87.25,1324.62,5,No
CUST-14352,Female,0,44,Month-to-month,DSL,No,No,Yes,Bank transfer,43.99,1784.98,2,No
CUST-14353,Male,0,16,Month-to-month,Fiber optic,Yes,No,No,Mailed check,119.35,1850.29,1,Yes
CUST-14354,Male,0,24,One year,Fiber optic,No,No,Yes,Bank transfer,91.76,2216.63,2,No
CUST-14355,Female,0,2,Two year,DSL,No,Yes,Yes,Electronic check,58.15,105.37,0,No
CUST-14356,Female,0,61,One year,Fiber optic,No,Yes,No,Electronic check,82.68,5148.8,0,No
CUST-14357,Male,0,41,One year,Fiber optic,No,No,No,Electronic check,79.74,3067.9,3,No
CUST-14358,Female,0,51,Month-to-month,No,No,No,No,Mailed check,18.0,920.0,0,No
CUST-14359,Female,0,10,Two year,DSL,Yes,No,Yes,Credit card,65.34,599.21,1,No
CUST-14360,Male,0,70,Month-to-month,No,Yes,Yes,No,Electronic check,19.01,1275.65,1,No
CUST-14361,Female,1,22,Month-to-month,Fiber optic,Yes,No,Yes,Bank transfer,72.4,1544.69,2,No
CUST-14362,Male,0,54,Month-to-month,Fiber optic,No,No,No,Electronic check,90.87,4761.31,4,Yes
CUST-14363,Female,0,31,Month-to-month,DSL,No,No,Yes,Electronic check,53.01,1546.36,1,No
CUST-14364,Female,0,42,One year,Fiber optic,No,No,No,Bank transfer,80.13,3296.17,1,No
CUST-14365,Female,0,33,One year,DSL,Yes,No,Yes,Mailed check,52.63,1635.27,4,No
CUST-14366,Male,0,16,Month-to-month,Fiber optic,Yes,No,Yes,Bank transfer,67.01,991.67,5,No
CUST-14367,Male,0,5,Month-to-month,Fiber optic,Yes,No,Yes,Mailed check,117.53,540.64,6,No
CUST-14368,Female,0,57,Month-to-month,DSL,No,Yes,Yes,Electronic check,42.67,2515.33,1,No
CUST-14369,Female,0,1,Month-to-month,DSL,No,Yes,No,Bank transfer,64.98,59.76,6,No
CUST-14370,Female,0,46,Two year,No,Yes,No,Yes,Bank transfer,31.22,1377.86,1,No
CUST-14371,Male,0,57,One year,Fiber optic,No,No,Yes,Credit card,74.73,3994.36,0,No
CUST-14372,Male,0,6,Month-to-month,Fiber optic,No,No,Yes,Bank transfer,76.8,457.28,4,Yes
CUST-14373,Female,0,17,Month-to-month,No,No,No,Yes,Electronic check,20.31,328.59,0,Yes
CUST-14374,Male,0,6,Two year,DSL,No,No,Yes,Credit card,69.71,394.42,2,Yes
CUST-14375,Female,0,14,Two year,Fiber optic,No,Yes,No,Bank transfer,71.01,1039.16,4,No
CUST-14376,Male,0,51,Two year,Fiber optic,No,No,Yes,Electronic check,81.68,4371.87,0,No
CUST-14377,Male,0,42,Month-to-month,DSL,No,No,Yes,Credit card,74.12,2863.63,4,No
CUST-14378,Male,0,38,Month-to-month,DSL,Yes,Yes,Yes,Bank transfer,70.28,2681.06,0,No
CUST-14379,Female,0,17,Month-to-month,No,Yes,No,No,Credit card,26.71,469.31,5,No
CUST-14380,Female,0,1,One year,DSL,No,Yes,Yes,Mailed check,68.73,71.87,3,No
CUST-14381,Male,0,7,Month-to-month,DSL,Yes,No,No,Credit card,41.95,277.41,3,Yes
CUST-14382,Male,0,20,One year,Fiber optic,Yes,No,No,Bank transfer,93.94,1911.95,2,No
CUST-14383,Female,0,9,Month-to-month,Fiber optic,No,No,Yes,Mailed check,85.17,727.55,1,Yes
CUST-14384,Male,1,46,One year,Fiber optic,Yes,No,No,Electronic check,92.59,4230.54,0,Yes
CUST-14385,Female,1,72,Month-to-month,DSL,No,Yes,Yes,Mailed check,56.97,4007.03,5,No
CUST-14386,Male,0,31,Two year,Fiber optic,No,No,No,Electronic check,91.12,2841.93,2,No
CUST-14387,Male,0,6,Month-to-month,Fiber optic,Yes,Yes,Yes,Electronic check,109.6,681.9,4,Yes
CUST-14388,Male,0,59,One year,Fiber optic,Yes,Yes,No,Credit card,84.44,4568.16,1,No
CUST-14389,Female,0,26,Month-to-month,No,Yes,No,No,Electronic check,27.32,663.08,1,No
CUST-14390,Male,0,23,One year,DSL,Yes,Yes,Yes,Credit card,75.36,1712.28,2,No
CUST-14391,Female,0,36,One year,Fiber optic,Yes,No,No,Electronic check,71.02,2438.02,0,No
CUST-14392,Male,0,8,Month-to-month,Fiber optic,No,No,No,Mailed check,85.64,673.95,9,No
CUST-14393,Male,0,17,Month-to-month,Fiber optic,No,No,No,Bank transfer,57.38,992.43,5,Yes
CUST-14394,Female,0,22,Month-to-month,Fiber optic,Yes,No,No,Credit card,83.05,1836.14,3,Yes
CUST-14395,Female,0,29,Month-to-month,DSL,No,No,Yes,Electronic check,66.5,1957.54,3,No
CUST-14396,Male,1,31,One year,Fiber optic,No,No,No,Credit card,79.92,2289.55,2,No
CUST-14397,Male,0,36,Month-to-month,Fiber optic,Yes,Yes,Yes,Credit card,78.89,2568.88,2,Yes
CUST-14398,Male,0,14,Month-to-month,Fiber optic,No,Yes,No,Electronic check,92.68,1337.42,1,No
CUST-14399,Female,1,4,Month-to-month,DSL,Yes,Yes,Yes,Electronic check,46.09,178.42,1,No
CUST-14400,Male,0,20,Month-to-month,DSL,No,No,No,Electronic check,47.07,937.01,1,No
CUST-14401,Male,0,22,Month-to-month,DSL,Yes,Yes,Yes,Electronic check,37.38,749.14,6,No
CUST-14402,Male,0,4,One year,DSL,No,No,Yes,Electronic check,49.67,199.91,4,No
CUST-14403,Female,0,14,Month-to-month,DSL,No,Yes,No,Bank transfer,59.13,757.63,3,No
CUST-14404,Male,0,27,Two year,DSL,No,Yes,Yes,Electronic check,50.03,1375.32,1,No
CUST-14405,Female,0,16,One year,DSL,No,No,Yes,Bank transfer,57.61,837.95,1,No
CUST-14406,Male,0,26,Month-to-month,DSL,Yes,Yes,No,Mailed check,74.46,1766.6,4,No
CUST-14407,Male,0,15,Two year,No,No,Yes,Yes,Mailed check,29.31,418.38,3,No
CUST-14408,Male,1,38,One year,Fiber optic,Yes,No,Yes,Credit card,94.59,3349.37,3,No
CUST-14409,Male,0,10,One year,DSL,No,Yes,No,Bank transfer,65.56,686.87,2,No
CUST-14410,Male,0,24,Month-to-month,Fiber optic,Yes,No,Yes,Electronic check,88.14,2046.95,2,No
CUST-14411,Female,0,25,One year,Fiber optic,No,No,Yes,Electronic check,81.7,1981.78,0,No
CUST-14412,Male,0,45,Month-to-month,DSL,No,Yes,Yes,Mailed check,41.6,1697.77,1,Yes
CUST-14413,Female,0,18,Month-to-month,Fiber optic,Yes,Yes,Yes,Bank transfer,67.09,1175.94,3,No
CUST-14414,Male,0,71,Month-to-month,DSL,No,No,Yes,Bank transfer,68.01,4392.33,3,Yes
CUST-14415,Male,1,69,Month-to-month,Fiber optic,Yes,No,No,Credit card,72.53,4975.71,4,No
CUST-14416,Male,0,10,One year,DSL,No,No,Yes,Credit card,51.55,539.9,2,No
CUST-14417,Male,0,23,Month-to-month,Fiber optic,No,Yes,No,Mailed check,90.81,1983.06,5,Yes
CUST-14418,Female,0,7,Month-to-month,DSL,No,Yes,Yes,Electronic check,57.96,414.34,1,Yes
CUST-14419,Male,0,34,Two year,DSL,No,No,No,Credit card,58.15,2065.84,0,No
CUST-14420,Female,0,15,Month-to-month,Fiber optic,No,No,Yes,Mailed check,97.3,1525.52,1,No
CUST-14421,Female,0,26,Month-to-month,DSL,No,Yes,No,Electronic check,77.76,2045.9,3,No
CUST-14422,Female,0,19,Month-to-month,Fiber optic,No,No,No,Credit card,75.27,1473.82,5,Yes
CUST-14423,Male,0,72,Two year,DSL,Yes,No,Yes,Electronic check,43.89,3010.98,3,No
CUST-14424,Male,0,21,One year,Fiber optic,Yes,No,No,Electronic check,72.66,1506.85,1,No
CUST-14425,Female,0,20,One year,Fiber optic,No,No,Yes,Electronic check,86.94,1737.75,3,No
CUST-14426,Male,0,47,Two year,No,No,No,Yes,Electronic check,22.3,977.66,3,No
CUST-14427,Male,1,52,One year,Fiber optic,Yes,Yes,No,Electronic check,72.91,3590.3,2,No
CUST-14428,Female,0,29,Two year,No,Yes,Yes,Yes,Bank transfer,32.01,885.78,0,No
CUST-14429,Female,1,53,One year,DSL,No,No,Yes,Electronic check,65.25,3146.58,2,No
CUST-14430,Female,0,72,Two year,Fiber optic,No,No,Yes,Credit card,64.26,4480.96,2,No
CUST-14431,Male,0,18,One year,Fiber optic,No,No,No,Mailed check,87.62,1604.73,0,No
CUST-14432,Female,0,8,Month-to-month,Fiber optic,No,No,No,Mailed check,102.92,821.24,1,No
CUST-14433,Male,0,32,Month-to-month,Fiber optic,No,No,Yes,Bank transfer,56.62,1800.49,3,Yes
CUST-14434,Female,0,49,Month-to-month,No,No,Yes,Yes,Electronic check,19.29,936.48,6,Yes
CUST-14435,Female,0,67,Month-to-month,Fiber optic,Yes,Yes,Yes,Electronic check,75.84,4590.46,1,Yes
CUST-14436,Female,1,36,Two year,DSL,No,No,No,Bank transfer,56.2,1821.94,2,No
CUST-14437,Female,0,24,One year,Fiber optic,No,No,Yes,Mailed check,87.08,1933.86,2,No
CUST-14438,Male,0,12,One year,DSL,No,No,Yes,Electronic check,53.26,662.74,0,No
CUST-14439,Male,0,57,One year,Fiber optic,No,Yes,No,Mailed check,80.79,4736.79,2,No
CUST-14440,Male,0,30,Two year,Fiber optic,No,No,Yes,Electronic check,89.67,2653.95,0,No
CUST-14441,Male,0,4,One year,DSL,Yes,Yes,Yes,Credit card,40.6,155.56,0,No
CUST-14442,Female,0,72,Month-to-month,DSL,No,No,No,Electronic check,66.43,4995.65,2,No
CUST-14443,Male,0,8,Month-to-month,No,Yes,Yes,No,Electronic check,28.89,210.31,6,No
CUST-14444,Female,0,50,Month-to-month,DSL,No,No,Yes,Bank transfer,60.09,2748.0,3,No
CUST-14445,Male,0,28,Month-to-month,DSL,No,No,No,Electronic check,32.6,906.65,3,Yes
CUST-14446,Male,0,4,Month-to-month,DSL,Yes,No,Yes,Credit card,56.3,221.17,3,Yes
CUST-14447,Male,0,22,Month-to-month,Fiber optic,Yes,Yes,No,Electronic check,80.21,1847.87,3,Yes
CUST-14448,Female,0,18,Month-to-month,DSL,Yes,No,Yes,Mailed check,31.4,576.63,4,No
CUST-14449,Female,1,6,Month-to-month,Fiber optic,No,Yes,Yes,Bank transfer,93.42,583.37,3,Yes
CUST-14450,Female,0,34,Two year,DSL,No,Yes,Yes,Electronic check,41.78,1432.37,3,No
CUST-14451,Male,1,45,Month-to-month,DSL,No,No,Yes,Credit card,56.02,2619.15,2,No
CUST-14452,Male,0,23,Two year,DSL,No,Yes,Yes,Bank transfer,50.06,1154.84,1,No
CUST-14453,Female,0,18,Month-to-month,DSL,Yes,No,Yes,Electronic check,37.23,656.03,2,No
CUST-14454,Female,0,36,Two year,Fiber optic,No,No,No,Mailed check,63.74,2264.95,2,No
CUST-14455,Male,0,0,One year,DSL,No,No,Yes,Electronic check,43.41,0.0,5,Yes
CUST-14456,Female,0,16,Two year,Fiber optic,No,Yes,No,Mailed check,100.41,1471.07,3,No
CUST-14457,Male,0,17,Month-to-month,Fiber optic,Yes,No,No,Electronic check,98.86,1655.02,1,Yes
CUST-14458,Male,0,24,One year,DSL,No,Yes,Yes,Electronic check,81.33,1871.67,6,No
CUST-14459,Female,1,5,Month-to-month,DSL,No,No,Yes,Bank transfer,48.86,244.15,2,Yes
CUST-14460,Male,0,3,Month-to-month,Fiber optic,No,No,Yes,Credit card,85.23,253.27,2,No
CUST-14461,Male,0,9,One year,Fiber optic,Yes,No,Yes,Mailed check,90.83,784.73,2,No
CUST-14462,Female,0,33,Month-to-month,Fiber optic,No,Yes,No,Electronic check,71.21,2357.83,2,No
CUST-14463,Female,0,17,Month-to-month,No,Yes,Yes,Yes,Electronic check,30.72,512.08,3,No
CUST-14464,Male,0,9,Two year,DSL,Yes,Yes,Yes,Credit card,55.65,464.88,4,No
CUST-14465,Male,0,72,Month-to-month,Fiber optic,Yes,Yes,Yes,Electronic check,93.05,6670.76,1,No
CUST-14466,Female,0,18,One year,Fiber optic,No,Yes,Yes,Bank transfer,81.92,1332.98,1,No
CUST-14467,Female,0,24,Month-to-month,DSL,No,No,Yes,Electronic check,48.13,1182.29,2,No
CUST-14468,Female,0,57,Month-to-month,Fiber optic,No,Yes,No,Credit card,101.59,5999.07,2,No
CUST-14469,Female,0,27,Month-to-month,Fiber optic,Yes,Yes,Yes,Mailed check,80.04,1970.29,3,No
CUST-14470,Male,0,35,Month-to-month,Fiber optic,No,No,Yes,Electronic check,78.57,2580.74,4,Yes
CUST-14471,Female,0,11,Two year,Fiber optic,Yes,No,Yes,Electronic check,52.2,527.67,2,No
CUST-14472,Male,0,25,Two year,DSL,No,Yes,Yes,Credit card,49.8,1264.51,0,No
CUST-14473,Male,1,72,Month-to-month,Fiber optic,Yes,No,No,Mailed check,64.9,4255.39,8,No
CUST-14474,Female,0,32,Month-to-month,Fiber optic,Yes,Yes,No,Electronic check,93.35,2930.93,0,Yes
CUST-14475,Male,0,29,Two year,Fiber optic,No,No,Yes,Electronic check,80.19,2228.43,2,No
CUST-14476,Female,0,19,Month-to-month,Fiber optic,Yes,No,Yes,Bank transfer,76.99,1481.22,2,No
CUST-14477,Male,0,7,Month-to-month,Fiber optic,Yes,No,No,Electronic check,75.27,524.71,4,Yes
CUST-14478,Female,0,53,Month-to-month,Fiber optic,No,Yes,Yes,Mailed check,73.32,3814.32,2,No
CUST-14479,Female,0,22,One year,DSL,Yes,No,Yes,Electronic check,61.28,1315.21,2,No
CUST-14480,Male,1,13,Month-to-month,Fiber optic,Yes,No,Yes,Mailed check,86.4,1141.46,0,Yes
CUST-14481,Male,1,6,Month-to-month,Fiber optic,No,No,No,Bank transfer,99.87,582.19,3,No
CUST-14482,Female,0,30,Two year,DSL,Yes,Yes,No,Electronic check,46.37,1339.54,1,No
CUST-14483,Male,0,8,Two year,DSL,No,Yes,Yes,Electronic check,44.21,319.64,2,No
CUST-14484,Male,0,53,One year,DSL,No,No,Yes,Credit card,40.4,2013.14,0,No
CUST-14485,Male,0,14,One year,Fiber optic,No,Yes,No,Bank transfer,80.78,1080.54,1,Yes
CUST-14486,Female,0,25,Two year,DSL,Yes,Yes,Yes,Credit card,52.24,1288.66,2,No
CUST-14487,Male,0,32,One year,No,Yes,Yes,Yes,Electronic check,18.0,576.56,4,No
CUST-14488,Female,0,29,One year,No,No,Yes,Yes,Credit card,18.0,545.18,0,No
CUST-14489,Male,0,45,Month-to-month,No,Yes,No,Yes,Credit card,31.77,1346.22,5,No
CUST-14490,Male,0,15,Month-to-month,DSL,Yes,No,Yes,Electronic check,51.07,751.96,4,No
CUST-14491,Male,0,24,Two year,Fiber optic,Yes,Yes,Yes,Mailed check,61.13,1486.82,3,No
CUST-14492,Female,1,37,One year,No,No,No,No,Mailed check,30.39,1064.46,2,No
CUST-14493,Male,0,67,Month-to-month,Fiber optic,No,No,Yes,Credit card,90.78,5974.55,3,No
CUST-14494,Male,0,43,One year,DSL,Yes,No,No,Bank transfer,56.44,2336.66,1,No
CUST-14495,Female,0,49,Two year,No,Yes,No,No,Bank transfer,26.44,1243.3,1,No
CUST-14496,Male,0,18,Month-to-month,Fiber optic,No,No,No,Credit card,77.07,1261.5,0,No
CUST-14497,Male,0,32,One year,Fiber optic,Yes,Yes,Yes,Electronic check,75.34,2178.5,1,Yes
CUST-14498,Male,1,61,Month-to-month,No,Yes,No,No,Electronic check,27.28,1571.53,1,No
CUST-14499,Male,0,23,One year,No,No,No,Yes,Mailed check,19.6,467.39,3,No
CUST-14500,Female,0,32,Two year,Fiber optic,No,Yes,Yes,Credit card,52.64,1564.79,3,No
CUST-14501,Female,1,5,Two year,DSL,Yes,No,Yes,Bank transfer,45.13,205.23,2,Yes
CUST-14502,Female,0,39,Two year,Fiber optic,No,No,No,Electronic check,84.27,3263.46,1,No
CUST-14503,Female,0,28,One year,Fiber optic,Yes,No,Yes,Credit card,82.78,2419.27,1,Yes
CUST-14504,Male,1,38,Month-to-month,Fiber optic,Yes,No,Yes,Mailed check,93.28,3220.63,2,Yes
CUST-14505,Male,0,19,One year,Fiber optic,No,No,Yes,Mailed check,97.63,1876.95,1,No
CUST-14506,Male,0,3,Month-to-month,Fiber optic,No,Yes,Yes,Mailed check,78.26,215.11,1,No
CUST-14507,Female,0,41,One year,Fiber optic,No,No,Yes,Mailed check,61.21,2309.74,0,No
CUST-14508,Male,0,13,Month-to-month,No,Yes,Yes,No,Credit card,33.48,452.88,3,No
CUST-14509,Female,0,5,Month-to-month,No,Yes,No,No,Mailed check,26.71,134.23,5,No
CUST-14510,Male,0,27,Month-to-month,Fiber optic,No,Yes,No,Bank transfer,81.12,2155.06,4,Yes
CUST-14511,Female,1,72,Month-to-month,Fiber optic,No,Yes,No,Electronic check,103.31,6877.96,3,Yes
CUST-14512,Male,0,11,Month-to-month,Fiber optic,Yes,No,Yes,Mailed check,91.76,993.05,1,Yes
CUST-14513,Female,0,13,Month-to-month,Fiber optic,No,No,Yes,Credit card,86.84,1026.61,3,No
CUST-14514,Female,0,42,Month-to-month,DSL,No,No,Yes,Bank transfer,57.14,2302.0,0,No
CUST-14515,Female,1,20,Month-to-month,Fiber optic,Yes,Yes,No,Credit card,97.75,1965.99,3,No
CUST-14516,Male,0,41,Two year,Fiber optic,No,No,Yes,Electronic check,74.66,3015.77,2,No
CUST-14517,Male,0,19,Month-to-month,Fiber optic,No,No,Yes,Mailed check,71.8,1365.88,2,No
CUST-14518,Female,0,17,Two year,No,Yes,No,Yes,Mailed check,44.11,687.95,0,No
CUST-14519,Male,0,12,Month-to-month,No,No,No,Yes,Electronic check,25.0,304.19,2,Yes
CUST-14520,Female,1,30,Two year,No,No,No,Yes,Mailed check,29.43,921.27,3,No
CUST-14521,Female,1,12,One year,No,No,No,No,Mailed check,20.15,250.54,1,No
CUST-14522,Female,0,16,Two year,Fiber optic,No,No,Yes,Electronic check,83.97,1226.86,0,No
CUST-14523,Female,0,52,Two year,No,No,No,No,Electronic check,18.0,856.24,3,No
CUST-14524,Female,0,72,One year,No,No,No,No,Mailed check,39.71,2793.65,0,No
CUST-14525,Male,0,33,Month-to-month,Fiber optic,Yes,No,No,Electronic check,99.11,3200.67,3,Yes
CUST-14526,Male,0,54,Month-to-month,DSL,Yes,Yes,Yes,Mailed check,46.19,2565.52,2,No
CUST-14527,Male,0,18,Month-to-month,DSL,No,No,Yes,Credit card,61.95,1065.36,1,No
CUST-14528,Male,0,20,Two year,Fiber optic,Yes,Yes,Yes,Mailed check,105.65,2064.67,3,No
CUST-14529,Female,1,28,Two year,Fiber optic,No,Yes,No,Bank transfer,76.23,1986.26,2,No
CUST-14530,Male,0,13,Month-to-month,Fiber optic,No,No,Yes,Mailed check,70.52,955.2,7,Yes
CUST-14531,Male,0,17,One year,Fiber optic,No,No,Yes,Electronic check,88.4,1379.83,1,No
CUST-14532,Female,0,40,Month-to-month,Fiber optic,No,No,Yes,Credit card,91.21,3778.26,3,Yes
CUST-14533,Female,0,24,One year,DSL,Yes,Yes,Yes,Bank transfer,57.55,1427.49,2,No
CUST-14534,Male,0,21,One year,DSL,Yes,Yes,Yes,Mailed check,47.23,900.13,2,No
CUST-14535,Female,0,21,Month-to-month,Fiber optic,No,Yes,Yes,Electronic check,74.01,1579.59,2,No
CUST-14536,Male,0,9,Two year,DSL,No,No,Yes,Bank transfer,65.15,557.41,0,No
CUST-14537,Female,0,27,Month-to-month,No,No,No,No,Electronic check,18.0,453.78,2,No
CUST-14538,Female,1,13,One year,No,No,No,No,Mailed check,21.91,273.51,0,No
CUST-14539,Female,1,5,One year,Fiber optic,Yes,No,Yes,Electronic check,71.17,369.59,2,No
CUST-14540,Female,0,8,Month-to-month,Fiber optic,No,Yes,No,Mailed check,55.99,429.95,8,Yes
CUST-14541,Female,0,21,Month-to-month,No,Yes,Yes,Yes,Credit card,39.17,770.19,4,No
CUST-14542,Female,0,37,Month-to-month,No,No,No,Yes,Electronic check,26.74,968.35,4,Yes
CUST-14543,Female,0,45,One year,Fiber optic,Yes,No,No,Mailed check,59.09,2556.68,2,No
CUST-14544,Male,1,6,Two year,No,No,Yes,Yes,Mailed check,19.41,105.17,2,No
CUST-14545,Female,1,35,Month-to-month,Fiber optic,Yes,Yes,No,Electronic check,79.21,2572.45,5,No
CUST-14546,Female,0,72,Month-to-month,DSL,No,No,Yes,Credit card,71.17,4625.27,5,No
CUST-14547,Female,0,46,Month-to-month,Fiber optic,No,No,Yes,Electronic check,86.33,3885.24,2,Yes
CUST-14548,Female,0,26,Month-to-month,Fiber optic,No,No,Yes,Electronic check,93.79,2429.3,1,Yes
CUST-14549,Female,0,28,Month-to-month,No,No,Yes,No,Bank transfer,34.35,969.37,2,No
CUST-14550,Male,1,26,One year,DSL,No,No,No,Bank transfer,39.98,967.86,3,No
CUST-14551,Male,0,16,Month-to-month,Fiber optic,Yes,No,No,Electronic check,77.69,1268.77,1,No
CUST-14552,Male,0,48,Two year,Fiber optic,No,Yes,Yes,Electronic check,101.21,4672.0,0,No
CUST-14553,Female,0,10,Month-to-month,No,Yes,Yes,No,Electronic check,18.0,163.33,1,No
CUST-14554,Female,0,27,One year,Fiber optic,Yes,Yes,Yes,Electronic check,62.67,1758.36,1,No
CUST-14555,Male,0,4,Month-to-month,DSL,Yes,No,Yes,Mailed check,49.46,198.64,5,No
CUST-14556,Male,1,51,Month-to-month,No,No,Yes,Yes,Bank transfer,33.37,1675.4,6,Yes
CUST-14557,Female,0,27,Month-to-month,Fiber optic,No,No,Yes,Bank transfer,100.9,2468.34,1,No
CUST-14558,Female,0,6,One year,No,Yes,No,Yes,Bank transfer,44.66,241.72,1,No
CUST-14559,Female,0,63,Two year,No,No,No,No,Electronic check,19.86,1232.34,0,No
CUST-14560,Male,0,22,Month-to-month,DSL,No,No,Yes,Mailed check,33.83,767.92,3,No
CUST-14561,Male,0,7,Month-to-month,No,No,Yes,No,Electronic check,28.95,202.06,2,No
CUST-14562,Male,0,72,One year,Fiber optic,No,No,No,Bank transfer,77.91,5052.91,1,No
CUST-14563,Male,0,19,Month-to-month,No,No,No,No,Electronic check,23.83,450.76,1,No
CUST-14564,Female,0,12,Two year,DSL,Yes,Yes,Yes,Bank transfer,48.98,559.76,1,No
CUST-14565,Male,0,29,Month-to-month,Fiber optic,No,Yes,Yes,Mailed check,63.34,1686.71,2,No
CUST-14566,Female,0,8,Two year,DSL,No,No,No,Credit card,73.23,598.61,2,No
CUST-14567,Female,1,16,One year,DSL,Yes,No,Yes,Electronic check,44.72,705.87,1,Yes
CUST-14568,Male,0,58,Month-to-month,No,No,Yes,Yes,Mailed check,31.79,1859.57,5,No
CUST-14569,Male,0,20,One year,DSL,Yes,No,No,Electronic check,55.24,1021.72,0,No
CUST-14570,Female,0,33,Month-to-month,DSL,Yes,No,No,Electronic check,46.13,1396.59,1,No
CUST-14571,Male,0,60,One year,No,Yes,Yes,Yes,Mailed check,18.0,1055.35,2,No
CUST-14572,Male,0,19,Two year,Fiber optic,Yes,Yes,Yes,Credit card,63.6,1183.32,0,No
CUST-14573,Female,0,11,One year,Fiber optic,Yes,No,Yes,Bank transfer,69.19,751.43,4,No
CUST-14574,Female,0,38,Month-to-month,No,Yes,No,Yes,Electronic check,18.0,691.96,3,No
CUST-14575,Female,0,7,Month-to-month,Fiber optic,Yes,No,Yes,Bank transfer,84.31,589.93,1,No
CUST-14576,Male,0,10,Month-to-month,DSL,No,No,No,Bank transfer,68.37,684.67,2,No
CUST-14577,Male,1,5,One year,Fiber optic,Yes,Yes,No,Electronic check,105.75,489.77,2,Yes
CUST-14578,Male,0,57,One year,Fiber optic,No,Yes,Yes,Mailed check,77.67,4262.4,1,No
CUST-14579,Male,1,25,Month-to-month,DSL,No,Yes,Yes,Electronic check,61.35,1518.41,1,No
CUST-14580,Male,0,39,One year,Fiber optic,No,No,No,Bank transfer,67.5,2573.86,1,No
CUST-14581,Female,0,11,One year,Fiber optic,Yes,Yes,No,Mailed check,102.83,1069.63,2,Yes
CUST-14582,Male,0,32,One year,DSL,No,No,Yes,Electronic check,36.56,1218.76,0,No
CUST-14583,Female,0,33,Month-to-month,DSL,Yes,No,No,Mailed check,54.78,1664.87,3,Yes
CUST-14584,Female,0,72,Month-to-month,No,No,No,No,Bank transfer,18.0,1355.87,1,No
CUST-14585,Female,0,37,Month-to-month,DSL,Yes,Yes,Yes,Mailed check,55.36,2083.61,0,No
CUST-14586,Male,0,45,Two year,DSL,Yes,Yes,No,Credit card,49.95,2223.91,2,No
CUST-14587,Male,0,27,Two year,No,Yes,No,No,Bank transfer,26.26,651.57,0,No
CUST-14588,Female,0,1,Two year,Fiber optic,No,Yes,No,Electronic check,110.78,109.07,0,Yes
CUST-14589,Male,0,30,Month-to-month,No,Yes,No,Yes,Credit card,24.62,674.42,1,No
CUST-14590,Female,0,21,One year,No,Yes,No,No,Bank transfer,32.06,699.95,0,No
CUST-14591,Male,0,20,Two year,Fiber optic,Yes,No,Yes,Electronic check,87.54,1650.64,0,No
CUST-14592,Male,0,16,Month-to-month,Fiber optic,No,No,Yes,Electronic check,82.79,1271.53,2,Yes
CUST-14593,Female,0,20,Month-to-month,DSL,No,Yes,Yes,Mailed check,56.7,1128.86,7,No
CUST-14594,Female,0,14,Month-to-month,DSL,No,Yes,Yes,Electronic check,46.92,593.1,4,Yes
CUST-14595,Male,0,42,One year,DSL,No,No,No,Credit card,53.0,2184.54,3,No
CUST-14596,Female,0,9,Month-to-month,Fiber optic,No,Yes,Yes,Electronic check,104.2,944.61,1,Yes
CUST-14597,Male,0,72,Month-to-month,Fiber optic,Yes,Yes,No,Electronic check,79.7,5343.14,3,No
CUST-14598,Female,0,39,Month-to-month,No,No,No,No,Mailed check,18.0,648.02,1,No
CUST-14599,Female,0,50,One year,DSL,No,Yes,Yes,Credit card,42.8,2082.34,1,No
CUST-14600,Female,0,10,Two year,Fiber optic,No,No,No,Credit card,98.84,969.08,2,No
CUST-14601,Female,0,15,One year,DSL,No,Yes,No,Electronic check,54.45,788.83,0,No
CUST-14602,Male,0,26,Two year,DSL,No,No,Yes,Electronic check,43.88,1077.3,1,No
CUST-14603,Female,0,24,One year,Fiber optic,No,Yes,No,Bank transfer,72.52,1673.46,1,No
CUST-14604,Male,0,39,Two year,Fiber optic,No,No,No,Electronic check,86.1,3179.48,1,No
CUST-14605,Male,0,24,Month-to-month,Fiber optic,No,Yes,Yes,Electronic check,103.67,2332.46,3,No
CUST-14606,Male,0,72,Two year,Fiber optic,Yes,Yes,Yes,Electronic check,72.95,5099.31,3,No
CUST-14607,Male,0,10,Two year,Fiber optic,No,No,Yes,Credit card,70.6,677.3,2,No
CUST-14608,Female,0,8,One year,No,Yes,No,Yes,Bank transfer,18.0,139.0,1,No
CUST-14609,Male,0,15,Month-to-month,Fiber optic,No,No,No,Electronic check,78.47,1059.44,0,No
CUST-14610,Male,1,20,Month-to-month,Fiber optic,Yes,No,Yes,Bank transfer,69.25,1390.36,2,No
CUST-14611,Male,0,53,Month-to-month,DSL,Yes,No,Yes,Credit card,41.49,1994.33,2,No
CUST-14612,Female,0,32,Month-to-month,Fiber optic,No,No,Yes,Credit card,87.37,2603.02,2,No
CUST-14613,Female,0,1,Month-to-month,Fiber optic,No,No,No,Mailed check,91.94,93.83,5,Yes
CUST-14614,Female,0,1,Month-to-month,DSL,No,No,Yes,Credit card,74.41,77.96,2,Yes
CUST-14615,Male,1,21,Month-to-month,Fiber optic,No,Yes,Yes,Bank transfer,70.84,1560.12,7,No
CUST-14616,Male,0,17,Two year,Fiber optic,No,No,No,Mailed check,83.22,1398.96,1,No
CUST-14617,Female,0,22,One year,DSL,Yes,No,Yes,Mailed check,75.08,1550.95,1,No
CUST-14618,Female,0,20,Two year,No,No,Yes,No,Credit card,32.48,666.04,0,No
CUST-14619,Female,0,69,Month-to-month,DSL,Yes,Yes,No,Electronic check,55.94,3850.1,4,No
CUST-14620,Female,0,47,Month-to-month,No,No,Yes,Yes,Mailed check,28.22,1389.8,4,Yes
CUST-14621,Female,0,15,Month-to-month,Fiber optic,No,No,No,Electronic check,70.86,1044.2,2,No
CUST-14622,Female,1,24,Two year,DSL,No,No,Yes,Electronic check,32.58,765.34,4,No
CUST-14623,Male,1,19,Month-to-month,DSL,Yes,No,No,Electronic check,47.65,820.77,1,Yes
CUST-14624,Male,0,2,One year,Fiber optic,No,No,No,Electronic check,84.5,157.02,3,No
CUST-14625,Male,1,16,Month-to-month,Fiber optic,Yes,No,Yes,Credit card,102.78,1644.53,4,No
CUST-14626,Male,0,16,Month-to-month,Fiber optic,Yes,No,Yes,Electronic check,65.28,1095.77,2,No
CUST-14627,Male,0,13,Month-to-month,Fiber optic,No,No,No,Credit card,49.13,620.39,0,No
CUST-14628,Female,1,16,Month-to-month,DSL,Yes,Yes,Yes,Credit card,54.87,794.01,1,No
CUST-14629,Male,0,19,Month-to-month,Fiber optic,No,No,Yes,Mailed check,67.73,1235.31,3,Yes
CUST-14630,Male,0,34,Two year,No,No,No,No,Credit card,28.59,893.31,3,No
CUST-14631,Male,0,14,Month-to-month,Fiber optic,Yes,No,Yes,Bank transfer,111.2,1625.16,4,Yes
CUST-14632,Male,0,58,Month-to-month,No,No,No,Yes,Mailed check,29.16,1558.27,0,No
CUST-14633,Male,0,10,Month-to-month,Fiber optic,No,No,Yes,Electronic check,95.01,871.86,1,Yes
CUST-14634,Male,0,51,Two year,Fiber optic,No,Yes,No,Bank transfer,80.72,3987.62,4,No
CUST-14635,Female,0,30,One year,Fiber optic,No,No,No,Electronic check,91.31,2688.11,1,No
CUST-14636,Female,0,8,One year,DSL,No,No,No,Mailed check,46.44,374.33,1,No
CUST-14637,Male,0,19,Month-to-month,DSL,Yes,No,Yes,Electronic check,48.96,888.56,2,Yes
CUST-14638,Female,0,70,Two year,Fiber optic,No,No,Yes,Bank transfer,87.84,6360.94,4,No
CUST-14639,Female,0,10,Month-to-month,No,Yes,Yes,No,Electronic check,24.49,242.39,2,No
CUST-14640,Female,0,72,One year,Fiber optic,Yes,No,No,Credit card,85.58,5589.53,1,No
CUST-14641,Male,0,34,Two year,DSL,Yes,No,Yes,Mailed check,74.55,2294.34,3,No
CUST-14642,Female,0,30,Month-to-month,DSL,Yes,No,Yes,Bank transfer,39.76,1157.35,4,No
CUST-14643,Male,0,33,Month-to-month,Fiber optic,No,No,Yes,Mailed check,69.56,2217.1,2,Yes
CUST-14644,Male,1,18,Month-to-month,Fiber optic,No,No,Yes,Bank transfer,90.04,1568.67,3,No
CUST-14645,Male,0,11,Month-to-month,DSL,No,No,No,Credit card,59.95,599.18,2,Yes
CUST-14646,Female,0,25,Month-to-month,DSL,No,No,Yes,Mailed check,54.04,1226.61,1,No
CUST-14647,Male,0,31,Month-to-month,Fiber optic,No,No,No,Mailed check,84.22,2373.49,3,No
CUST-14648,Male,0,35,Month-to-month,DSL,No,No,Yes,Bank transfer,60.37,2134.23,3,No
CUST-14649,Male,0,34,One year,Fiber optic,Yes,Yes,Yes,Credit card,86.46,2910.76,2,No
CUST-14650,Male,0,41,Month-to-month,Fiber optic,Yes,Yes,Yes,Electronic check,66.78,2520.33,1,No
CUST-14651,Female,0,72,One year,DSL,Yes,Yes,Yes,Bank transfer,66.08,4589.87,0,No
CUST-14652,Male,1,29,Month-to-month,Fiber optic,Yes,No,No,Electronic check,74.96,2263.93,3,Yes
CUST-14653,Male,0,56,Month-to-month,DSL,No,No,Yes,Credit card,67.4,3435.98,4,No
CUST-14654,Male,0,36,Month-to-month,DSL,No,No,Yes,Credit card,51.94,1736.06,6,No
CUST-14655,Male,0,72,Two year,No,No,Yes,No,Credit card,24.65,1700.9,3,No
CUST-14656,Male,1,26,Month-to-month,Fiber optic,No,No,Yes,Electronic check,84.93,2065.52,4,No
CUST-14657,Female,1,24,One year,DSL,No,No,Yes,Electronic check,77.25,1712.67,0,No
CUST-14658,Male,0,54,Two year,DSL,No,Yes,Yes,Mailed check,55.08,3110.86,0,No
CUST-14659,Male,0,54,One year,DSL,Yes,No,No,Electronic check,50.16,2749.19,2,No
CUST-14660,Female,0,19,Month-to-month,No,No,No,No,Electronic check,18.0,345.21,2,No
CUST-14661,Female,0,35,Month-to-month,Fiber optic,No,No,Yes,Electronic check,86.41,3144.72,5,Yes
CUST-14662,Male,0,41,One year,Fiber optic,Yes,No,No,Electronic check,81.78,3111.76,2,No
CUST-14663,Male,0,40,One year,DSL,No,No,No,Electronic check,41.78,1727.24,1,No
CUST-14664,Male,1,33,One year,No,No,Yes,No,Mailed check,21.1,729.18,1,No
CUST-14665,Female,0,4,One year,No,Yes,Yes,No,Mailed check,28.63,113.13,5,No
CUST-14666,Male,0,40,Month-to-month,DSL,Yes,Yes,Yes,Electronic check,33.84,1401.69,4,No
CUST-14667,Male,0,41,One year,Fiber optic,No,No,Yes,Bank transfer,91.58,3838.84,1,No
CUST-14668,Female,0,34,One year,Fiber optic,No,Yes,No,Bank transfer,80.53,2594.83,0,Yes
CUST-14669,Male,0,18,Two year,Fiber optic,No,No,Yes,Electronic check,105.52,1804.18,2,No
CUST-14670,Male,0,66,One year,Fiber optic,Yes,No,Yes,Electronic check,53.67,3546.87,1,No
CUST-14671,Female,0,11,Month-to-month,DSL,No,Yes,Yes,Credit card,27.33,295.44,2,Yes
CUST-14672,Male,0,54,One year,Fiber optic,No,Yes,Yes,Electronic check,94.95,4910.81,3,No
CUST-14673,Female,0,10,One year,Fiber optic,No,No,Yes,Credit card,71.8,651.25,0,Yes
CUST-14674,Female,0,50,Month-to-month,Fiber optic,Yes,No,Yes,Electronic check,70.92,3203.71,4,Yes
CUST-14675,Male,0,11,Month-to-month,Fiber optic,Yes,No,Yes,Electronic check,77.99,784.73,4,Yes
CUST-14676,Female,0,48,Month-to-month,DSL,No,Yes,Yes,Credit card,56.71,2615.01,3,No
CUST-14677,Female,1,72,Month-to-month,Fiber optic,Yes,Yes,No,Bank transfer,94.56,6155.24,1,No
CUST-14678,Female,1,72,One year,No,No,No,No,Bank transfer,19.69,1307.48,0,No
CUST-14679,Male,0,65,Month-to-month,Fiber optic,Yes,No,No,Bank transfer,86.32,5864.79,0,No
CUST-14680,Male,0,26,One year,No,Yes,No,Yes,Credit card,19.58,492.53,0,No
CUST-14681,Male,0,15,Month-to-month,Fiber optic,No,Yes,No,Electronic check,64.2,1001.56,3,No
CUST-14682,Female,0,23,Two year,Fiber optic,Yes,No,Yes,Electronic check,86.14,1839.51,0,No
CUST-14683,Male,0,52,One year,Fiber optic,Yes,No,Yes,Electronic check,105.22,5218.51,1,No
CUST-14684,Female,0,40,One year,DSL,No,No,Yes,Bank transfer,49.58,1984.53,4,No
CUST-14685,Female,0,72,Month-to-month,No,Yes,Yes,No,Electronic check,32.23,2432.77,2,No
CUST-14686,Female,0,17,Two year,Fiber optic,No,Yes,Yes,Credit card,76.15,1300.98,2,No
CUST-14687,Male,0,72,Month-to-month,No,No,No,Yes,Electronic check,29.19,2175.96,1,No
CUST-14688,Male,0,24,One year,Fiber optic,Yes,No,Yes,Electronic check,78.6,1711.62,1,No
CUST-14689,Female,0,10,Month-to-month,Fiber optic,Yes,No,Yes,Electronic check,93.93,888.15,4,Yes
CUST-14690,Male,0,32,Month-to-month,DSL,Yes,Yes,Yes,Credit card,61.74,2039.63,3,No
CUST-14691,Male,0,39,One year,Fiber optic,No,No,Yes,Bank transfer,73.09,2789.14,5,No
CUST-14692,Female,0,61,Month-to-month,Fiber optic,No,No,Yes,Electronic check,57.16,3227.13,2,No
CUST-14693,Female,0,17,Month-to-month,No,No,Yes,Yes,Bank transfer,37.25,586.09,3,No
CUST-14694,Female,0,32,Month-to-month,No,No,No,No,Mailed check,28.08,910.87,4,No
CUST-14695,Female,1,26,Month-to-month,Fiber optic,No,No,No,Credit card,83.39,2002.79,1,Yes
CUST-14696,Male,0,19,Two year,Fiber optic,No,No,No,Electronic check,82.57,1529.06,1,No
CUST-14697,Male,1,72,One year,DSL,No,No,Yes,Electronic check,52.94,3533.95,1,No
CUST-14698,Male,0,39,Month-to-month,Fiber optic,No,No,Yes,Electronic check,88.13,3200.78,0,Yes
CUST-14699,Male,0,2,One year,No,No,Yes,No,Credit card,29.49,56.59,3,No
CUST-14700,Female,0,32,One year,Fiber optic,No,No,Yes,Credit card,85.79,2519.29,2,Yes
CUST-14701,Male,0,5,One year,Fiber optic,Yes,No,Yes,Electronic check,85.45,426.8,2,No
CUST-14702,Female,0,30,One year,No,No,Yes,Yes,Mailed check,33.05,917.03,0,No
CUST-14703,Female,1,6,Month-to-month,DSL,Yes,No,No,Bank transfer,42.21,256.49,2,Yes
CUST-14704,Female,0,39,Month-to-month,No,No,No,No,Electronic check,18.0,686.69,5,Yes
CUST-14705,Male,0,5,One year,Fiber optic,No,No,Yes,Electronic check,89.85,427.67,2,No
CUST-14706,Male,0,11,One year,DSL,Yes,No,Yes,Electronic check,68.28,745.23,1,No
CUST-14707,Female,0,46,One year,Fiber optic,No,Yes,No,Bank transfer,85.73,3790.52,4,No
CUST-14708,Female,0,26,Month-to-month,DSL,No,Yes,Yes,Credit card,49.13,1165.51,2,Yes
CUST-14709,Male,0,7,Two year,Fiber optic,Yes,Yes,No,Electronic check,89.11,590.34,4,No
CUST-14710,Male,0,71,Month-to-month,DSL,No,No,Yes,Electronic check,57.69,4008.7,2,Yes
CUST-14711,Female,0,18,One year,DSL,Yes,Yes,Yes,Mailed check,79.71,1313.68,1,No
CUST-14712,Female,0,21,Month-to-month,Fiber optic,No,Yes,No,Mailed check,112.75,2390.99,3,No
CUST-14713,Male,0,23,One year,Fiber optic,No,Yes,No,Electronic check,74.11,1625.21,2,No
CUST-14714,Male,0,42,Two year,DSL,No,Yes,No,Electronic check,42.27,1652.4,1,No
CUST-14715,Female,0,20,Month-to-month,No,No,No,Yes,Electronic check,28.56,514.79,4,Yes
CUST-14716,Female,0,23,One year,DSL,No,No,No,Electronic check,66.12,1388.14,1,No
CUST-14717,Female,0,57,One year,Fiber optic,Yes,No,No,Credit card,98.97,5278.19,0,No
CUST-14718,Male,0,52,Month-to-month,Fiber optic,Yes,No,Yes,Mailed check,87.03,4322.24,0,No
CUST-14719,Male,0,22,Month-to-month,DSL,No,Yes,No,Credit card,43.67,886.84,3,No
CUST-14720,Female,0,23,One year,No,No,No,No,Credit card,19.2,433.54,0,No
CUST-14721,Female,0,1,Month-to-month,Fiber optic,No,Yes,No,Mailed check,92.78,86.2,5,No
CUST-14722,Female,0,30,Month-to-month,DSL,No,Yes,Yes,Credit card,55.5,1736.87,1,No
CUST-14723,Male,0,47,Two year,Fiber optic,Yes,No,No,Electronic check,87.6,4054.4,0,No
CUST-14724,Male,0,19,One year,Fiber optic,Yes,Yes,No,Bank transfer,70.07,1357.36,0,Yes
CUST-14725,Male,0,64,One year,DSL,Yes,No,Yes,Credit card,27.25,1679.79,1,No
CUST-14726,Male,0,5,One year,DSL,No,No,No,Bank transfer,86.26,401.44,4,No
CUST-14727,Female,0,12,Month-to-month,Fiber optic,No,No,Yes,Mailed check,113.11,1313.11,1,Yes
CUST-14728,Male,0,60,One year,Fiber optic,No,Yes,No,Bank transfer,90.36,5214.91,3,No
CUST-14729,Female,1,46,Month-to-month,DSL,Yes,No,Yes,Electronic check,45.55,2081.77,2,No
CUST-14730,Female,0,4,Month-to-month,Fiber optic,No,No,Yes,Electronic check,89.83,372.45,3,No
CUST-14731,Female,0,5,One year,DSL,Yes,No,No,Electronic check,56.86,265.97,0,Yes
CUST-14732,Female,0,40,Two year,DSL,No,Yes,No,Electronic check,31.1,1137.61,0,No
CUST-14733,Male,0,34,Month-to-month,Fiber optic,Yes,No,No,Bank transfer,102.92,3524.65,2,No
CUST-14734,Female,0,21,Two year,DSL,Yes,No,Yes,Bank transfer,67.27,1271.44,1,No
CUST-14735,Male,0,62,One year,DSL,Yes,Yes,No,Credit card,60.38,3815.5,1,No
CUST-14736,Male,0,15,Month-to-month,DSL,Yes,Yes,No,Bank transfer,58.06,878.88,2,Yes
CUST-14737,Male,0,2,Month-to-month,Fiber optic,Yes,No,Yes,Credit card,68.38,140.03,2,No
CUST-14738,Male,0,42,Month-to-month,Fiber optic,No,No,Yes,Electronic check,51.8,1987.66,6,Yes
CUST-14739,Female,1,48,One year,Fiber optic,No,No,No,Electronic check,86.25,3852.32,1,No
CUST-14740,Male,0,15,Month-to-month,Fiber optic,No,No,Yes,Mailed check,81.88,1206.98,6,Yes
CUST-14741,Male,0,9,Month-to-month,Fiber optic,No,Yes,Yes,Electronic check,92.79,792.59,1,No
CUST-14742,Male,0,2,Month-to-month,DSL,No,Yes,No,Bank transfer,51.29,105.33,4,No
CUST-14743,Male,0,25,Two year,DSL,No,No,Yes,Mailed check,77.37,1873.79,1,Yes
CUST-14744,Female,0,33,Month-to-month,DSL,Yes,No,No,Credit card,67.28,2141.37,4,Yes
CUST-14745,Male,1,51,Month-to-month,No,No,No,Yes,Electronic check,18.99,898.6,1,Yes
CUST-14746,Female,1,34,Month-to-month,DSL,Yes,No,No,Credit card,42.03,1406.73,1,No
CUST-14747,Male,0,16,Month-to-month,DSL,No,No,Yes,Bank transfer,59.08,899.79,1,No
CUST-14748,Female,0,30,Month-to-month,Fiber optic,Yes,No,Yes,Credit card,92.76,2692.69,3,Yes
CUST-14749,Male,0,53,One year,Fiber optic,Yes,No,Yes,Mailed check,100.33,5002.3,1,No
CUST-14750,Male,0,33,One year,No,Yes,No,No,Mailed check,29.13,952.92,2,No
CUST-14751,Male,0,48,Month-to-month,Fiber optic,No,Yes,Yes,Bank transfer,86.94,4280.28,3,Yes
CUST-14752,Female,1,9,Two year,DSL,No,Yes,No,Credit card,50.92,413.9,1,No
CUST-14753,Female,0,41,Month-to-month,Fiber optic,No,No,Yes,Electronic check,98.38,3769.88,1,Yes
CUST-14754,Male,0,34,Two year,Fiber optic,No,Yes,No,Bank transfer,62.48,2127.8,2,No
CUST-14755,Female,0,19,Month-to-month,No,No,No,Yes,Electronic check,38.69,739.59,1,No
CUST-14756,Female,0,53,Two year,Fiber optic,No,No,Yes,Mailed check,80.81,4043.75,5,No
CUST-14757,Male,1,72,Two year,Fiber optic,No,Yes,No,Bank transfer,65.01,4413.45,1,No
CUST-14758,Male,0,4,Two year,DSL,No,No,Yes,Electronic check,47.42,191.96,1,No
CUST-14759,Female,0,20,Month-to-month,No,No,Yes,Yes,Electronic check,19.84,390.36,1,No
CUST-14760,Female,1,24,Month-to-month,Fiber optic,Yes,Yes,No,Electronic check,86.31,1985.07,3,Yes
CUST-14761,Female,0,25,Two year,DSL,No,No,Yes,Electronic check,60.91,1383.03,0,No
CUST-14762,Male,0,15,Month-to-month,Fiber optic,No,No,Yes,Electronic check,101.04,1512.5,2,Yes
CUST-14763,Male,0,5,Month-to-month,Fiber optic,No,Yes,No,Electronic check,93.6,441.74,1,No
CUST-14764,Male,0,21,Month-to-month,DSL,Yes,Yes,Yes,Mailed check,59.82,1239.24,1,No
CUST-14765,Male,0,24,Month-to-month,Fiber optic,No,No,Yes,Mailed check,80.0,1936.07,0,No
CUST-14766,Female,0,20,Month-to-month,Fiber optic,No,No,Yes,Electronic check,84.29,1634.3,1,No
CUST-14767,Male,0,25,Month-to-month,DSL,No,No,Yes,Electronic check,65.89,1545.15,3,No
CUST-14768,Male,1,30,One year,No,Yes,Yes,No,Electronic check,25.01,699.4,1,Yes
CUST-14769,Male,0,22,Month-to-month,No,No,No,Yes,Electronic check,18.0,398.27,3,Yes
CUST-14770,Male,1,15,Month-to-month,DSL,Yes,No,No,Electronic check,35.52,550.82,1,Yes
CUST-14771,Female,1,25,Month-to-month,Fiber optic,Yes,Yes,Yes,Electronic check,68.91,1803.61,3,Yes
CUST-14772,Male,0,32,Two year,No,No,Yes,Yes,Electronic check,18.95,618.88,0,No
CUST-14773,Female,0,26,One year,Fiber optic,Yes,Yes,Yes,Bank transfer,88.45,2277.51,0,No
CUST-14774,Male,0,72,One year,No,Yes,No,Yes,Electronic check,29.95,2220.54,1,No
CUST-14775,Male,0,34,One year,DSL,No,No,Yes,Mailed check,61.06,1989.94,0,No
CUST-14776,Male,0,25,One year,Fiber optic,No,Yes,Yes,Credit card,90.54,2336.8,0,No
CUST-14777,Female,0,13,Month-to-month,Fiber optic,No,Yes,Yes,Electronic check,99.07,1242.25,4,No
CUST-14778,Male,0,13,One year,DSL,Yes,No,Yes,Electronic check,39.36,506.2,1,No
CUST-14779,Male,0,20,Month-to-month,Fiber optic,Yes,No,Yes,Bank transfer,53.03,981.65,5,No
CUST-14780,Female,0,20,One year,DSL,Yes,No,No,Electronic check,40.86,796.48,5,No
CUST-14781,Female,0,20,Month-to-month,DSL,Yes,Yes,No,Mailed check,50.6,962.62,4,No
CUST-14782,Male,0,35,Two year,DSL,No,No,Yes,Bank transfer,66.51,2223.03,3,No
CUST-14783,Female,0,52,Month-to-month,DSL,No,Yes,No,Credit card,50.52,2600.0,1,Yes
CUST-14784,Female,1,42,Month-to-month,DSL,Yes,Yes,Yes,Credit card,55.95,2425.83,5,No
CUST-14785,Male,1,38,One year,Fiber optic,No,No,Yes,Electronic check,66.93,2604.13,1,No
CUST-14786,Female,0,12,Month-to-month,DSL,No,Yes,No,Credit card,55.79,637.59,2,No
CUST-14787,Male,0,58,Month-to-month,DSL,Yes,No,Yes,Electronic check,56.38,3303.03,4,No
CUST-14788,Male,0,13,Two year,DSL,Yes,Yes,Yes,Mailed check,57.57,735.01,0,No
CUST-14789,Female,0,31,One year,No,No,No,Yes,Mailed check,18.0,531.35,1,No
CUST-14790,Male,0,37,One year,DSL,Yes,Yes,Yes,Electronic check,44.25,1696.69,2,Yes
CUST-14791,Female,0,59,Month-to-month,Fiber optic,No,No,No,Electronic check,112.07,6110.63,4,Yes
CUST-14792,Female,0,72,Month-to-month,DSL,No,Yes,No,Credit card,66.98,4922.56,3,No
CUST-14793,Male,0,19,Month-to-month,DSL,Yes,No,Yes,Electronic check,67.53,1195.53,1,No
CUST-14794,Male,0,29,One year,Fiber optic,Yes,No,Yes,Bank transfer,74.43,2231.63,0,No
CUST-14795,Male,1,55,One year,Fiber optic,No,No,Yes,Credit card,77.16,4278.61,2,No
CUST-14796,Female,0,72,Month-to-month,Fiber optic,No,No,No,Electronic check,118.83,8296.58,2,No
CUST-14797,Male,0,21,Month-to-month,Fiber optic,No,No,No,Electronic check,83.98,1607.58,2,No
CUST-14798,Male,1,12,Month-to-month,DSL,Yes,Yes,Yes,Electronic check,52.02,578.64,4,No
CUST-14799,Female,0,7,Month-to-month,DSL,No,Yes,Yes,Electronic check,32.23,208.64,1,No
CUST-14800,Female,0,4,Month-to-month,No,No,No,Yes,Electronic check,27.71,112.42,3,No
CUST-14801,Female,0,14,Month-to-month,DSL,No,No,No,Mailed check,70.65,982.49,1,No
CUST-14802,Male,1,48,Month-to-month,Fiber optic,No,Yes,No,Bank transfer,75.8,3393.49,2,No
CUST-14803,Female,0,50,Month-to-month,Fiber optic,No,Yes,Yes,Bank transfer,119.75,5719.11,4,No
CUST-14804,Female,0,34,Month-to-month,DSL,No,No,Yes,Electronic check,42.93,1381.39,6,Yes
CUST-14805,Female,0,20,Month-to-month,DSL,Yes,Yes,Yes,Bank transfer,55.53,1108.26,3,No
CUST-14806,Male,0,35,Two year,Fiber optic,No,Yes,Yes,Bank transfer,63.73,2117.92,0,Yes
CUST-14807,Female,0,27,Month-to-month,Fiber optic,No,No,Yes,Bank transfer,80.12,2196.36,1,No
CUST-14808,Male,0,21,Month-to-month,No,No,No,No,Mailed check,23.57,497.07,0,No
CUST-14809,Female,0,32,Month-to-month,DSL,No,Yes,Yes,Mailed check,87.43,2619.75,3,Yes
CUST-14810,Male,0,19,Month-to-month,No,No,No,Yes,Credit card,18.0,324.41,0,No
CUST-14811,Male,0,32,Month-to-month,DSL,Yes,Yes,No,Electronic check,53.67,1687.33,3,Yes
CUST-14812,Female,0,36,Month-to-month,DSL,Yes,Yes,Yes,Electronic check,53.53,1996.78,4,No
CUST-14813,Female,0,43,Month-to-month,Fiber optic,Yes,No,No,Electronic check,90.98,3586.26,1,No
CUST-14814,Female,0,5,Two year,No,No,No,Yes,Mailed check,19.49,92.92,3,No
CUST-14815,Male,0,58,Two year,Fiber optic,Yes,No,Yes,Bank transfer,98.07,5630.25,2,No
CUST-14816,Female,1,24,Month-to-month,Fiber optic,No,Yes,Yes,Mailed check,81.58,1857.55,0,No
CUST-14817,Male,1,72,Month-to-month,Fiber optic,No,Yes,No,Electronic check,100.05,6796.01,1,No
CUST-14818,Female,0,48,Two year,No,No,No,Yes,Credit card,20.25,937.73,3,No
CUST-14819,Female,0,13,Month-to-month,No,No,Yes,No,Mailed check,39.44,476.25,0,No
CUST-14820,Female,0,39,Two year,Fiber optic,No,Yes,Yes,Electronic check,55.44,2141.49,3,Yes
CUST-14821,Female,0,55,One year,Fiber optic,No,Yes,No,Bank transfer,73.8,4188.13,5,Yes
CUST-14822,Female,0,22,Month-to-month,Fiber optic,Yes,Yes,Yes,Electronic check,119.74,2730.66,5,No
CUST-14823,Female,1,12,Month-to-month,No,No,No,Yes,Credit card,18.11,211.01,3,No
CUST-14824,Male,0,10,Month-to-month,Fiber optic,Yes,Yes,Yes,Bank transfer,94.17,888.98,1,Yes
CUST-14825,Male,0,7,Two year,DSL,Yes,Yes,Yes,Electronic check,58.05,389.03,3,Yes
CUST-14826,Male,1,3,Month-to-month,No,Yes,Yes,Yes,Electronic check,26.46,74.17,2,Yes
CUST-14827,Female,0,24,One year,Fiber optic,Yes,No,Yes,Electronic check,81.03,1924.96,2,No
CUST-14828,Female,0,10,Month-to-month,Fiber optic,No,Yes,Yes,Mailed check,83.99,772.91,1,No
CUST-14829,Male,0,15,Two year,Fiber optic,No,Yes,No,Mailed check,113.72,1616.59,0,No
CUST-14830,Male,0,72,One year,DSL,No,Yes,No,Electronic check,62.15,4141.61,4,No
CUST-14831,Male,1,36,Month-to-month,Fiber optic,No,Yes,Yes,Bank transfer,86.63,2902.97,4,Yes
CUST-14832,Male,0,12,Month-to-month,DSL,No,No,Yes,Electronic check,60.47,726.12,3,No
CUST-14833,Male,0,72,Month-to-month,No,No,Yes,Yes,Electronic check,18.0,1359.39,3,No
CUST-14834,Female,0,32,Two year,Fiber optic,No,No,No,Electronic check,65.22,2089.72,1,No
CUST-14835,Female,1,72,One year,No,No,No,Yes,Electronic check,22.28,1502.47,0,No
CUST-14836,Male,0,72,Month-to-month,DSL,No,No,Yes,Credit card,70.35,4868.28,0,No
CUST-14837,Male,0,33,Two year,No,Yes,No,Yes,Mailed check,19.35,634.82,3,No
CUST-14838,Female,0,24,Month-to-month,Fiber optic,Yes,No,Yes,Credit card,65.32,1614.84,4,No
CUST-14839,Female,1,47,Month-to-month,Fiber optic,No,No,Yes,Bank transfer,53.58,2536.08,3,No
CUST-14840,Female,0,31,Two year,No,Yes,Yes,Yes,Electronic check,21.62,617.79,3,No
CUST-14841,Male,0,18,Month-to-month,Fiber optic,Yes,Yes,No,Electronic check,77.18,1376.11,0,No
CUST-14842,Male,1,17,Two year,No,Yes,Yes,No,Mailed check,31.5,497.78,2,No
CUST-14843,Male,0,53,Month-to-month,Fiber optic,Yes,No,No,Electronic check,81.04,4106.96,2,No
CUST-14844,Female,0,12,One year,DSL,Yes,Yes,Yes,Bank transfer,67.47,845.89,2,No
CUST-14845,Female,0,52,Month-to-month,Fiber optic,Yes,No,No,Credit card,76.12,4091.87,4,No
CUST-14846,Female,0,27,Month-to-month,No,No,Yes,Yes,Electronic check,28.04,710.44,2,No
CUST-14847,Male,0,6,Month-to-month,Fiber optic,No,Yes,Yes,Credit card,93.66,567.15,4,No
CUST-14848,Male,0,55,One year,Fiber optic,Yes,No,No,Credit card,80.86,4222.6,3,No
CUST-14849,Female,0,12,Month-to-month,DSL,Yes,No,Yes,Electronic check,57.11,617.64,3,Yes
CUST-14850,Female,0,14,Month-to-month,Fiber optic,No,No,Yes,Mailed check,94.11,1353.84,3,No
CUST-14851,Female,0,22,Month-to-month,No,No,No,No,Electronic check,20.63,464.39,2,No
CUST-14852,Male,1,25,Month-to-month,No,No,Yes,Yes,Electronic check,23.63,557.63,0,No
CUST-14853,Male,0,33,One year,DSL,No,No,Yes,Electronic check,44.88,1504.53,3,No
CUST-14854,Male,0,53,One year,DSL,Yes,No,Yes,Electronic check,72.63,3482.71,3,No
CUST-14855,Female,0,52,One year,DSL,Yes,Yes,No,Credit card,39.23,2001.24,1,No
CUST-14856,Female,0,17,Month-to-month,DSL,No,No,Yes,Credit card,45.14,803.56,2,No
CUST-14857,Female,0,17,Month-to-month,No,No,Yes,Yes,Electronic check,18.0,311.59,4,No
CUST-14858,Male,0,49,Month-to-month,Fiber optic,No,No,Yes,Electronic check,117.46,5677.06,5,Yes
CUST-14859,Female,0,11,Month-to-month,DSL,Yes,No,Yes,Bank transfer,64.2,674.35,0,No
CUST-14860,Male,0,27,Two year,Fiber optic,Yes,No,Yes,Bank transfer,82.5,2250.53,4,No
CUST-14861,Female,0,68,Month-to-month,Fiber optic,No,No,No,Electronic check,84.7,6026.67,3,No
CUST-14862,Female,1,19,Two year,Fiber optic,No,Yes,No,Credit card,87.14,1537.8,5,No
CUST-14863,Female,0,7,Month-to-month,No,Yes,No,No,Bank transfer,40.78,259.04,3,No
CUST-14864,Female,0,12,One year,Fiber optic,Yes,No,Yes,Electronic check,70.12,804.92,1,No
CUST-14865,Female,0,13,One year,DSL,No,Yes,No,Mailed check,55.7,707.79,1,No
CUST-14866,Male,0,12,One year,No,Yes,No,No,Electronic check,18.0,202.35,3,No
CUST-14867,Male,0,22,One year,DSL,No,No,Yes,Electronic check,36.36,794.01,3,No
CUST-14868,Female,1,72,Month-to-month,No,Yes,No,Yes,Mailed check,32.2,2193.24,1,No
CUST-14869,Female,1,38,One year,Fiber optic,Yes,No,Yes,Electronic check,87.35,3476.4,1,No
CUST-14870,Male,0,23,Month-to-month,No,No,No,Yes,Credit card,18.0,389.08,1,Yes
CUST-14871,Female,1,25,Month-to-month,DSL,No,No,Yes,Mailed check,48.95,1248.72,8,Yes
CUST-14872,Male,0,15,Month-to-month,Fiber optic,No,Yes,No,Credit card,79.02,1238.22,1,Yes
CUST-14873,Female,0,25,Month-to-month,No,No,Yes,Yes,Mailed check,35.75,871.44,1,Yes
CUST-14874,Male,0,66,Two year,No,Yes,No,No,Bank transfer,20.69,1270.01,1,Yes
CUST-14875,Female,0,28,Month-to-month,No,No,Yes,No,Bank transfer,19.36,560.27,1,No
CUST-14876,Male,0,52,Month-to-month,DSL,Yes,No,Yes,Electronic check,31.49,1572.54,5,Yes
CUST-14877,Male,1,47,Month-to-month,Fiber optic,Yes,Yes,Yes,Electronic check,95.37,4399.9,5,No
CUST-14878,Female,0,72,One year,Fiber optic,Yes,Yes,No,Electronic check,105.65,6902.14,0,No
CUST-14879,Female,0,47,One year,DSL,Yes,No,Yes,Bank transfer,52.93,2369.03,0,No
CUST-14880,Male,0,72,Two year,Fiber optic,Yes,Yes,Yes,Credit card,77.26,5470.32,4,No
CUST-14881,Female,0,55,One year,Fiber optic,No,No,Yes,Electronic check,101.25,5591.0,1,No
CUST-14882,Male,1,33,Month-to-month,Fiber optic,Yes,No,No,Electronic check,102.27,3518.88,1,No
CUST-14883,Male,0,14,Month-to-month,DSL,No,No,Yes,Credit card,53.25,736.14,2,No
CUST-14884,Male,0,52,Month-to-month,No,Yes,Yes,No,Mailed check,37.42,1830.4,0,No
CUST-14885,Male,0,55,One year,No,No,No,No,Electronic check,21.92,1185.78,2,No
CUST-14886,Female,0,56,Two year,Fiber optic,No,No,Yes,Electronic check,90.59,4619.49,0,No
CUST-14887,Female,0,1,Month-to-month,No,Yes,No,Yes,Electronic check,21.41,19.74,2,Yes
CUST-14888,Male,0,18,Month-to-month,No,No,Yes,Yes,Electronic check,24.0,411.64,0,No
CUST-14889,Male,0,38,One year,DSL,No,Yes,Yes,Bank transfer,56.9,1953.19,2,No
CUST-14890,Female,0,20,One year,Fiber optic,No,No,Yes,Electronic check,55.08,1003.97,0,No
CUST-14891,Female,0,17,One year,No,No,Yes,Yes,Bank transfer,29.73,455.36,2,No
CUST-14892,Male,0,15,Month-to-month,Fiber optic,Yes,No,Yes,Bank transfer,62.98,875.96,2,No
CUST-14893,Male,0,6,Month-to-month,DSL,No,No,Yes,Electronic check,59.04,362.68,3,Yes
CUST-14894,Male,1,36,Month-to-month,Fiber optic,No,No,Yes,Credit card,73.32,2514.77,3,Yes
CUST-14895,Male,1,16,Month-to-month,Fiber optic,No,No,Yes,Credit card,58.22,964.5,5,Yes
CUST-14896,Female,0,19,One year,Fiber optic,No,No,No,Credit card,97.98,1922.67,1,Yes
CUST-14897,Female,0,23,Month-to-month,DSL,No,Yes,Yes,Electronic check,63.31,1499.18,2,Yes
CUST-14898,Female,1,41,Month-to-month,DSL,No,No,No,Bank transfer,30.53,1166.26,3,Yes
CUST-14899,Female,0,33,Two year,No,Yes,No,Yes,Mailed check,18.0,565.11,2,No
CUST-14900,Male,0,31,Month-to-month,Fiber optic,No,No,Yes,Electronic check,102.24,3075.03,5,Yes
CUST-14901,Female,0,2,Month-to-month,No,No,Yes,Yes,Mailed check,23.36,45.07,4,No
CUST-14902,Female,0,53,Two year,Fiber optic,Yes,Yes,No,Bank transfer,75.8,3663.99,1,No
CUST-14903,Female,0,72,Month-to-month,No,No,No,No,Electronic check,20.77,1399.8,5,No
CUST-14904,Male,0,31,One year,DSL,Yes,No,Yes,Mailed check,62.33,1918.84,0,No
CUST-14905,Female,0,10,Month-to-month,No,No,No,Yes,Credit card,19.94,199.68,3,Yes
CUST-14906,Male,1,17,Two year,No,Yes,Yes,Yes,Bank transfer,18.61,302.01,1,No
CUST-14907,Female,0,11,Month-to-month,Fiber optic,Yes,Yes,No,Credit card,74.45,773.56,3,No
CUST-14908,Female,0,72,Month-to-month,DSL,No,Yes,No,Electronic check,53.02,3771.38,3,No
CUST-14909,Female,0,19,Two year,No,No,Yes,Yes,Bank transfer,22.56,428.48,2,No
CUST-14910,Female,0,32,One year,Fiber optic,No,Yes,Yes,Bank transfer,71.59,2306.18,1,No
CUST-14911,Female,0,23,Month-to-month,Fiber optic,No,No,Yes,Electronic check,70.16,1648.58,2,Yes
CUST-14912,Male,0,39,Month-to-month,Fiber optic,No,No,No,Electronic check,106.88,4116.49,1,No
CUST-14913,Female,0,13,Month-to-month,No,Yes,Yes,Yes,Electronic check,26.77,332.98,4,Yes
CUST-14914,Female,0,31,Month-to-month,Fiber optic,Yes,Yes,Yes,Mailed check,68.2,2013.16,2,Yes
CUST-14915,Male,0,19,Month-to-month,Fiber optic,No,Yes,Yes,Electronic check,99.29,1707.58,4,Yes
CUST-14916,Male,0,57,Month-to-month,Fiber optic,No,No,No,Electronic check,76.39,4190.83,0,No
CUST-14917,Male,1,2,Two year,DSL,No,Yes,Yes,Credit card,49.42,101.84,1,No
CUST-14918,Female,0,21,One year,No,No,No,Yes,Credit card,20.54,428.91,1,No
CUST-14919,Female,0,54,Two year,No,No,No,Yes,Bank transfer,25.41,1356.91,1,No
CUST-14920,Female,0,49,Month-to-month,Fiber optic,Yes,No,No,Mailed check,88.3,4039.26,1,No
CUST-14921,Female,0,6,Month-to-month,DSL,Yes,Yes,Yes,Mailed check,64.6,383.52,0,No
CUST-14922,Female,0,46,One year,DSL,No,No,No,Mailed check,24.47,1043.42,1,No
CUST-14923,Female,0,12,Month-to-month,DSL,Yes,Yes,No,Bank transfer,59.59,680.17,2,No
CUST-14924,Male,0,15,Month-to-month,No,No,No,Yes,Bank transfer,24.6,364.42,0,Yes
CUST-14925,Male,0,52,Two year,Fiber optic,No,No,No,Electronic check,103.68,4888.72,1,No
CUST-14926,Male,1,20,One year,Fiber optic,Yes,No,Yes,Electronic check,99.68,1887.37,4,Yes
CUST-14927,Female,0,6,Month-to-month,DSL,Yes,No,No,Bank transfer,53.37,292.44,3,Yes
CUST-14928,Male,0,9,Month-to-month,DSL,Yes,No,Yes,Bank transfer,70.08,583.15,5,Yes
CUST-14929,Male,1,27,Month-to-month,Fiber optic,No,No,Yes,Credit card,77.87,2003.3,1,Yes
CUST-14930,Male,0,20,One year,DSL,No,No,Yes,Electronic check,54.55,1095.29,0,No
CUST-14931,Female,0,19,Month-to-month,DSL,Yes,Yes,Yes,Bank transfer,68.18,1217.88,3,No
CUST-14932,Female,0,39,Two year,No,Yes,Yes,Yes,Bank transfer,30.24,1065.05,0,No
CUST-14933,Female,0,34,Month-to-month,Fiber optic,No,Yes,No,Bank transfer,89.42,2918.4,1,Yes
CUST-14934,Male,0,21,Month-to-month,No,No,Yes,Yes,Bank transfer,18.0,352.73,1,No
CUST-14935,Female,0,50,One year,DSL,No,Yes,No,Credit card,54.19,2754.86,1,No
CUST-14936,Female,0,39,Two year,DSL,No,Yes,Yes,Credit card,68.92,2750.6,2,No
CUST-14937,Female,0,32,Two year,No,No,Yes,Yes,Credit card,36.69,1174.96,0,No
CUST-14938,Male,0,17,Month-to-month,No,No,No,Yes,Mailed check,18.0,303.54,2,No
CUST-14939,Male,1,56,Month-to-month,Fiber optic,Yes,No,No,Electronic check,93.48,5285.36,3,Yes
CUST-14940,Female,1,19,One year,Fiber optic,No,No,Yes,Mailed check,86.72,1575.9,1,No
CUST-14941,Male,0,21,Two year,DSL,No,Yes,Yes,Mailed check,72.8,1525.34,2,No
CUST-14942,Female,0,72,Two year,Fiber optic,Yes,Yes,No,Credit card,84.29,5843.86,0,No
CUST-14943,Female,0,12,Month-to-month,DSL,No,No,Yes,Bank transfer,52.14,603.42,4,Yes
CUST-14944,Male,0,12,One year,DSL,No,No,No,Credit card,73.7,900.54,2,No
CUST-14945,Female,0,21,Month-to-month,Fiber optic,No,Yes,No,Bank transfer,99.73,2133.32,1,No
CUST-14946,Male,0,10,Month-to-month,DSL,No,Yes,Yes,Bank transfer,61.17,587.3,2,No
CUST-14947,Female,0,10,Month-to-month,DSL,No,No,Yes,Credit card,37.95,394.93,3,No
CUST-14948,Male,0,72,Month-to-month,DSL,No,No,Yes,Electronic check,71.78,5071.18,5,No
CUST-14949,Male,0,21,Month-to-month,DSL,No,No,No,Credit card,53.54,1094.09,2,No
CUST-14950,Male,0,33,Month-to-month,No,No,Yes,No,Credit card,22.96,738.92,3,No
CUST-14951,Male,0,7,One year,No,Yes,Yes,Yes,Credit card,28.84,205.27,0,No
CUST-14952,Female,0,11,One year,DSL,No,Yes,Yes,Electronic check,75.28,865.45,2,No
CUST-14953,Male,0,72,Month-to-month,DSL,No,No,Yes,Credit card,47.97,3465.66,1,No
CUST-14954,Male,1,10,One year,No,No,Yes,Yes,Electronic check,23.07,219.41,4,No
CUST-14955,Male,0,34,Month-to-month,DSL,No,Yes,Yes,Electronic check,49.8,1655.24,4,No
CUST-14956,Male,0,1,Month-to-month,Fiber optic,Yes,No,No,Electronic check,75.51,71.44,6,No
CUST-14957,Male,0,6,Two year,DSL,No,Yes,Yes,Electronic check,56.82,340.27,0,No
CUST-14958,Female,0,21,Month-to-month,Fiber optic,Yes,Yes,Yes,Electronic check,73.18,1613.51,3,Yes
CUST-14959,Female,0,49,Month-to-month,DSL,No,No,Yes,Credit card,57.82,2917.3,3,Yes
CUST-14960,Male,0,26,One year,Fiber optic,Yes,No,No,Bank transfer,104.56,2639.44,0,No
CUST-14961,Female,0,22,Month-to-month,Fiber optic,No,No,Yes,Bank transfer,115.96,2427.01,1,No
CUST-14962,Female,0,41,Month-to-month,DSL,No,Yes,No,Credit card,79.87,3169.43,4,No
CUST-14963,Male,1,31,One year,Fiber optic,No,No,No,Credit card,100.29,2945.54,3,Yes
CUST-14964,Female,1,5,One year,Fiber optic,No,No,No,Credit card,90.82,476.22,0,Yes
CUST-14965,Male,0,25,Month-to-month,No,Yes,No,Yes,Credit card,22.69,527.66,4,No
CUST-14966,Male,0,18,Two year,Fiber optic,No,Yes,No,Credit card,73.13,1344.64,2,No
CUST-14967,Male,0,22,Month-to-month,DSL,No,No,Yes,Electronic check,34.99,740.75,1,No
CUST-14968,Male,0,17,Month-to-month,Fiber optic,Yes,No,Yes,Bank transfer,89.85,1524.08,3,No
CUST-14969,Female,0,25,Month-to-month,DSL,Yes,No,No,Mailed check,68.94,1789.82,2,No
CUST-14970,Female,0,35,Month-to-month,No,No,No,No,Electronic check,24.03,831.79,2,Yes
CUST-14971,Male,0,8,Two year,No,Yes,Yes,Yes,Electronic check,28.75,228.26,1,No
CUST-14972,Female,0,14,One year,DSL,Yes,No,No,Mailed check,59.63,755.89,2,No
CUST-14973,Female,0,40,Month-to-month,Fiber optic,No,Yes,No,Credit card,73.49,2702.62,0,No
CUST-14974,Female,0,44,Month-to-month,Fiber optic,Yes,Yes,No,Mailed check,69.87,3016.03,3,No
CUST-14975,Female,0,67,Month-to-month,DSL,No,No,No,Bank transfer,39.65,2538.52,3,No
CUST-14976,Female,0,27,One year,Fiber optic,Yes,No,Yes,Electronic check,69.93,1871.76,3,No
CUST-14977,Male,0,14,Month-to-month,Fiber optic,Yes,No,Yes,Electronic check,99.87,1338.91,2,Yes
CUST-14978,Female,0,14,Two year,Fiber optic,No,No,Yes,Credit card,126.04,1634.39,1,No
CUST-14979,Female,1,26,Month-to-month,Fiber optic,No,No,Yes,Electronic check,95.13,2521.68,2,Yes
CUST-14980,Female,0,11,Month-to-month,Fiber optic,Yes,No,Yes,Bank transfer,102.76,1160.62,1,No
CUST-14981,Female,1,63,Two year,Fiber optic,No,No,No,Electronic check,101.02,6651.98,0,No
CUST-14982,Male,0,17,Two year,Fiber optic,No,No,Yes,Electronic check,76.64,1211.88,1,No
CUST-14983,Male,0,58,Month-to-month,Fiber optic,No,Yes,No,Mailed check,89.35,4906.34,2,No
CUST-14984,Male,0,10,Month-to-month,Fiber optic,Yes,No,Yes,Bank transfer,70.65,665.64,6,Yes
CUST-14985,Male,0,22,Two year,Fiber optic,No,No,No,Electronic check,104.35,2386.39,0,No
CUST-14986,Female,0,19,One year,DSL,No,No,Yes,Credit card,54.06,1016.49,3,Yes
CUST-14987,Female,0,7,One year,Fiber optic,Yes,No,No,Electronic check,95.51,694.25,0,Yes
CUST-14988,Female,0,20,One year,Fiber optic,No,Yes,Yes,Bank transfer,101.98,2107.94,1,Yes
CUST-14989,Female,0,30,Two year,DSL,No,No,Yes,Bank transfer,46.52,1307.32,0,No
CUST-14990,Female,1,2,Month-to-month,DSL,No,No,Yes,Mailed check,61.71,119.0,1,Yes
CUST-14991,Female,1,37,Month-to-month,Fiber optic,Yes,Yes,No,Mailed check,82.45,2935.02,2,No
CUST-14992,Female,0,32,Month-to-month,DSL,No,No,Yes,Electronic check,56.61,1762.6,1,No
CUST-14993,Female,0,25,One year,Fiber optic,No,No,Yes,Mailed check,87.35,2292.08,1,No
CUST-14994,Female,1,43,Month-to-month,Fiber optic,No,Yes,No,Electronic check,71.25,2837.05,2,No
CUST-14995,Male,0,45,Month-to-month,Fiber optic,No,No,No,Electronic check,72.33,3306.57,3,No
CUST-14996,Female,0,72,One year,No,No,Yes,No,Electronic check,24.19,1626.68,2,No
CUST-14997,Female,0,6,Month-to-month,No,No,No,No,Bank transfer,22.44,136.13,1,No
CUST-14998,Female,0,70,Two year,No,No,No,Yes,Credit card,23.29,1516.73,1,No
CUST-14999,Male,0,51,Month-to-month,No,Yes,Yes,No,Electronic check,18.0,898.78,1,No
